left_elbow_angle,right_elbow_angle,left_knee_angle,right_knee_angle,left_shoulder_angle,right_shoulder_angle,correct_posture
170.62596206950585,170.75490474447332,178.40780770307373,179.8027177464857,90.0621321016721,94.24495395391162,1
168.69663265651147,170.4981964819379,177.74733326914077,179.26128080973322,88.65995299354721,92.55339197936253,1
171.555354692776,175.26817846982894,185.6257665628843,181.55582378162447,91.96230639933188,90.93608929542431,1
171.2539554459655,173.01944581804645,181.3005280989938,180.59032535762006,93.99880112368706,91.23827701417936,1
170.4921781214045,167.96133839538103,175.82684551822183,179.4025359433958,91.51747931779411,91.69587877925717,1
169.4570582179812,172.76418903908075,178.23271790267012,185.3384984125284,83.7546346279884,90.06596468036686,1
169.46821256594865,169.62099355159762,187.04967073441708,177.2075609526337,95.13182397536421,87.20254423478703,1
171.32172559608873,168.616611378612,183.35812819988297,179.84693232169204,89.64734056963866,91.24833996273819,1
166.61042175161865,171.59240793479526,176.46354743686518,178.68237889834097,89.41049746476335,92.48064241982979,1
169.97478164708215,169.56963764945473,177.76314394214066,180.873984767977,89.07829397327156,90.31459912220231,1
174.35817613654018,170.88016644404473,177.02472432497188,178.64131689065152,89.59461635501802,91.00426894393308,1
169.31088794857175,165.43372859986025,179.8350357409251,177.30774272897622,92.10461368973998,84.59419416953644,1
166.27309252162894,166.65641585317275,179.35343672044945,174.25511554592813,89.46398020355288,85.50513036211953,1
171.68092302520245,167.7634066039392,181.48082774811633,176.31163327930636,91.26386623708795,95.65422925976286,1
171.25359608604285,166.35909848547246,178.35690730485737,182.45722686809378,86.25048987724291,76.85867687653153,1
167.4226230294044,167.2366870307573,179.00758658464818,173.9932254823017,94.61475084348075,87.54364924737013,1
174.19990568828996,170.63694579912,183.35066031854006,179.50526412415402,91.95241543166105,87.89215670014721,1
169.97211026769523,169.09061204436625,182.75124816849794,181.22181190988567,94.61596445435373,86.13536090662244,1
169.62190100335704,169.9648303585503,183.8846821923973,180.33118046297795,85.09754079763464,92.04995848442553,1
169.86238538686146,167.40381570585186,178.57458913443,179.95001921326562,88.90321566487225,91.96514209291739,1
174.79991833131623,166.97801268530972,176.33913283106136,179.11635209287658,93.15642161407015,93.68191616870791,1
171.90734451100818,171.47425830109339,177.9169862105201,178.74906686503346,90.64944394001392,88.18792368651506,1
164.89370514131244,169.18267332378682,176.21427390004038,184.39617202621776,88.3632944066041,92.92657662761097,1
162.71773139448504,169.9652404596889,180.9382116542508,183.35784001437213,87.1982748412773,89.41856283068627,1
170.0227747494118,164.95097325709824,180.75455249614134,182.13821463824414,85.41640228270698,84.74542319635431,1
166.16719673584134,169.14408960482058,180.3460590372738,182.3613101843535,85.45428080243295,85.74513314804454,1
168.99175322737165,166.55533050038017,180.7730957706653,182.50927078825748,86.93865169059475,88.96067250156709,1
169.15156916023227,166.56771736643765,185.59868685925264,175.03442308291065,87.01903331227265,88.88360143167657,1
167.69235117180693,173.06649406943185,175.5663219300818,177.60864415948686,91.48118465639963,90.63231066452714,1
174.7930360067589,163.43037724777298,179.71289308781132,176.40924985560568,93.44700867607916,96.92575123200884,1
170.59500141745997,167.91668179984495,177.28351679164442,180.89162598594692,91.74792615950302,93.86552718724683,1
168.8518299236111,171.62878068087022,180.71068409171164,180.1025324706833,92.8639422177045,92.2274504494698,1
172.01167043387812,168.33124686878492,177.74605758507943,181.09027222300116,86.35578062014001,89.76212817202008,1
175.1657649128397,176.6503921039764,179.0319170483111,183.60491813968682,87.7522593238252,85.91167596087331,1
170.28705219522405,173.2786484843458,182.7388752912182,177.89042436997914,89.71170284979434,91.03074683238387,1
166.87415283060406,168.47464351235516,181.5364508481031,181.56352446916648,88.3611644238948,91.5631988487881,1
172.23405162102281,172.3723142045824,180.22965033532125,180.61021323040606,88.15909536212705,89.31710193830449,1
173.47800053918758,170.9642770800173,177.26925328886247,179.44582390798575,88.37329438572732,93.29242871744113,1
169.47673801764373,169.42222002739615,178.98055729031827,173.32096820585565,88.68491971135394,88.981986003456,1
173.15749048173353,166.56714034025987,180.19947987308979,180.85263737114627,91.72597631630128,86.68089091759225,1
173.02704709975197,171.92527593328566,182.81702110778983,174.77150814797997,87.60928226427711,89.65710990696165,1
168.3716303129267,168.91511665763488,181.1392345693831,178.3174769258349,88.85475672285965,93.40937410371994,1
171.50125532832678,170.98192938388343,182.04321854150035,180.2777689322607,92.2484031212176,90.19945845315546,1
170.53745781962857,173.08744847069156,180.74955372389968,175.7611900876196,89.15282408100659,86.98933628399507,1
169.8933533886151,171.00772008144142,180.64307710866996,179.17682125289213,95.93019482034393,91.0428893603224,1
168.37578310211987,170.68114958402043,179.65598990050256,179.77296088959432,85.13952544048783,91.07952443498098,1
172.29757949831117,170.48910829020792,179.75983823264403,173.9823429279571,90.58320963700389,89.5618709390076,1
169.93483247345307,171.3104601856747,176.65207190839115,183.1029829441196,92.2337650421262,89.92180317138731,1
166.77289755408165,169.66679186843263,173.80580040269695,176.74948285246248,90.49837411913843,84.09878744807038,1
171.55644229698942,169.19330428025668,176.2225399341843,182.27066561302183,90.89394303056702,88.88096807533624,1
167.5235513075688,173.8098015643694,176.85382876635774,175.96388843084452,86.0051221590301,91.64796085236978,1
171.9982315681033,168.05609046490287,185.3681409178629,182.18004686284246,91.72430393623404,91.13767992245178,1
165.46224406331382,169.37582310439257,182.73767705405876,175.76861024939763,88.753336205626,94.16543190592516,1
171.90110420412373,167.50711492280672,183.25395504072213,177.5380617192572,96.45755820299783,87.86698971193432,1
166.53089536100987,164.0642648689345,181.34918761253408,182.94763717388383,86.72916336374887,90.58946563385624,1
170.50767187491792,172.966293890242,181.2186772476722,179.67487128155258,85.28820255794906,91.02294660429916,1
168.23219727668828,167.87790513313897,181.29765082675885,181.43344207295132,94.13559931102698,88.43757319011377,1
169.56956556760687,170.28430944473476,183.65345184549005,179.8490618656811,88.52203032100209,91.07497267901284,1
172.240230332877,164.21690726126093,180.7574137558715,179.30230422729844,87.19169833960241,93.91563928790053,1
164.960052024574,173.585043010129,176.48411066368,183.21330892192015,91.25443002214706,89.49110830067575,1
170.97635178546201,175.60771522947118,177.69271517602076,183.15357050081502,92.25787870867426,91.16313761494355,1
166.0844641210601,173.5386102967737,182.33791724934133,186.5200735580839,86.59671395106018,84.78002480164623,1
169.11228119858794,168.3113772215671,179.08111686175147,178.81696931720708,88.1732818003227,92.38543676366625,1
170.62333076557542,167.16887064843075,179.29300190741074,183.8517137138376,90.39368976139716,89.18818050681926,1
171.87034992417287,172.76050296749148,175.31936773219715,178.47906762416915,88.88191008890672,91.78697204277316,1
165.43906399684334,169.43082431822017,179.96691587752332,176.73798180634407,82.81045728737523,92.63664564685192,1
171.865019385566,174.74764468214846,180.42976102482652,181.64364832862674,87.91660304574778,91.78767007670461,1
170.02139975686586,172.44613287829245,180.75576745658086,177.00454662030805,88.23102197814465,89.53304281017589,1
168.83080361283433,175.34352240429644,175.55537099078916,178.0343760802175,91.34991409833431,87.81245451302729,1
171.44278600994298,167.71792214046812,181.5460372197004,180.2983584864808,92.79108660931851,87.65707253111846,1
171.21581801791731,173.56517955534352,178.3264583552982,180.1363136512427,89.91621376140854,87.47396257433579,1
170.46895475966843,170.48003772793393,179.73855604071028,178.78872560613615,95.47039892631287,92.09316250476091,1
167.36368810195904,169.72497502453697,181.25200910191498,184.77666779118337,91.71982792105459,91.55675068539644,1
168.64472023066853,168.97219917708262,176.52518180631185,181.0238426178372,85.71989522113775,82.84679454776105,1
170.07960842793602,168.563740593373,179.61947410355165,180.09160179445544,87.64018506087169,87.015328031874,1
170.7061719443298,168.40173946683518,186.52158755395953,174.57202256024027,89.5241077898651,88.93979340769718,1
172.08147642352344,168.08418784407598,181.07115930773577,179.78929855914598,92.77744269914442,91.22454349827288,1
166.23354599169863,169.18962595899214,181.4588866733826,183.35687787363366,92.2338730616174,92.72573288192572,1
167.4757838115757,172.20540898843245,178.34135375016024,181.7516012097263,92.7197395914292,85.181962090376,1
169.31870799157755,170.8649028329344,181.81261334110215,175.61015968770127,95.93742538367937,89.80558362880475,1
164.85064994196694,167.73775948859796,178.65272731007101,175.90668053724036,92.16022087791323,85.36240798324579,1
167.86156043888977,168.73114143259875,178.05985147025328,182.29407775645979,85.85060491704884,86.5927857741216,1
168.08411558888974,176.39194725685653,180.7253012985441,186.84714720381783,88.37138027391573,88.08252981145232,1
169.01416339998462,166.2970492466265,180.32194198749644,179.3222289143711,82.02313302773025,90.29688136182412,1
169.14283407148676,171.80022341868437,176.31214715104593,182.47165304984009,83.95621716339589,95.04730791818164,1
169.8600733858115,170.85210130055484,181.11344641505036,181.85999527572125,91.285015228418,85.61578585261557,1
170.38310809706022,169.9737645825367,178.4989535209036,183.22594750515137,90.53057829636698,88.59919147942266,1
173.1893092860094,167.3132418354241,177.9126144274056,179.85815742574476,91.35820517312364,85.13592483077112,1
173.43370666684223,170.38941368058533,183.0697433201431,180.6697047930792,88.76926817759625,95.43871833041365,1
166.03823204022922,169.6397415914163,178.73909560171288,174.90223401766687,88.78885071711584,92.07386616026882,1
167.14656588112408,171.87423231564483,180.3829615482155,178.78301850042078,86.88791794644531,94.78774532822278,1
173.36122642067411,173.19644172461975,180.9480237163913,179.8464708409493,84.83788736497443,88.2818828958094,1
169.84214046292684,171.055857088512,175.35513393022617,177.4574947563485,90.09320859928536,93.34492891967976,1
166.44462779956916,166.32232329863427,180.54503047221309,176.1860997082757,87.79349850464372,90.96525100009121,1
172.2790945476545,168.37760802816706,182.29853937172973,183.98275176554475,94.509373166681,90.94909387864011,1
168.98677331435445,161.6317953455963,181.44409992012294,183.1461053302829,95.67383513205841,89.0851814435906,1
166.91487178897742,172.1038172012487,180.5494864592647,184.86968818880268,93.04667758136178,92.2927840610128,1
172.83269674190402,174.21394889842222,184.21592761490587,182.13130009645695,83.01542562825355,90.68374159635053,1
166.01324314792623,167.57666531169824,177.3002302028945,176.16045627292206,91.1835710017703,88.62624679031583,1
174.9092542425405,165.86813431789955,184.54919509980564,169.60306924317564,87.65651925705247,89.21689731775056,1
171.39074046554225,170.13385890362468,185.19746265682588,178.95067929143096,94.81093657024296,88.58842252269245,1
167.90564697941687,167.2808561422008,181.96814983100035,182.63870445242597,93.50976448847018,95.3320469592731,1
173.0009465021853,169.6257252781213,186.8261013460016,176.42464131261258,96.12184972278912,91.38080326425616,1
166.652701772406,175.61379444849524,185.8695659804677,181.98738651226387,85.7923692431164,88.6811638719592,1
170.8395861255678,167.4262590427013,182.5639939933825,187.81945598579688,94.25111635842538,86.26331253191452,1
172.25857212985852,168.96215659432275,183.67182265108036,180.51093787684766,94.67316241467017,92.49764976781961,1
169.55031868162718,174.95127897045086,181.4352994756802,183.1366407356976,87.8978988232362,90.90114732671442,1
166.45027078106935,167.64951707028902,174.68027879605472,177.84071810082395,91.7292426199116,87.35722320016261,1
169.75511636465797,176.00646425415673,175.83907994166486,176.8419469995738,90.602174305262,86.27035651228773,1
169.4194857745317,173.30774649610913,179.7785326526334,180.46414483985083,90.90278267492926,91.58469384816811,1
175.51317955635855,168.29730935898155,175.50535446387414,182.2968168310904,93.80755634026109,85.60255578371076,1
170.22310905781654,171.70941744651842,176.4453245906364,182.8090421056499,84.59502454911723,86.84240024545412,1
172.64714223254782,168.77511012933243,181.79253295838456,179.9592379516835,84.59785653227706,90.19697462122555,1
168.05271778943043,174.61405272786354,171.08151317688507,180.4597928445118,91.83034553068197,88.19764748931536,1
170.15098898214325,168.20407464635835,180.42002943220564,180.38244014769757,92.25242118242043,93.8489252531175,1
164.87712758253997,169.72911378961246,178.55407545833702,183.76371399879753,92.15631007396026,87.16477224855055,1
167.80269622204733,168.22227643236735,178.5002872958131,176.79453586009976,88.25547332891232,87.25284175524229,1
170.87931455471036,173.41511084866474,174.0577518794434,178.61461108569864,91.26411925227833,96.10621152399949,1
173.03451622688542,163.2975923827476,176.62284936563975,176.3364898904375,93.3177814094769,89.96442054989227,1
167.43896443589657,174.45378934316514,177.0577658931558,179.59192467079475,88.89345988802438,86.82423395346477,1
162.51457000509689,167.0448743011098,180.22391231030443,181.95554925290122,90.27477044874499,86.21420547521782,1
170.20553027313608,167.77416790113315,183.27858549226988,183.65455247163848,89.61662442959096,92.2654353606955,1
169.08908166448617,171.1292201390217,180.6066352452786,180.52357084442167,85.7563681680927,92.45856622382446,1
171.61790513877213,170.85124118571073,181.04609623872332,172.5411754362793,88.73386496639912,91.65162161274611,1
169.68218581126257,167.14660832536902,180.8201649735548,179.36635219789486,89.86399192587537,90.1505113461323,1
164.21000884055553,173.502356848758,179.81115204231887,177.06191281265077,89.91518153626888,87.17559093479377,1
169.11565597200038,169.2030994447551,182.49362210018103,177.99171303884395,95.36673390581512,85.24631114767348,1
171.61975212904818,166.83486011024996,180.2818011275385,178.98887700791929,86.67327577802912,92.81642875890441,1
171.54269603608657,175.08921053097774,181.66670143843902,181.99992251955413,87.99635987388055,87.929217353814,1
171.15321484933685,171.54219170288997,176.77969857609912,175.39923779339045,88.58093317789489,87.33123745064566,1
169.30436854659118,170.1025330394971,178.75309667454832,179.7189106876747,90.12694829293928,84.20182856646584,1
172.214592907578,172.479386239228,178.46462551161832,177.27103555678636,90.42243283295362,93.09362639798995,1
164.95520979759326,171.78662664648954,183.69967368983976,183.1353071060163,91.33616549567247,94.29405052340289,1
167.24090308658285,173.56319597050873,178.12698282738978,176.24349748427744,89.49631089689223,87.90797005724457,1
169.8908956197439,167.31052228902684,183.97070797975945,180.5054551443596,87.48901594739644,92.24327801380595,1
170.91549186869722,167.3226379004009,173.12474816355564,181.71562384803255,86.08165892729448,90.66764979407296,1
172.43449903951338,163.79897599912147,179.83034646791214,180.93202771226171,93.62600760993236,92.75874421730728,1
170.44617224470593,167.13664335441683,183.68800608244433,180.11689537631037,86.88153986473617,88.06926362512598,1
171.59291862635928,173.5018171758131,177.80301877717463,177.91632261910542,87.38974253145028,96.03872086636153,1
168.5308208671563,168.65461429292043,181.65426904102299,180.75813637034966,93.16530038357978,91.52761834345331,1
166.57851090210025,171.12143975813404,183.09762660195562,176.08967926450708,93.71663863201617,87.96646132552955,1
167.88340255250597,169.7270323116074,181.46777748140724,180.44234941615662,90.84843812742444,90.95754987515143,1
169.84273039566972,170.51143646785135,179.79758489339784,181.8256213644999,99.54857264384728,93.5577989582703,1
172.92449759409502,167.76247552064982,176.24295382959676,175.30676972329024,90.71760176854794,89.5363168262483,1
168.87454593459955,169.28214084766043,183.05291839524534,179.1545963559287,88.1981845638146,92.15739091184327,1
170.14460470785153,168.41280631385996,181.90051451845758,180.03242098341852,93.30367484946834,87.07341298284233,1
166.83565511991918,169.53137126334562,179.64904307662732,180.74150890460885,90.45242793589058,92.20069494410006,1
168.43781383017716,164.64122556563225,177.17689536013972,181.315883148612,87.08384739306064,92.75787017182313,1
165.5689289076395,173.04807670889127,176.29777145236469,179.1407990973107,89.49470265864264,90.18567438933687,1
171.48121885077023,171.13970566046672,186.59051921070935,178.89702894835202,89.35997005663361,89.57197768988961,1
171.39786528826778,171.7863504519191,183.76747890258335,184.10406951809745,91.73679026605457,89.6047844165014,1
167.22539596401327,169.9003576450496,180.48586058814237,174.39408557468897,87.3004178393393,91.33971008545105,1
167.78248018994594,169.6350012828306,184.5404743542686,186.113807683467,89.30022049203296,88.65457323870373,1
174.48726743280022,171.1204449416799,180.55598069941937,176.74954076682414,86.55631762151405,89.39370608387517,1
171.65650832313239,171.89552469347518,180.94389018388273,183.1086357798981,90.55603480542888,88.27919812463819,1
173.92813191960244,169.9252816275655,177.99449475265845,179.41057368253976,94.53404216446215,94.78112829579682,1
170.06398137877923,166.41167551952523,182.85654238091115,179.4615458764641,93.03121614219602,88.46149057872609,1
174.9704889024338,170.66294304632945,183.3873391644469,180.0301179890852,87.51167714259921,90.6648265222129,1
170.0720646876203,176.443368012502,173.89735996242885,179.51425299244218,87.94054199834758,90.56261683627397,1
173.05945674072086,166.51443783305874,182.80350102734397,175.87373468216327,86.03571606831721,93.47230054827801,1
172.7677908458989,174.66110904329665,179.18113789209167,177.6579411999237,88.17797112911013,89.78410060861293,1
172.01835446467112,163.91046315019085,178.076032389155,178.24536544227772,90.16693306274978,84.33577293254238,1
168.73771155183343,167.79898179641404,179.7091199363726,183.9956177776437,86.80910427772059,88.94903052371171,1
167.80297889744884,163.38077787802936,174.95134740865237,178.85277748307547,92.94020491246566,87.65100024035578,1
168.76227920563662,163.82762281072112,181.768354192255,176.07673922091263,89.02003477049796,95.28649849344862,1
169.28480159726698,173.58109227744973,183.3547305050358,179.6015760490735,93.26392840893797,89.93702253101394,1
166.96875304300934,171.93663484690538,175.12883653514754,177.94209340014226,87.25683088690111,89.64759631472984,1
170.57880105075392,167.4857009864975,179.88047489266086,181.19922485510082,93.30507261764272,89.38385753919621,1
171.97822310276365,168.74122283069673,177.96882652711378,181.7983583332895,94.49967728860871,84.69366872817547,1
166.97264196042087,169.71584652669216,179.71770649312535,183.67929654149992,93.35691729433947,88.4373524114683,1
174.36989616508353,165.84529522755977,181.8296104131265,178.20088104970503,86.08736188724502,94.50193176865399,1
174.39004548690713,176.19243476754207,186.88880241637835,182.99630195034268,85.20112935563554,95.34353926595051,1
165.5972754856968,170.7649899175682,178.70927255394082,181.62359258090888,88.68534288136664,88.63462503996371,1
171.71246967364826,173.53136481603278,180.9637434804352,182.40668855774786,87.43101208986063,87.91064581198086,1
170.2280878652206,171.94333642534139,178.30186704911395,175.83731303114018,87.69335089057343,90.02373503339244,1
170.7761677607941,169.33294355546616,175.93958384272955,182.17108226290028,86.55442252784108,88.12958722655682,1
166.6531605194263,169.01628426266817,177.0754298919652,177.21760384434367,91.0999399388524,94.46185675716474,1
173.14542049596716,166.19265990377042,178.36873655903827,181.2622453192335,85.14947491132564,90.52657334395647,1
165.13479231538193,169.5935756191046,172.25559436988212,180.4042184512767,93.75498024239653,90.16640639943854,1
174.30221658824985,169.4085186036701,178.51647451668518,179.39596757409836,89.49189491605702,90.99537080468522,1
173.17838085387814,170.59592612381607,179.9323359530927,177.4610181882045,87.97611799534857,89.26380341327787,1
169.26176735052408,173.56268287339427,178.535844592111,177.07870257985954,85.60088378534344,84.34580094940756,1
168.5710553421495,168.7125125335091,180.58418577470877,179.55298037610345,93.39316474898058,87.91863404362482,1
163.89260294255777,173.594474155177,186.80283551284037,179.9881797845696,91.35257100299368,94.16650253666128,1
169.18310096178686,173.2234771550176,185.27251206212063,175.37288114714943,90.20068684736981,87.80377426452586,1
173.80085469958027,175.70690388886877,178.66033953117903,177.3273012280968,93.39691344496713,91.75224329547332,1
169.5712193075623,171.44591370238064,179.90965520360524,180.79174933470802,83.93108798533892,87.21331836584615,1
169.3103924903978,171.0405593001417,179.5294670602077,180.97841903932968,88.7246659689211,91.17423635725325,1
169.36643459721688,165.17386866972552,183.75288986132998,182.2021841224672,90.29149695170551,89.91061765405392,1
172.64314232842764,167.6321862339194,175.9762586783532,184.0495875744536,91.39921758913154,90.3076346254522,1
170.14486433150645,174.6678322811966,176.9219463808038,177.38466623612229,89.51201222509829,85.21640617049911,1
172.78664633127417,173.91688374206817,177.41184912386615,179.62849132074933,92.6446087698701,91.09143578917174,1
167.229222980251,173.11836756246635,175.0497212034186,181.4368031041318,88.81008072600181,92.49529195710706,1
169.39416627281233,174.02587429742644,180.2712585554874,179.47180896400224,87.79543456727166,85.28052377211567,1
174.63632546698022,169.6111863578786,183.34874100780056,180.76408391947479,97.96891535278154,87.25485218368743,1
168.76371801171214,170.2853642079089,181.23958622325847,179.81023353842204,92.51657677509607,91.69513790290686,1
167.9309260001721,166.4740104902888,175.10033194528387,183.921216524616,90.28311366357195,91.45959558830016,1
170.39692384660276,166.92344381788934,180.77326232276346,181.10872746868398,93.2896578804025,91.361342969342,1
169.5401974772143,171.0130672268546,182.6052089351291,176.82080654819342,87.8545309019531,87.52768310530573,1
168.3267936079456,169.72318254663458,178.9507597960364,179.95179727519496,88.56113441467564,91.50161254969785,1
165.9440787618197,175.86359176604313,173.08083427474048,180.7997534652519,87.6644534526357,90.95934943894142,1
171.52833801875116,172.51877653580632,183.27371009623394,179.37799281759138,90.39817345242666,92.13697513806177,1
172.2709709866171,171.00893918433326,180.5080621961738,175.8499423330617,98.83411435106228,87.25151191334135,1
166.87488966799094,171.38480846944623,182.8786292345173,183.12792066348007,92.63023771525974,86.70523118002514,1
172.22941644229567,170.03339807312048,174.35728366421336,177.72783060769194,95.00950450041528,92.15309469897507,1
168.17977323210823,172.73168900791887,182.39627912682062,181.55315995137556,90.6530783902184,93.15133823611971,1
170.59871046628976,168.3862304930254,178.87216716818043,182.6614968330259,93.02812774839605,92.39731333646789,1
170.29465298404781,172.39602893698347,183.74561980573986,179.78263989827445,86.24917012395626,87.30697642232421,1
168.35948178750238,174.33716160989644,182.9160068950434,179.56533612222358,91.87443072940442,90.99763387286451,1
169.53497793161915,168.00118137690194,175.18354449311016,186.26148549316255,87.66178054675915,89.45926109388141,1
171.4532570531094,167.93064806161615,175.92961163797847,183.24554445279563,83.22575819461788,85.38893608137947,1
168.16216775377254,171.88366622371427,178.843039857057,180.71025757803895,93.78864960564493,84.61002727379285,1
170.8108225871939,170.15049249273704,178.92558122406533,178.26835470824776,89.41527473987506,92.93216287966315,1
169.213657622283,169.51277404744923,172.6327444972137,169.72622190672672,90.14758433485338,90.38944788140225,1
172.65008327656298,172.5492435058096,180.81100260253822,181.17043832893802,95.8559828390425,85.70695986706951,1
168.95911105918495,164.69074003110168,185.5942329014558,176.20738149873722,86.25213416943997,93.86721717961002,1
165.52811199945137,171.52854259157428,178.7970803299575,176.27852257122646,88.47160145991417,96.0561073011453,1
168.6269639849815,171.4672704606561,179.98387047919474,182.03188212773995,92.82430509169816,89.62872906920441,1
171.19430611617366,168.1367956871942,179.46287117350002,177.37825978096117,93.8028031673669,89.59358524124299,1
165.44439961261963,171.4106316352447,177.79945303226327,182.39447349340819,93.08788932442397,93.78444419372663,1
170.82673160001937,168.54886803078762,181.84714632538694,183.99623342534937,89.97593536549977,90.86274910478596,1
170.17095352450778,165.08218030206356,184.294585609392,177.2081645294155,86.82201913021287,88.90604579614018,1
175.91856179518567,165.7506619679137,176.46990776747052,178.86894591561204,90.42655646326025,87.80980892594829,1
172.5674202068824,165.4805070118832,175.43274011105487,183.36488246175307,94.2886222277242,97.79864366315478,1
172.21105007284018,169.0220988229768,179.03658530780186,176.15997407233766,93.0737618290075,91.1043827818685,1
170.64400202130042,166.99590136849608,180.17834546905033,187.03331727086461,89.25701113288011,92.47024573981967,1
174.05449247634252,169.78566839472245,176.69277543419255,183.19433983445245,84.87080104031025,88.10907701119827,1
169.45647405960156,171.11290326329944,180.89633142966295,178.75134909225216,92.30105163318969,87.04177334468304,1
174.82501398467784,168.87078160045942,188.4076707328,175.57941013241916,89.50199533445486,90.83876916687055,1
169.41008886835877,170.41409363179815,179.71157664804707,187.2332110494894,88.67846705684242,93.25297974706544,1
174.0648959512553,167.78869044857203,176.32492850477854,176.6958826898954,89.16098183543338,90.63433291165838,1
164.99288684373772,170.74801544947027,186.84373699525528,179.9800588994715,91.87189061542902,93.08846366664713,1
166.53454929735673,171.55532538150678,179.89571621185175,179.85764173043094,90.79844002830401,87.15193865759494,1
174.1082112491651,170.45693822427387,180.88019007678452,179.95091977095123,94.32917796344178,89.29691678821014,1
169.90536473604948,171.10187408704374,176.08121956731034,184.2514361372848,87.22749990178373,92.57129928277499,1
174.921012476446,166.50576293750584,182.49474306542587,184.00327213188532,84.79307435175431,89.89813428838842,1
172.6379050478841,168.0567521710262,177.30303933549283,179.5367998115508,89.43201867337176,87.95078620117359,1
175.3784365233828,168.84338608814053,175.0545696043152,182.0496626105349,88.64673643252777,95.60078444459268,1
170.26290966274482,165.63453743021572,178.8243623917002,186.5019078086924,95.92746373315042,87.57479118250318,1
171.4593961134219,164.92532310513897,179.4029193783048,180.48123981418163,92.74886893255582,87.87573940544462,1
173.0890241869224,171.1822495544369,177.06930832502024,176.79644480921868,90.02907522380687,85.05293219818486,1
163.27640337857403,173.8271020315511,178.02177425933976,184.8370507329186,89.69808467123086,90.15567589954756,1
167.24077774060416,173.105633649197,176.13949274597005,176.65318168276036,92.68948791778914,86.19027706441753,1
173.39479457129863,165.81416936809785,183.2261605330268,180.99502046142197,80.89155238553818,93.97412755580876,1
170.6174699382854,173.08807323565583,179.8407464197657,179.3969536839431,87.51483140349268,89.89428634601433,1
174.47162390150584,170.8939556954101,180.06825063084426,176.0993802872677,86.92428060154654,91.48705755432596,1
172.33856883146146,175.71998684494164,176.70044482384213,176.4741006397288,87.29477079824144,86.32110112654482,1
173.7976075163718,169.91707206291332,180.46841277690007,178.0992400240227,92.86025696412412,89.53316863681911,1
168.09915946856398,175.5866032903236,175.9348622321779,177.36199079673915,89.36016366173257,94.01826968220371,1
164.7059301540825,172.59409383935946,184.72087999982617,179.0625019705021,89.61157855762394,88.30426241980315,1
167.54215791667067,168.3574448194064,181.8610675382214,184.65937422705778,91.47460182418254,89.85077310658494,1
168.48375185987996,165.0242867618658,181.82760113119255,176.4796398519645,86.94710403056688,98.0762789409743,1
171.68079871254025,169.02795217761766,181.6710509687708,182.2868151966113,84.23282302120084,92.86397599594629,1
170.8347534423031,166.53280186905297,176.08584908619767,176.2914358975505,86.51635273453219,88.02677808571919,1
172.2656014982178,174.42251712066562,178.856990215082,174.14863779923522,93.67822317321887,89.33331974102416,1
170.11701755485822,170.92612650441313,180.0280287362652,176.00983321035758,88.13679417683096,88.99148610281367,1
166.2111075756156,168.52666860173028,176.03299619371313,175.5086939060209,86.25369850639237,88.49930160045477,1
170.2063491439058,170.34432949839245,181.68923023884776,176.01934169900338,90.58731767888958,87.28789377952164,1
162.3713907015922,170.8988696668702,183.47066945151792,178.3326391582682,89.12137664800596,91.96648997631983,1
164.88235693303145,166.68454516068414,180.39238814858356,180.5001377123937,98.0675486873412,91.27868629093875,1
172.8336951226137,171.50930734054734,187.6240671735567,181.03641950453667,89.13997601199674,93.04919368972942,1
170.91093548598863,172.3287214364217,184.16568583105885,181.6257642051004,95.47503470401504,93.04373862431449,1
169.17682727343558,172.45332852302127,179.8211181382225,178.36087167475628,89.80049026597679,88.69929458611816,1
171.51559786871618,169.13045205024935,177.00039651359714,185.1277973169357,95.84991430109923,86.27665391526827,1
170.13820862753306,167.66079482042542,176.5763211558024,183.7693574866835,92.61406175136538,92.28140040203634,1
169.55533409514817,165.32093098882817,183.2342301793813,177.6786939410927,85.36149107513968,92.52659851094522,1
171.22280152905773,170.2547789766291,183.1911988470139,180.800780822045,88.77550801945604,91.44835149891827,1
171.0538789312774,165.82749893055137,182.49323079541853,182.63460138754027,84.94233762874873,89.72035440637448,1
173.7714907107765,173.2729597510798,179.96498487661526,179.86712427302635,92.95098234331219,89.72740810843777,1
166.485323841317,168.40732174735265,178.20617692748777,178.6314739659481,90.00925883017646,88.32247434766359,1
172.4463285173476,171.88461875338345,181.97359527623874,183.14032834463882,87.53089382654564,89.04683625885055,1
173.52150718932464,165.38259933107832,184.2315079877118,179.15632485167123,88.72373294426436,90.01441354417776,1
172.91785507819236,171.4825422901326,185.9049449458352,184.7343438144395,89.7901576210967,86.61929415728055,1
173.12018971173748,173.72687363362158,180.63516386144715,180.7321175510762,90.54325642237922,90.20186087183606,1
169.54550976594544,170.47653317818742,179.2574652708,172.9857542766574,86.0575146565665,79.2734413720035,1
169.50127569242514,169.6980214815294,180.55052711510817,181.348742669936,93.86491640707744,92.26701754742939,1
173.13509079787576,171.57344847559767,178.0663651052534,178.57379874388943,89.49540538121873,83.90958661376241,1
168.21209634394017,169.81617602129268,185.07852547977106,180.52602802845055,93.45120663996319,94.51739302957495,1
173.98839395694756,174.89206838802832,183.01852718548088,179.10628595929313,86.42378477657697,90.7306227691476,1
168.55884157989382,170.33127662598486,183.43905520272193,180.71776824879066,88.50231854936433,89.08636413854482,1
172.34278909216528,172.8191748704197,180.5593500078598,174.9003610609665,88.27519072458456,87.78751135766521,1
163.78432729071292,174.16270181669063,180.06583520487678,176.1178505599603,89.85759134242825,88.42654199720921,1
170.52375870175896,171.89208142315516,180.1770944663013,184.93629908598282,91.83143954476705,88.1649717259746,1
176.1563428752651,167.27644984697756,174.59824786425452,185.07535961670368,88.23365020577727,89.68444958927,1
167.81892040130194,172.55873627886373,180.79173576448318,179.03640941421546,89.65944744757508,91.5341022815451,1
163.8513799142051,171.2037682153604,183.53059970852692,186.20233627257474,91.99490174132917,94.3036973419832,1
167.53087615009952,165.57628115436682,180.81506553057497,185.99626878103348,88.28559996319382,94.97185375372655,1
173.4476181761662,161.80832138586308,175.88058934415173,182.07394807926119,84.19409977223913,91.40802354396172,1
164.71986047341974,170.84709398371578,175.52274080066107,178.66676066362842,86.6046838210305,92.74252854801945,1
172.3555900601633,170.32525599623528,181.70679880466574,180.53932061458914,92.56600294392355,90.23889758441507,1
171.50232659467815,170.52074138410038,182.19816086812085,177.91599208628872,88.45633939929944,86.49205603735915,1
175.24958433396444,166.1545905149777,174.46637419377038,179.90153407003896,90.77646212316198,90.79547821766504,1
164.83163402326366,166.56410559864344,181.84602353672162,178.36415054406362,95.04312718776252,89.98968582821787,1
176.0126495284248,172.54943616966943,176.10777397371402,179.57990568820603,94.67634435405965,96.89666226403475,1
173.29527360520845,174.61770949331347,178.61631215370593,178.46613064827184,88.74928278875997,93.79159182810785,1
172.77649737056336,170.7310520287207,181.98174747126947,178.80566610477163,82.96696076169808,84.71670617107168,1
170.17815763660232,168.90904294227346,179.7904398178267,173.18310040049712,90.42432732934343,91.25557765511122,1
166.7330643671015,168.63191135682595,181.23311430870376,174.8127712158435,87.28933625535393,87.4303595587708,1
170.84659625263836,167.76572520325868,178.9444084202915,176.49916833099667,86.36220862695338,90.5203671904123,1
171.3791538853573,169.11186321609011,176.23545857008136,180.35025837835917,83.04568184932526,86.8477023620473,1
174.10186908196007,163.24795452874372,184.94952791481086,178.9052169484791,89.77123156793276,89.125742402987,1
167.12157372735962,173.51919625382465,180.20353667572633,180.50135224501,91.8818684014803,94.41279670767123,1
170.2640802239086,172.3879742750454,182.2812224617098,175.11151393977994,88.75125617757595,89.83889619708924,1
175.1132376415935,171.07122420697277,179.8400093378204,177.19516110514058,90.22541474267558,94.45801363341278,1
173.06688585092778,166.80213394476192,178.22266979009234,178.06288598166054,87.71698828591734,93.26706438308835,1
168.10356078427185,172.17327220775573,184.6138263929922,175.86989697434657,87.5885340321872,90.06955544473328,1
170.07808217908234,171.7763740543574,177.28057066514498,178.65549967851717,84.21372818991357,86.04153535079509,1
170.23975761619755,169.73545570036745,179.1170147745585,184.25225566168317,89.55865465939691,91.77381198035373,1
171.8724893728646,171.9099681075295,185.5661065760081,179.52112878575213,91.73250088214327,94.01786238412048,1
169.27925083048362,171.76986892719898,176.9300619533593,179.985581289771,87.33897671669271,86.79820858322208,1
170.34959389305317,172.01215691091699,183.287923750367,173.2471132419462,83.49264171694115,87.52135524866274,1
175.10121007401105,171.45614047195997,175.9044958646645,178.32899211058697,89.92827402209349,88.92061551690661,1
172.99886816450527,167.5747992853262,180.16626110607874,181.19207243359614,87.37148770359126,91.70841781556423,1
166.48867439353955,169.75293536598093,181.74813986707173,180.50135530342797,89.38567914499833,86.7648025428227,1
169.38887076963226,169.6345377029266,175.877100803255,182.45211020566103,84.89018965362281,89.46319310933471,1
168.75692953202392,168.93877077015046,180.50830003435803,178.7003654857241,91.6785743066118,90.00995724046909,1
176.17846218340384,174.91659332153876,182.37561493505197,187.4051879046267,93.94219483759765,91.16423628569197,1
164.3021476156413,171.4891549841027,177.51535393093343,183.2086145245046,92.67228154913401,92.62975877050468,1
171.47741323859418,169.13890179319804,184.2645920481769,185.41063533130162,90.78739731555206,93.59367358144006,1
170.99154985435243,169.05794626707154,180.30244401282212,180.14565948971486,88.99199789992414,91.10626608253149,1
172.83371008848167,172.27541233108147,176.1030617222623,182.61179896491083,89.33868385295453,88.57123374380892,1
174.06159599610814,173.90381868828845,179.42860895667934,179.31066332676806,92.29496533158272,90.91880275450656,1
169.48816615433645,169.68977066528822,181.202668934158,182.57246298551152,87.00794726772709,89.42010759536987,1
173.9784813239111,175.4292445351157,180.18543329333522,178.18857472845616,92.4412451341874,88.97808778050289,1
167.93668996780096,168.57775299503723,176.89705010188723,177.68419579849876,88.43182700596333,92.10449687122542,1
165.14175123819442,169.95509364895196,177.4615239186131,182.14913253768106,94.53147953495846,85.4322404953752,1
172.135928724737,166.1022276620409,180.99134401250487,172.2625095906151,96.16733832918409,92.02891308567001,1
168.48979914430151,174.15121608229018,180.50532138034927,178.01866715523403,87.42077257141396,88.99810437344787,1
166.86102340535578,168.64194970010962,183.17399860765167,178.8982473689349,89.38930347840608,89.84765502150937,1
170.7834171392031,171.19543042940953,180.52105154656587,180.21111252396332,84.32659568832108,91.90461701368258,1
170.09431438336782,166.35165517392267,180.78048842951264,179.8285880372103,88.88367849593267,87.3421215082854,1
171.2805854100898,168.90186162933898,180.9081663138082,179.2375377459805,85.93675565463664,97.10923750033368,1
170.96753216855817,170.45818799191636,178.88625079597517,180.76784052821358,95.82193501926423,92.17972451844304,1
166.39163788573939,166.11499278460022,178.28717596084752,175.84417745100654,88.32496047946199,90.8864932154061,1
170.19079930897672,175.59410247199335,186.21110289588063,180.01062531686497,90.1500800838097,91.1321359884048,1
172.61231971222225,167.71744788363205,177.78341318772667,179.86569373548963,88.03360365797441,94.78548070989748,1
166.98752153695852,166.7848838171614,178.73367637308252,178.96263271755714,83.88309655614009,89.43757649653986,1
168.85509517880269,164.72436065112458,180.0583566082887,176.06791247163144,94.83301356819473,92.62277512616532,1
168.58138421418292,173.8971156005568,180.40376018848892,176.36586671298699,88.72006772112432,89.39864633762588,1
165.71364010118975,169.45141046965873,186.33639601077894,180.15620457263657,91.45208700373699,88.60379348353214,1
173.83302716408554,171.47685355702663,178.64939094680398,179.23498881154228,85.5969113605126,92.61864769822799,1
170.56705815255174,170.94958353322428,181.71676885039682,183.6149911239967,91.37021723451208,92.35461997401183,1
170.44104849668923,173.72713997212787,176.10674131049947,178.70118798253162,87.85208846386291,86.2244364838752,1
171.8541349206589,171.6950294145528,183.569245421716,175.7303003036162,91.03243587960698,92.4945903754914,1
169.88509768065813,167.29480063379702,180.98532193464408,177.64853572480598,88.62507628864,87.87884748498043,1
171.8066621015141,171.49752634252314,184.23961693041366,180.81998253148848,90.75432313241883,94.40882806971933,1
165.07491860635452,167.93310495507208,177.15954704821914,179.5291430609181,92.10583763304291,95.3837592609618,1
168.60383271013384,171.5718849964225,183.08441907132823,181.4942949064842,89.41303731742323,91.8154794538572,1
168.2500070783689,165.53598683978413,178.9454374782361,181.42771075020647,89.80879563147796,89.68333853193454,1
165.99817651835772,174.52145943317538,181.34099685502363,178.1962617728261,88.37626471901704,89.75948375896105,1
165.0617916633316,165.80504553764413,182.0007726836884,177.68144976853844,90.62846937682538,92.45920958096592,1
169.4939171024269,171.88296626246384,186.52617940542908,180.9161503023464,91.85303555999946,86.89837551765675,1
171.55354772707574,172.508412493995,174.37653388771443,177.0791745414822,88.75820074431597,88.8506338868885,1
172.6952387118274,172.27246268710212,178.08061986744383,180.75133475700616,86.25613983724504,93.66581422192928,1
169.1004995568023,168.6782132827339,177.04830435825346,185.7473099931565,90.3840892238364,87.35861050421907,1
172.42432001286596,170.89898904116367,184.05816390128945,177.80422477631137,90.18724775455786,86.36724374666501,1
169.80615166730743,171.0922783686766,180.2680096976882,179.5996911630337,93.54263336537862,91.5412402171524,1
171.52005991105412,177.242254153054,180.30572853952145,182.589918118655,91.29970099520509,88.36204638770067,1
167.59529570114614,172.79622322798238,183.65864120076543,181.16190405086616,90.51656529611917,91.87236951414421,1
167.45139781141862,169.53407903593126,179.95419975942346,177.02256657007294,93.64372955532134,85.03911664362282,1
163.79995669989884,171.52171352289932,178.12739800552936,179.69808627386368,87.1542634733029,91.85555886963648,1
166.00208423167243,171.02865015423325,179.28162373301097,177.93096327360362,88.51408934037264,94.11975250163393,1
169.64130436819354,171.05384579630535,182.07387698864062,174.19624393903192,96.04105110687694,89.81915469042403,1
172.7307124417306,167.5606409137158,177.08624417249322,174.31597656566615,91.26014730641943,91.02670538505399,1
168.00236419368946,174.8595116814991,178.74395151112716,182.88626220895634,87.32283143783705,85.59995224498898,1
164.75253347904254,171.80149526155725,183.1770824758407,178.92086065390504,96.06151890815184,91.13209992735169,1
172.6625207914093,173.3858463309277,180.32387345095083,176.88682318925495,91.43010911324149,86.40880244115883,1
169.44567522445277,173.0336480233442,181.94610981669686,180.77042886704794,90.3398604032277,85.15699303882666,1
168.0584999822236,167.06545873104156,182.67399334975113,180.19948930999487,92.52179189437346,94.90069538367909,1
170.5901554060725,167.30550430505355,180.3445610142426,183.14216624502396,92.4822156964853,92.7602516547444,1
172.58194098601925,172.00796307243323,181.1658049878387,178.59328264900873,90.54546847532494,89.12567125186722,1
174.83163953756983,169.5280598608907,178.99605337343309,175.4368615614709,90.67713796617167,89.51257851018603,1
171.05127867276676,168.9526788920059,180.7158389429028,179.67453767237907,91.74296665193214,87.62516859524527,1
165.3831533679719,172.1304903382805,179.45956059354265,184.45340384665806,96.50559526006843,81.99329260873442,1
170.5106841967477,174.8628823924772,178.83553133349565,172.20295832794994,89.86660687345831,92.21025232508389,1
167.63455904124888,171.50441280601592,183.07620420006455,178.87782041321856,89.51544151493663,85.53615348019936,1
166.6186733272468,170.64763649348146,183.0134119616411,182.04683435823185,88.83353523452605,90.52780685262698,1
174.51038574908335,164.72356587872693,182.11334843079095,182.55732075933028,89.72664902627486,94.20598560742359,1
172.88739604430006,170.48831945375477,179.8277557349432,181.1971411402811,86.87827913039717,91.71358269792665,1
171.83899677293752,170.0013196663312,182.97446585566755,179.535010258598,92.49662679975043,83.66498987876344,1
172.13264987054717,173.84730436214144,181.69707133165107,179.4148503894505,88.51106560560193,84.57513908194029,1
165.12532149468205,169.7399057164951,182.84575636453013,180.85997456063535,87.15460752476743,84.56957383680468,1
173.03546823515765,167.24898060490676,177.153166791637,177.5365211955859,89.35703394383181,88.96924877003529,1
169.34072355521934,170.07233199356668,176.50687615359396,175.7824078709311,94.30213590286318,90.31318250924106,1
166.08914093475542,168.32380498522758,172.63118428124818,180.96274036365256,97.42364741697286,87.45169927125522,1
167.96044450709596,166.37914573760926,181.4770078902586,178.02091236591605,92.04610196648221,92.22036517741641,1
167.59278676685554,165.45090250522827,176.8612563850009,178.43556946984495,88.97898105698982,84.19762579796796,1
167.25757788805106,169.6557441825456,175.65391479762079,183.7103635624681,90.31624465228137,89.93050290459598,1
168.79650082742032,174.82624555645424,182.41160437406143,180.83338381900577,86.93776237828592,87.38781529614253,1
176.09924475806807,168.2524476851559,175.6199183702544,178.93707285377977,84.61732036739149,86.52790489185266,1
175.34421339019232,171.0254454480021,179.20442749419658,180.87427599431572,87.82984553993623,91.0605341229917,1
171.67838348149888,168.6973624985053,176.14446969602764,174.92706427102792,94.14770440905632,88.1233932781844,1
177.96159003214342,172.40128602555077,181.95126885984524,179.78242794600098,88.98103835108176,89.32403929987815,1
169.4098927385538,164.26348997267033,180.78310931238582,181.23655403240443,87.95395220014517,92.50882755259454,1
177.0842113419967,169.1895408923892,180.476666166249,180.57202680375283,93.8726680531836,86.81984126694587,1
167.53316286519953,171.3630693655462,177.18085589443697,180.52166832631107,88.45219238630551,95.87533222994803,1
171.41077945418812,169.08721061333293,176.47468156618555,177.04509235851683,94.21171626933275,91.60260552320858,1
167.2557496942472,163.91518744610084,178.44796816066946,181.30696899094596,90.72103012929696,90.62426740904648,1
166.70123683108284,167.27716988679722,177.30674413116623,183.48660448377558,91.47178823313658,86.68170871946701,1
172.05905294398391,172.69913426010763,179.78134671174323,179.0477446434634,92.8524482274291,90.84080850693533,1
175.15742392972572,170.7614255828151,184.78641150218155,179.22625340347622,89.69717114431661,89.53470904487044,1
171.6982719936797,175.78798085661455,183.9127142245125,180.95814960147052,88.05143678173779,88.87364698936892,1
173.9322944963017,170.68660939523969,179.3464740563397,177.08412067914685,89.25403272303093,94.26307582733659,1
167.55711174796107,165.04919511496982,181.00596640099815,176.5377957769285,88.00658164556918,91.16021278223735,1
165.2929925229542,170.3872084122358,183.2133104847586,173.11476687580347,87.09278134290842,88.43745523945451,1
168.2909544768704,172.43433071051658,185.04446376736306,183.3291889565727,84.91699284630168,87.73102024925139,1
170.37686860770032,163.55223279539624,180.43515334772195,180.0219698343765,89.4162950831509,85.21058017924337,1
168.51746454719034,174.16771334726565,183.3213729973007,182.58434042630526,90.41630845435087,90.07743057859274,1
167.4803232521679,169.2469542910367,178.94567693864536,179.34470820576354,90.93490011865461,96.61906783163691,1
167.52439665686222,169.50437240921997,180.2539523280521,180.6207169211191,93.29317910774742,89.69886605790364,1
168.97946653087328,172.97375889489916,180.3474375577656,179.2440770011532,86.01327197363611,91.94653555763661,1
170.46746358932845,168.7790665112233,181.72828399289497,190.18313934600764,86.45963787675218,83.91468268276498,1
172.68474702896702,169.58717265725033,175.33422052300665,175.19295522334767,87.44913841168213,84.97228555247514,1
166.0951194010091,168.73149308299742,180.1903818776633,177.7126209852918,89.54480639193464,90.98232753012437,1
170.15092551039513,170.0442887987633,180.01932879479864,175.69399337004663,93.07836514255928,92.03393728620838,1
169.0722244791972,168.51942900718052,179.90469662327203,180.79590801398928,92.6150244999249,88.35554643242938,1
170.1828181987511,167.99005188877507,179.72079976011884,174.39738750088685,91.55179608314012,89.75672027479565,1
166.9026980597311,174.6617170401384,177.51587250938724,176.36848812788028,88.89957748828347,89.01621007029334,1
166.96429979462536,171.5255442271502,182.33213572754124,178.80417802481233,93.27433613820298,91.01990646237545,1
175.9709996309067,172.05449112471823,183.06571184560426,181.09722331242557,97.592962920136,88.94218615284363,1
172.09190479055457,173.8869462518521,177.28980529297252,176.3799489635805,94.57417500869549,88.59286619176942,1
169.34318758847462,167.26354263751585,181.85963700337751,182.6991479680584,91.49260247269065,85.64598187548489,1
169.7792412605271,169.31367244130618,181.68004655030003,178.71752101675727,89.38279309973318,91.29089870657698,1
170.20638066573176,176.51181301518426,180.47453858684682,176.77232738170434,89.39493741927859,86.38106755658872,1
171.89963338875992,172.10869556046873,182.11531406686532,188.7351171793724,96.87910464485039,88.5107189815108,1
166.59182476629573,172.06554112781373,179.80018446742986,173.36465611712865,90.12779992084867,85.79697290474903,1
172.25796454149506,174.8732139577372,181.23786616447433,180.02239468648378,90.87904053119367,89.55869520252105,1
173.49468117567125,171.4649480688334,180.73245653425892,181.71506212350909,91.37769454614994,90.67997708962375,1
173.20423271136414,168.65184991647192,182.28816482114357,182.4786416506518,87.85753710556348,92.08178554337093,1
171.48145029264137,166.43996859099892,182.92109935852412,173.29452571850584,90.65964815989261,92.31938771770346,1
171.8393056793896,167.66753603073187,177.07509719427506,186.24796809818693,90.92931726603479,91.96510120413937,1
168.6116374304945,170.75128520631213,175.7369332044212,180.5211344987316,91.59804306267426,90.62972846718827,1
170.76305168282855,168.54548818849457,186.2613237085061,179.35411340834096,85.43080757889415,89.20134785940334,1
170.57768940219262,169.63832896826364,176.01335122850824,178.49823631783454,96.56102161452,85.40411249255604,1
166.4403568050179,169.32774640446954,182.92633104332515,182.02853844372615,98.17036053756783,87.72586286305068,1
175.8782371606601,167.36833885618398,177.67389461733384,181.27033185024902,91.80030166305322,88.449132951342,1
171.9867168470633,172.31762006903165,180.2672302990357,183.20234925561013,87.8979882129827,87.34891151982247,1
171.8002767964992,169.48313516402968,178.85649976264125,179.47645565260726,92.52513506385515,90.02376563034488,1
169.46537853474808,165.2360816303966,177.14907256495246,181.5349052362817,90.72858377290639,89.57443140849271,1
170.02896695448,177.0705821043645,180.84511927864511,179.83738813113024,90.52892711344208,92.07222632450807,1
165.7099020426607,168.70435440915477,178.5711556918633,177.24497372931748,91.75239408736219,89.53332520258297,1
169.96247018438333,171.62932581990387,176.43808638781624,178.97893800865202,94.39223866409245,92.42423562846102,1
167.93430174799764,171.60219047123746,177.49885211825307,183.80516060814028,89.53994385356916,80.62529687438631,1
163.50189954527565,166.8160704169928,178.2900344570644,175.6932232674308,91.09706265880997,90.91921740434414,1
169.29766432441303,169.5080815704785,182.98148809594068,176.24521288366833,89.82682813127177,86.25622155178687,1
169.1115852332511,174.85964647287966,177.13896111259538,176.65902552113835,89.88982297727036,89.37835462934507,1
165.89587747765,169.70653330646147,183.17400555404063,182.59079884112282,87.65094654711014,95.59972525962974,1
169.89506760387508,169.12824084359275,182.59883579565732,178.7641486940249,87.81843251766985,93.83489623769269,1
171.44838729837397,166.34746871788457,175.20832505075597,182.64884874381485,91.24085631269837,91.58463772401329,1
171.48948738374963,171.85485083507382,179.4866725216512,178.76238517771026,87.6444089834697,91.55826916072238,1
171.10452233471747,172.3447286167515,182.74878226467885,183.40632178710186,89.0320128504341,90.0793815173268,1
170.46464147904442,169.40840265713376,183.64778292395943,177.4657922686083,90.69126332306813,94.77069614666613,1
166.13913643592772,178.0410896508857,184.35664880198237,178.58609554718805,92.9010837299196,87.46969789096852,1
165.99317202545387,171.50302063866422,177.53523498322627,183.9966127236165,88.46887537968144,92.72871827397057,1
170.71971351418202,169.70691022645465,180.1283631396151,182.9246610259834,92.54180627062507,92.70829006056502,1
171.67130139727624,168.40474320833835,178.13451671559474,178.78173722628725,91.71828480808622,90.16074352817543,1
168.37082245330356,169.9160092370398,177.27102961268173,179.68905300997443,89.60897153047736,85.72484807859921,1
167.58727910688717,173.26625421351957,178.4278623920836,178.99850808308585,89.06681302370234,88.35017110145225,1
166.91750341551472,174.94118655398952,180.30128375062765,182.85445656739515,90.66096779389213,93.91153664126767,1
170.70245206547224,170.4813120934455,181.85213142972668,178.40623657043224,90.7459843651774,91.22207350191894,1
167.87884392244055,173.63722500479741,175.2560897322736,184.56116891641383,89.28804609123308,91.77091077644742,1
173.3889530501072,165.29357595105586,180.67782060109164,172.7976565789424,93.65857144160263,91.53091055390398,1
168.14709124048392,169.42359074601947,175.13186439722853,171.83199149391888,86.72422787257626,91.66669267273365,1
168.17208418615368,171.53038252233623,187.20713480093772,179.83466702451406,86.05377904062537,90.68901612609721,1
173.6509242651421,170.32677732981062,180.03977213933194,180.42781693227835,88.22693602064534,90.060958325512,1
173.24694203272776,173.01860952992467,179.538393286207,177.22295422580507,92.2607139261711,91.89588288650569,1
172.63519454122024,170.67430782640565,176.21534860034163,184.43809633805975,91.9521599606799,92.74463313613782,1
169.19210005324896,171.22645954295288,179.89850386898996,183.34513643478834,85.83272995308438,87.10939995681566,1
173.04912744987936,166.38594407543783,183.03710887297981,177.89793001761194,86.86945609093728,86.41873863011233,1
172.73495312261957,170.13232046296534,173.8591551763305,176.11843935151393,89.32571130298749,90.19422757657982,1
168.34295249292822,169.19017177212288,176.2966046721366,182.19346019326557,96.64029307635086,91.63175727004686,1
172.3248877690986,171.56214505125413,174.74536664946322,177.14004056203777,92.82610773478817,86.20209617736832,1
167.02411262533948,166.60690849080606,176.45920648299463,186.71664851771365,85.64185401561278,91.37547269989365,1
166.35285080502106,168.76776638590286,180.76226916804643,180.15970773864564,88.00206181320473,91.21356852895782,1
167.2418612184117,167.0920946530851,177.45101024979854,180.1535590472346,84.40796060801698,87.58012137980732,1
167.7844408475126,168.95664368153052,177.15738972424128,179.59744747083764,84.72641544303664,88.54779411062314,1
170.53655037058112,169.87217768043666,177.7304265121964,184.9230309979668,90.35980459278802,86.67506820104447,1
166.4532641673303,172.96056554520584,179.103288260678,188.0238042500627,88.99136356374503,82.8622252154253,1
167.7551433470904,171.39423338633512,176.76171465362825,180.1672742158225,87.49904089247758,89.09382362322533,1
167.16738633873112,171.70525650819715,182.39180899116315,177.43350875138458,92.30981053541498,87.57439129519895,1
165.32519790383768,171.07520901137022,183.74514514897595,180.66745476746289,94.18476138192631,86.8066284090956,1
171.61901294322578,169.635557939337,178.13180889290368,180.98280453131994,92.21791981320172,85.29327882853322,1
172.0326599729475,172.93123107813256,185.48768139378507,179.66042358117838,90.67633789055701,91.02333759926405,1
173.03509194991514,166.33274330007706,181.63240257078297,181.81051336190833,92.16516095449296,93.57762838004095,1
164.10885629959932,168.889079567692,177.81489433185553,179.75966708571013,92.44071099391367,95.16222556618891,1
168.42156566488583,174.99227173448028,184.29372217295335,181.34855091410543,93.61265941912805,91.31134177357423,1
166.8769190342914,164.81191914679488,179.6392643365714,185.98913264374337,87.235516884299,92.91654382551955,1
173.8220012042299,168.4338715505501,183.881734687118,176.37188740412185,85.30767554789183,88.90928881810689,1
168.87368099732421,169.72021470146905,177.85145655525366,183.48376030565638,92.03385115448737,91.83851667136636,1
166.5081421592791,170.2126181456828,180.9856899466106,178.56138713554796,87.0995257405844,95.00826264355369,1
172.7694865793282,170.81175998275202,178.03727488375227,180.45052848731854,91.07039933999646,91.42470653043463,1
168.2987032112502,173.3683035033375,181.48147202199314,178.0668406786965,86.55245418717385,89.4649762120176,1
175.1935604305829,168.63715591120493,184.08725965222254,173.31610314450424,85.46815534195962,89.52950592052984,1
167.63906749753926,173.50784277718716,185.54580414119525,181.93385801378867,90.7122609110895,94.14880648037122,1
174.34096554016602,170.50700828610735,183.421445635347,175.5218557912464,83.1333254903887,86.96127858769788,1
162.11447289468538,167.28235422996792,178.53877271630824,177.82750856378715,87.76812167064953,88.83596384294121,1
168.81101760618333,166.8663651050674,179.190034360866,175.82845536326226,90.1707438995792,88.3114491153786,1
171.29352611894373,166.35060641641417,184.66722539074377,178.41862083952864,87.12797595061824,84.25378882223004,1
170.60232472490267,175.80761609837802,182.61822670705047,182.02599277700622,89.5227609844731,88.81982609458082,1
171.89693757065754,171.65670252424596,182.51834330889722,184.12480409260624,89.48042715435525,87.5927267779931,1
167.85722598334522,171.19652503352282,176.3889972648097,181.28910547405408,87.15642345362895,89.62802550233675,1
172.45782255953662,168.81007369396386,182.89112277493533,175.95744131960225,86.69738736733291,93.82068405917964,1
170.63845391127833,168.36684991760333,175.67942451107206,176.5587341957441,91.20562726600578,89.54407917588412,1
166.9033321014482,167.33197661109142,176.02216157454006,179.52937838041814,90.01326721378851,89.60833344958883,1
173.96150878001995,168.50329825145428,177.52635509432304,177.4288562508718,89.9102110399057,86.46386497272384,1
168.8180803417747,169.85662716403056,177.1327884381429,178.79675918634905,92.06488824032043,92.20413072580267,1
170.62389448794602,170.9596015156134,176.68507761092937,181.94795768807043,88.44218288229116,88.26033138462437,1
169.04012429649083,168.82475891539139,178.405629855827,180.44663470927082,88.76865801120604,92.75394383854484,1
171.40393993275018,177.68863556814483,176.54959413176695,183.26819843580842,90.27038425245166,92.47767374661495,1
171.03244235489086,169.00443028368915,182.72658230631856,173.3423193294396,90.12854279794087,84.81124470860298,1
163.42682748402385,165.46067644916184,181.14896551334803,180.54627920054304,90.69380353392998,94.59982474433815,1
173.70376132832314,176.4525924710601,180.51007800523718,181.93353613664337,89.03813287613535,89.87584094216035,1
166.9000439056131,167.4902674690698,180.23676684751197,181.1346214011596,89.09496305509826,88.30848499844727,1
171.2778066270276,169.8482826211673,181.69566544386183,178.1646663176868,88.40271056518239,91.80590019190893,1
167.26928291932632,170.94153653746935,178.37884834248368,184.8467299451207,88.73289807341234,93.83612252222922,1
173.77447480931826,177.07994433394606,179.9492725612852,178.53360015235813,86.1964013813488,92.43793554967438,1
168.1832897769587,169.50361196526165,182.9091942581065,178.8239049614999,88.99445926988828,89.34083095417596,1
168.18694344128036,168.8089319851396,179.82590504299515,181.0922360188943,86.48381405000823,92.22861797385485,1
168.24708391176938,171.6151966211144,174.23295285085382,179.03692179555716,90.22986886324108,88.85188110545029,1
171.03557497396534,168.5908195461906,180.81861981473108,181.10140022368483,89.4159513723118,94.51994966459432,1
175.0746786253568,170.12881264391206,181.67035861294613,181.38205153031998,92.78565948832215,87.7243091832258,1
170.56564835674635,172.05196743881783,181.52660156988233,175.63929466697982,90.74499853232422,87.38060850573794,1
171.8936926533198,175.6164094377093,174.3849101084603,179.23980336093103,91.15790003474255,92.52992537753391,1
174.1252432573455,171.50320997415997,178.53387496853767,183.11959604308925,88.50823536728424,89.6169844229831,1
169.2176483655101,169.12046834073766,184.2141529557836,181.85461506246517,92.20646871848498,90.1715962790863,1
172.10152199689972,176.07600879579647,178.11582688862262,179.91687695061736,86.1328577454837,85.02727253321669,1
168.34022215228313,171.14842471675126,184.24369540339603,186.45585524376935,92.13788813235452,88.67993671609008,1
171.7709081342958,162.39856155632748,185.64104569268625,183.6029301387045,91.42839161109086,94.63916492396027,1
168.56444284683943,174.10287951137136,180.37826493752496,180.3635205933942,94.52946362148852,88.14539248770765,1
169.72061744486186,172.89344767930723,184.3824168664115,178.9326389775987,89.67486971604978,91.57763054685813,1
171.57596160117785,168.23124873487438,179.25356644501827,176.10653079945857,90.37896602017867,92.8895680717321,1
173.55026146869025,169.96044686467232,181.22381997560765,181.62941198188506,92.47031375293979,88.40860329579603,1
168.2403796463089,167.38701558825366,183.7499420387856,181.39835949766416,90.96225579433246,88.00716101609379,1
166.25596195475498,171.70443095982688,180.1926339810597,182.0414883953064,90.12163935114938,87.40865108658281,1
168.8174624899147,170.61356238762744,178.16435003552314,180.92340359168912,88.47137294194313,85.7827964475085,1
170.81853282205705,174.46590174492025,176.2961043678982,180.872767969826,88.50165761646551,88.99070010868522,1
174.38360641452437,169.16564186671465,179.95101338085104,177.3272564201716,91.20824893876227,92.3879669447452,1
168.5229334951023,172.27583008234382,180.70622475084636,182.91037518976077,87.29496751462852,89.22421586373976,1
165.98249257578198,167.9128104873017,181.2013852572642,179.69144948862123,89.48227093064105,91.55864781473535,1
173.0253686072958,170.32396860917726,178.79280155891257,178.43116464625587,89.28235046509225,91.3964735806631,1
176.84377246299545,172.3603772364249,175.24361092973353,179.55717061899193,86.78555577080458,86.92361218472412,1
167.51767809895995,169.46973016660476,179.84255725807174,179.5742323993044,92.43614582906783,92.2110438701138,1
173.39077963773937,171.4130362436292,175.8516329149613,187.43625682257996,91.56461568150391,94.28675161824935,1
166.22921359915821,169.84456134294263,178.9343401936968,177.86674092170475,87.05800413076747,92.75535264328033,1
165.84911178477333,174.76826987338458,183.79380276724953,179.74484358996548,90.72509072718266,93.71408445615884,1
170.27274572887242,170.8608753622635,178.1415150515469,184.00127039337815,88.91717181076295,86.50922493574404,1
177.1301669626042,168.86774066852485,179.49071057831964,181.7267948667042,91.18242006371942,95.09912194786173,1
169.86388952124116,167.09141812845053,180.0105909557909,185.1784028412317,88.6459117880926,88.49078458556406,1
169.86221124239455,171.39792129555735,181.74989263879155,182.55709911895136,94.01675865900341,89.62162159333059,1
163.52765027901393,166.23256912039233,179.39139924395877,179.69838930082037,89.27147631738521,90.3623454196186,1
171.77324858861735,172.60293426391115,181.52990549046822,180.34079729144617,91.97273864115786,86.87757439643477,1
171.4171027219682,168.44994841576275,181.55539033278163,179.15902121212878,89.0563930391453,91.22336276170721,1
168.3957703229204,174.81616911826114,184.91074103650175,180.05561585733506,87.29621117878492,92.00133405004962,1
170.01158051233054,165.81765354947805,178.0948748087208,177.1154016486429,87.00309656726395,91.74207192602256,1
170.25216454999307,173.6360053573972,178.08241197394153,179.61860321342257,88.78079868454566,90.1593186177997,1
170.77167044739429,173.6524435786152,171.77398347175927,177.72238143815898,92.3506810867426,89.8083289375138,1
168.38610122926795,169.83964318576685,176.44754985073922,178.71600924488226,84.85879950725779,92.35077254527948,1
171.6140680827782,173.12086678315785,176.41356201874206,184.93310999827628,91.66562742095819,91.16689981817342,1
173.97134204305874,166.86172575967478,182.52222703218354,183.24104899158104,89.1586411484797,87.8971790465208,1
166.08444837576246,165.87412616976448,176.33086917281443,181.9885782482443,88.58337683805819,88.75059933323887,1
168.87835103136067,169.8645377283504,180.29324458353025,187.2397822570603,93.52313219253642,91.76720205832187,1
174.18006514839175,164.59451915759513,176.61770044052702,182.1401683156458,86.30616655009588,88.56210247398856,1
175.3340948608431,171.1785639387896,180.3645748608237,178.2706213854865,83.77074580795018,90.48880557509908,1
170.35377985754292,166.40472235723738,181.44330854503278,182.9306234220327,95.53740240161305,91.16648247533765,1
167.31314224930122,170.65685502627136,180.4309531268837,179.92284008979632,86.97577898495463,95.01136711615894,1
169.96200667854768,164.42928328895826,181.61316955686976,179.95451948520864,86.64975311016025,88.25016504253988,1
169.29930096542208,173.56636809382957,186.1945937601694,180.79020082472985,93.35144112092341,86.36590845056513,1
160.54175766855724,174.33555515764573,178.42909439445646,176.50611335870948,91.18496042556639,87.82253887327187,1
166.90180268335467,165.8251655730261,176.62833222307776,177.58391451136677,85.36571843954835,94.84329847459011,1
177.81395719414513,173.70935580180776,181.64284741571225,178.9778054385363,90.05751901103271,86.67276598473292,1
166.92465604822027,174.07084821517728,180.96004057448914,188.74748968475137,92.61483888972633,91.43439504331003,1
168.53125204436975,173.17242947529485,178.66746443157075,181.64463162855682,93.21935992282866,86.9386914027184,1
175.10158921460348,172.74488243186295,187.3454125708563,181.55869359378693,90.97275368904853,96.0613970868532,1
169.72018206179357,169.86153151476728,177.5494824711774,179.7946894226242,94.39070967462514,89.21380476787004,1
172.9190531732215,167.37038475200862,178.82500498004327,182.23663399493233,87.20401185243165,91.96347085273756,1
172.86758728479705,163.3523737633086,176.42569838517372,188.05636377777884,87.20959071509029,91.91147269922561,1
175.6122671829706,171.87598808236393,176.1793676904505,187.50988972450043,90.1713361677237,88.09852685149617,1
164.9682726979446,167.8045409425708,182.9141042452846,174.71000491307967,84.61933013948783,91.58195032105435,1
169.92287724193562,167.4999066413934,178.72347711450203,179.88529189990564,86.7706933558701,83.44578834773557,1
171.73875145523155,169.05184869039348,181.01831755793668,182.72720314310035,88.82954162642162,88.70915430678714,1
171.30357455862773,164.014524965608,179.2812359818527,181.97910048874482,85.79931207938122,90.71758394194963,1
164.3276202092355,173.52448593292146,175.5751879292187,174.2061090472147,86.18282257172135,87.29720266590017,1
167.54051219308158,166.63157788011708,185.63350637556388,180.40261804179207,88.93500970630402,85.0076952809626,1
168.20570501170522,169.80407480431813,181.41869214198633,181.2080645091624,89.98042368533173,92.67188244190139,1
172.14331643538193,168.70922735504345,178.74857330305258,182.88426722328074,88.49975937204759,89.54988964085405,1
170.53083602954717,169.7167657964192,182.9478640008996,182.13923261965996,88.12594049228072,90.50511693069936,1
171.037779065103,167.73383754287363,181.79110387739635,180.52237635366868,86.779953394507,89.05728710995692,1
169.38536654238393,170.6313480758118,173.24854226399125,176.50059123564674,85.95181388799642,94.20867250085738,1
167.50406749525482,171.44322948375006,182.7991439500826,181.67666398270072,87.9833520782637,89.05597860544538,1
171.99235258468127,168.62989272085701,179.51389269488678,177.97345809156516,92.1107298725594,91.39652112463249,1
167.64998178723405,168.44508706879668,177.19673657967377,182.22356451468482,85.99605045769545,91.05175892580483,1
169.70056230298871,166.87436807406598,183.9269914615225,183.2176172232108,87.62971567748515,90.5977857615602,1
169.74053736447948,171.71416532669346,173.25126859444782,178.1436944863251,91.21513331274242,85.32980973399948,1
170.0915102310993,173.7564111614844,180.99478808619563,186.05344991434686,88.32777986095878,91.61089795377644,1
163.9080265560352,170.15766675803476,184.44301443606486,182.1618867004455,87.62218570837885,84.52113178072815,1
166.9327843285072,171.37336858958398,185.45338821458483,183.34267713881073,90.70067305928656,90.05021064910022,1
165.13742421011443,174.91300966380615,178.53005464438334,179.6930821898148,90.48285181067422,94.66410250841507,1
172.96348474069046,165.15607581369937,179.81026796026038,178.2882232958323,90.09627000879489,90.4697309841311,1
173.65674897470618,166.88051556899498,179.69520315280886,184.55763877727512,80.26739540667944,100.63082985156957,1
168.07997466830147,171.38238649665337,184.38314882293685,183.69656758231713,94.33717825036935,92.64565693535938,1
168.91636046369103,168.81195936492796,177.900467001981,174.0234047829812,91.52628202094708,95.62253820050763,1
166.53406097952077,168.865806433173,181.92317885822044,182.59100821693372,94.6711801946128,89.57814825215682,1
169.45096398189065,165.84014500199928,180.95896378944641,180.97323265640415,83.59137085572199,91.44007149847552,1
169.13431136423148,167.9576142910387,183.10676120708936,181.81981501070385,86.60144065323485,88.4341589795792,1
165.43537366269942,174.49369749419722,180.27241387528719,176.82636079267533,86.05632456789459,90.06988943563228,1
167.97800004109078,170.3897652954807,181.06282848742447,179.6818126263633,84.11764372312533,85.74382792918382,1
169.37660465890772,171.01242705357564,182.2229550430157,176.80559551697453,89.65119011096135,90.10982616876319,1
168.33243453744126,165.36705803601856,177.72125081846278,176.88063017146183,87.21480687795085,89.86463885147039,1
172.90029307833618,168.44945096971185,179.4220443956271,178.8679424665702,87.19657826475279,88.09776313091444,1
172.2987610916921,171.6731144694755,184.84649138550034,178.18537038927565,90.17802899772808,86.15997390636797,1
171.2584375463324,170.46181010581614,187.52178372482203,183.27265892458828,90.08706307113809,92.8671936689028,1
172.16316413560133,172.5803234647058,177.74461073321064,178.46774532032643,85.87465919301795,89.8888449737614,1
167.47677542278228,171.46079943091698,178.79236498006225,175.93181557462017,92.746817810216,86.02938990618186,1
168.8544976064671,172.45465184403105,184.62454165374805,178.03033194249343,90.28613209037866,89.06157275816142,1
168.15266817189462,171.62864025075444,181.33646809219107,183.51363171691003,91.09384714129524,85.51509251203146,1
171.70495190138357,172.70419629100653,180.67898097078523,182.8160599518587,87.941407848507,85.91412311865334,1
168.41267182688281,170.51029784939612,181.54962985528772,181.86271385896902,92.40624344583284,88.95673218408147,1
170.19479594981448,169.3531650866918,177.53195286778836,178.32244528612054,89.66591586531499,90.58944028318831,1
171.78732917387717,171.9260441267946,177.42131296408357,177.41063147935432,87.85503126638214,89.42093088928573,1
171.64006679204394,169.55079046282773,183.66478053459483,185.87798155136966,93.3961147654948,87.06523450518372,1
173.6800559084029,169.7644063739755,178.34449335920263,182.69139105261243,89.70415356376647,90.41178191509968,1
169.14179100860966,173.28519046164806,179.1746091513838,176.5693529423901,90.69728960811848,92.83799103671137,1
167.7549904296273,172.88361747924822,179.10176566658086,179.84783258972163,89.10533581027033,90.91950177289719,1
174.98758461518946,173.52471835642058,176.66536048445184,188.78846701020547,96.0026334526138,92.57301086804772,1
174.96039981551885,164.82704400988476,188.38744609253592,178.6516269149866,88.69349954097629,90.7324641854526,1
165.87862103583257,170.46000691830042,178.32475619036575,179.56877483942512,91.80196832046039,94.47342748368663,1
169.54152228764147,167.35216052870163,177.33608036560238,181.1697779955236,92.82097424901863,89.92990668324805,1
170.97159713445268,175.76422277010792,182.7316308553571,177.42280069914457,90.1859608961409,82.91509275478558,1
165.30222759237608,172.12751907030233,181.90733230319637,175.9464820940511,91.37226151131352,90.56523638780362,1
169.21426897482084,171.55256690329506,179.5089790271311,182.13013457008333,90.57957641188685,92.95498258442395,1
168.66362880265748,173.0877158498646,177.2409197325127,180.51477813264972,90.21847501546821,85.95485300978518,1
168.96522665147168,167.5747923711672,180.92314771584427,181.25719086150244,87.96426974206913,79.11335060158135,1
163.42540249034383,171.6488378289418,177.53374188944753,182.1173037633525,94.79469314608707,94.62138246044086,1
167.28698424999448,165.16486035223892,181.14280267892386,180.7920322089553,91.33884447638438,94.57584254668365,1
170.80739459543938,174.85421312713544,177.9707842137849,182.50264733897413,87.66672743759656,92.86805336156922,1
168.89832517493184,174.510822861235,181.8580293601886,177.32269313449066,88.11455392727594,90.17394210336306,1
168.38050803630625,167.13266564176052,179.69102028415438,178.73108215652832,90.50665880346764,87.12283881942885,1
169.14208559030328,169.51305240737432,172.43726700489685,174.3202679706293,87.24920821938035,87.70819494958222,1
172.84095797976838,171.07004932058328,181.71045851191928,179.12432421400086,92.15327098199404,82.71686802735928,1
168.2896413494584,163.8254700801141,175.97833725903223,174.5999433606142,91.4880231141773,90.83416558472648,1
166.06854332670363,169.95518189811455,181.8541770820444,186.5244363296236,86.99334825399215,91.96252027923722,1
171.58576336820678,166.37885182571353,179.65227858015123,179.76244052491754,96.24743292024618,92.11000211389812,1
171.2048234327712,172.63593277497796,176.1386203200399,180.51560542508489,87.10267966551348,86.76148492358595,1
173.1290572989509,171.7601435493712,177.0595074876065,182.46220354869448,90.6891775219451,87.08149510430609,1
168.42268112810584,172.39704343022876,186.1480917810678,179.27238211952508,92.02060047037664,90.24032607004926,1
169.16181311631888,166.32161471478082,182.91851798003137,180.80048204331004,90.06592919746163,91.83341914465262,1
173.6684424930174,170.15641022543159,174.58596446329943,178.31478343263421,85.3938242273348,93.98337156522226,1
166.7940292044734,168.42218487548533,183.08910763696386,176.3947181936241,89.74566881913236,85.46576672574496,1
171.41975342377123,168.02328673211832,179.69127719828225,178.24674700387865,93.02381554030029,88.01903442661198,1
173.42479223572875,168.61853195568293,178.3660453656916,180.59171583796345,88.57705591672284,87.37024799934893,1
167.05684064831996,168.0140294764325,185.32960037207224,179.6618440645864,92.92904313602378,94.71552059889706,1
166.02992954469653,166.71430936520886,182.45434563647055,178.87363914191326,90.5566080176524,91.38832314406686,1
177.49349762123185,169.54045644961488,174.58432244256886,178.26040830072904,86.35270065217415,92.93545170058269,1
168.10028760662607,169.79997214616498,176.20345555791098,188.4379288483864,94.30557566690094,91.54457176449343,1
170.177284036795,164.48428936918398,187.79611218050053,176.4030669832787,94.83483227649334,90.51059861499424,1
168.77915274065327,174.65550488391935,182.1744891719196,175.3838335782028,85.60660684012456,90.57619534068148,1
164.8400345097332,166.51499846731693,177.2064983127565,182.29367843885495,90.33877227865524,89.18588376608028,1
164.85291270481534,171.09839206658697,181.13070703049834,177.00324675612794,86.4927213641896,93.0233803372996,1
173.78010264940818,171.66953637035294,178.88011884308693,181.57081209774353,92.78011432802268,96.39250559642335,1
171.36957830857236,170.9301492796675,184.4723247068945,177.24982050403818,97.46733419586727,87.99623942023793,1
165.05650526667333,170.77266270359175,180.16060770532673,180.1334692190002,90.65475976837409,91.17576537925602,1
169.905827852121,167.43128665053058,179.23987088705107,176.75444901492477,91.69292645500957,88.57201919593537,1
168.74531154601144,174.85889342862956,178.31988105465325,183.01646295606787,90.25019061319831,94.64630377198174,1
166.58161164580585,173.00374563669493,180.47910090602878,177.38895973718346,94.84923936212238,89.48989463990476,1
168.2447828972008,174.25137960638708,177.68361877635823,179.41778022227817,92.21667750597952,91.28223283242905,1
173.46691336594222,163.8977973870872,183.67639551595005,183.88349230635237,93.83270224319942,87.32677491706431,1
171.78457372383937,175.5109621295676,179.0899275232196,179.75570151621994,90.4714780232941,96.41202372537114,1
168.63427081309524,171.8438260714078,183.25386765550653,178.05084415767436,87.6134062498769,91.9262147227162,1
172.23172922013745,169.27842836707958,185.63797998817356,180.25945233715012,93.90619917915454,88.61074105927044,1
173.9390178224126,165.84579236666738,178.52912804490276,175.5310898161451,90.71170356494821,91.49136984201617,1
171.1300409592243,172.25620160145525,181.63492303139438,179.8872113614659,85.29019015247015,87.92189484779152,1
167.29125230418092,168.22990378881568,178.03197099981435,180.09232386654264,91.29888741627143,88.50812402015711,1
171.10654534224136,169.85769649135798,178.10166615712765,179.29488799144764,91.72849488419786,90.88295528531857,1
169.93223750564184,170.81005974100705,175.4691758417988,179.34314854372377,95.63332088402038,90.66422673637446,1
168.22176148798758,166.6137243481723,183.21848420886585,181.9660917797695,86.601177392113,90.82496640258454,1
165.02167236927994,170.13685576921804,178.89273689943363,180.53912540235203,89.70313323673662,87.17434996354696,1
159.25830032618236,172.5554876018667,176.30918727478016,180.88178094301333,94.5987713959746,95.9626282288742,1
174.44349151400075,169.73064900533,173.73090352054245,181.64642203392697,97.24312350367572,90.53394531901913,1
171.4643596443144,168.9363912254893,181.71989756806747,172.85076179775098,93.62732879505545,90.27162609899841,1
169.8906894943338,170.3725338361347,175.4303784519291,175.7685038262877,90.04932807194429,84.40363619894455,1
165.54838240123632,169.0597626434292,183.12456761241702,179.34579424996002,89.7924073807988,88.5730903680178,1
169.05625792768677,170.50349970204954,181.94807308324783,184.37122673743826,89.32435380948725,84.73091400221766,1
171.7556715855899,168.36739082112368,174.19594398936997,180.19096149981064,83.55462451904837,87.03139536257018,1
168.89495511801522,169.7191804829608,180.1797411459264,175.99478875662152,91.80839917967305,87.5593867885565,1
170.2957717015828,169.7284327709699,178.9067702219621,183.765279821506,85.42340895781975,93.05329114383717,1
162.33792350512246,172.51277256965895,180.15278523971688,175.97754394961677,88.16444808603256,90.38875772644928,1
167.68291027906912,168.64835424853771,177.34462290213213,176.95850101460542,89.55368200841141,86.34645457961251,1
167.03188878994112,169.45569801382518,171.38018121579563,181.21046277406094,89.00335241048931,92.94073386853269,1
172.51525577157412,168.0321339927457,172.92315497776494,179.51592600841235,89.16473648398147,90.66326835887996,1
165.81523967630693,167.6172079672011,184.18420165096302,176.87538471335407,91.91110637941667,91.7475216522007,1
171.83995313901835,170.91444708146935,178.88518672171054,177.1007622233561,89.4226931490108,86.86292922252218,1
170.35781427431246,170.83425487787812,182.16454413294915,183.57546298068053,91.85993012810134,91.4865085537847,1
169.83719537208302,166.9866915439668,181.2962908031836,181.67828904326143,89.0654786563689,90.57623830216048,1
169.2790817440375,166.45248818890894,179.81476727784556,175.33069747593998,89.37877967436073,84.65008652257829,1
171.33255556919477,172.0033053055545,185.68477366025488,181.94254467054145,96.11389875909585,91.4898480654857,1
170.30857278175517,165.95847445590104,182.31169437208905,177.69016123957078,88.96341174432439,93.52077663947195,1
169.6140829737452,169.63568921075532,177.6835315320144,177.9817216431566,87.50987890336035,85.8938889991918,1
173.33879881375944,174.7843678695343,178.1474784188345,176.6898581943299,91.8239850634065,89.99918255007425,1
174.56944359782835,170.44052565496648,176.06293644556675,178.38169731266024,87.63503152662982,93.06661692744237,1
167.1027451434537,166.8330589757576,179.07229665017294,177.13286638847885,93.61554389516232,91.7866171731826,1
166.34873318808428,169.64144167201022,182.7122532514177,187.20481690881394,95.43585808721956,89.76485250091928,1
165.49218650671352,168.99502590149373,182.98485065610666,181.0271650573256,88.52241225400645,89.57622178044669,1
168.19743646560315,165.48401960750311,183.31829058523257,180.2967816303028,89.3823593672136,88.19725411365623,1
168.43055283800646,170.93779302965785,180.16326449102175,179.11162966531538,87.20922474374704,90.95903726596987,1
172.73301133509372,164.7240683474565,180.84960416871212,181.5067181862312,89.10942305347241,92.71931740132769,1
173.44746624490585,169.18477500530324,178.38689542518762,183.64386976855138,92.90448597582535,91.34836556924222,1
167.70362252092656,172.33164750155956,180.2387104243847,180.77090037816998,86.42038570087917,96.47153019673063,1
173.12012258807508,171.62297470443517,179.47681917581048,185.04536577265242,90.9497123965094,93.99351520097211,1
170.70962475433373,165.66759779781117,185.12996087834708,179.67426982833405,87.65169531347911,93.03033595911019,1
167.4226165913057,166.2938321447047,183.8117172119718,176.38134279158106,89.39944775601435,90.12474089168805,1
166.98244095800482,171.27610749968153,179.1573792631783,178.8089103337704,88.1925902141548,95.59472443252702,1
166.98951179782506,168.3708419867597,182.8228028844449,180.39604246281317,89.27256788994941,91.64827183818335,1
166.82449541034663,168.27158977613536,179.87176984259227,175.89636921547634,95.75222718231674,89.39799556004436,1
172.63909001329424,165.51025642230442,178.40438414046366,178.75522473391808,92.94082717273442,94.16123423110295,1
169.11408354173236,174.1268179698385,181.61255898525596,181.69881832058428,92.1194595816019,94.33034081177243,1
171.6734504260669,169.4164941719394,176.74818233029563,180.81676446258632,84.34600580264633,88.25416772591065,1
169.3853076565876,171.39044067910777,185.27197325955058,177.74276681364987,87.96524140401635,91.41490185010947,1
170.65603347505996,169.0324898777384,181.17450077388165,178.28412196114465,91.32052783604846,85.02722649813177,1
172.36942221557499,168.93454025807213,183.34080481986194,177.51791258562102,88.45726552920563,82.63323228230887,1
169.2975086477647,170.32343222734357,180.23039369407752,181.35147543946465,87.29364783143971,87.45063713067839,1
166.92622486712412,167.55130187449186,185.43336390642605,181.48339574044664,90.70594430114016,89.54196114986281,1
172.38649205646348,168.40593552227472,180.08813342386205,178.49754848047985,84.15856865344175,90.6716071453105,1
171.87970946296346,170.59948405981555,179.9221946783454,177.90569669461453,89.74994683221949,88.57811605373126,1
166.74155149830275,168.49004698468445,177.65331064206904,182.83472755544298,93.04161196468509,88.50866596948082,1
174.98693252325097,171.79183519391444,179.3133129652368,177.14061879908903,89.51276786073842,92.37003093114167,1
169.3983513773273,166.89377860921596,179.25555343079418,175.44347320941532,88.47867083855131,93.69338876346639,1
171.55638083146923,163.04995421195974,176.3273912768915,179.85739036182446,91.8794577707435,86.02823257114923,1
173.36731992213325,173.36160804107186,180.15105487624288,182.61847344534263,87.51099835764191,90.44137545226205,1
172.41653068115974,164.9142980417139,184.91517438515237,178.2035981815057,91.87926645081585,90.51849954077578,1
171.05166779722188,165.84610788203415,180.00088524256986,180.0257938823211,91.32870597513201,93.77177433206242,1
170.5699755372406,166.61858184783603,179.90629608410475,176.97273054501278,87.35334566770996,92.13016672947015,1
165.730566545265,171.26871461892395,181.0080140675639,175.47784581842473,99.33995058577918,95.86028756886473,1
173.0054333401795,172.05600054036287,178.44498910343313,181.3084397350502,95.25128290147752,91.38280223645562,1
170.83922601276348,170.42198332814192,179.7855048552265,182.01224561569347,91.49169447267778,83.97966683939966,1
170.31565669653628,168.71321333121182,180.8343133417546,178.77967535081987,87.88905386347449,90.28780587384016,1
173.85840923200197,169.5082199189418,183.01564296359936,172.86008095981236,86.28114357626737,89.2736845447069,1
164.98257789986198,170.25890514924586,179.2510495952785,182.71781667909255,87.62069089566299,90.62025841984996,1
167.6221995648367,169.36709412451842,179.60285040813417,177.95211939343497,86.55914085136375,86.66811477568409,1
167.70168876515257,163.2871247918651,179.82014899733974,180.31366018042758,87.11232966683527,89.59930049094514,1
172.96024082344178,168.02645329149365,180.38449054190912,179.58592760664345,86.05044086827934,84.57285917072788,1
169.43255198536218,171.44366149214542,178.9051401378078,180.34372806202526,92.64339403450748,95.45831035824678,1
179.42376292579064,167.43385216522083,182.34423090151176,179.4276427019358,86.06912521262554,92.2611867615299,1
169.73326219090967,164.30466117536776,184.7275287836016,180.3676721749766,83.23783291082455,87.71203412602941,1
167.53012520555657,173.64007137648125,181.87273311616457,177.20556007415684,86.4631429793744,89.9860859154521,1
171.37318545199312,172.47522891541593,183.59250468197368,179.22677988233085,93.89625862539263,89.6165569988213,1
170.78698349791398,172.4364659936426,174.71613869539652,176.08542135965445,94.21027921881102,95.62324917010568,1
172.47017044329408,166.69195661091322,177.47199748659077,181.48067184182332,96.2247968733788,87.10101476686899,1
166.95520470839946,170.32914661799555,182.25204190294298,180.50686455630475,86.81586091405548,91.80496434272521,1
170.63717737758918,170.052151097557,179.48087009712467,176.895681437229,95.55287932249783,88.09051122894684,1
170.7398589551786,172.02356905257903,182.39515165617397,183.21396592573038,92.61139938738704,90.27905822677583,1
172.1720360069446,170.78748787692592,177.5701643081869,182.6710245579878,95.54467631537591,93.58184785179526,1
171.408150817442,171.09733172676079,177.57766355891596,177.7564092141071,85.8322222324817,89.10286252832631,1
161.77764353508684,170.13033143460277,180.137350266491,178.00506220385967,91.69464409852131,87.79689005267171,1
169.7679056392529,164.67232568600875,177.21021904137555,180.6535950715581,91.71996466406729,87.89869471304955,1
172.96915252447187,168.94980679840492,180.69964393844495,182.9337673115871,90.88861721599076,93.19936109413123,1
170.38315813401718,166.02776166258846,179.8452251117753,182.61767296800957,89.35520477980667,88.09083321114227,1
172.7053846029975,168.1482981934476,181.19177068357018,184.10720438840917,95.82638720070017,91.90012068250331,1
171.02453403233645,171.14762688567237,181.79244454408962,179.89630054803825,83.97049253427758,93.23695597507106,1
170.46261111216717,168.50372792268345,180.00619019862668,179.54921190088794,94.50366170935594,85.01119965417375,1
165.89804787502862,168.766271062309,179.7050890630317,179.99538760316855,86.42351259218232,91.95786901216945,1
169.60236847549263,168.18417599298058,182.3709197825118,179.62579994404837,89.77358981006118,91.48660718884463,1
172.49150540743034,171.6007101637156,179.35805118063033,181.1064852085652,87.76454868452461,92.10608382186048,1
169.28768781935298,169.94978641121259,178.9576229679415,180.00958567629567,88.02062551062627,89.77664048162421,1
168.72251018623066,172.1460314197928,184.32698072905566,176.76453493574957,89.92231345067182,94.05357508882238,1
170.511109089619,171.8979836355955,178.3215399527691,177.88799660714034,92.43639572003259,90.4287029986322,1
170.39437633104458,170.20479731987393,170.7216855767606,182.72661229672596,91.5793142251931,87.89735109006683,1
172.26445979766163,173.05300720771217,179.5751231921815,176.73279942368356,89.2915206565766,91.74497534462436,1
172.45998900607458,172.12269477992527,176.06377839631122,180.3030357010291,91.7766686001133,90.16459951241215,1
174.65278881114722,172.68371111863166,181.4923416320788,174.42743965779502,93.34179639497802,86.41935160258684,1
165.47638850481252,170.61892827432175,183.6581137050015,176.95317351018707,90.30990286810288,93.57800838067014,1
172.8799094790919,170.03073615725336,179.20408197849844,182.41312997017857,95.86761819109138,88.27947645472315,1
167.70513532337796,168.2803258853102,178.10935857496165,181.79189474073488,85.30205450178802,87.5547822314996,1
171.46488899081717,171.47845565935467,179.6685999045523,180.41964767934797,91.78626876663789,88.6116557714925,1
168.7185223022874,169.12110591057183,178.30286390315513,180.33420334123122,88.77315840232626,92.57894616905303,1
169.98303173466925,167.86291344182638,180.35656132817476,180.62944953103283,92.92198532487058,91.00188232780579,1
173.90521623224745,172.48593028331433,177.77585612133217,184.78296228225148,90.15169148124936,89.87102477739774,1
173.25248000024015,167.93458624079622,179.9316493581533,179.2385334189033,89.11939782672776,85.1774160550239,1
170.03744914605633,175.4741572728363,181.69524214952608,178.2842884770367,94.74267170273845,88.16061945109048,1
167.72030792280657,168.7779254118247,185.25315013800312,184.13419295661464,89.03052993776375,92.03174014069667,1
170.8823724276603,171.62869344353155,180.30228835587303,177.74113180008476,89.90441791825056,88.70160016537886,1
169.25832120423874,165.28719396562434,175.15202924270864,176.1834002036625,88.77535710358019,87.30337230951928,1
172.07688881982168,170.81405464029572,178.1207027610039,181.14746366805198,86.2952696095484,92.68235936889121,1
171.12950425974242,171.51032870705862,179.60681456662164,180.64817353840618,94.79983929135939,91.51809210108985,1
168.05795864566184,170.37553513443564,179.9074969620888,180.62284753206507,81.67843277900054,88.56383336261435,1
178.2903898603233,164.02877665518736,181.10908284070786,177.42248729121317,93.75078677685667,93.11095392925986,1
170.96558848176898,172.4928320492341,178.9510815097951,177.5719097603666,87.23455455472396,94.44365593510011,1
166.68819599909096,174.47069694900983,183.96150668882157,181.27700663139944,90.48483097081024,87.61091973050436,1
167.819008827044,171.5497798538861,185.54677675561592,176.4384805957268,86.81590174408889,88.46429062006763,1
164.75109382287042,163.9138582346413,178.08424631530258,186.20267668216263,90.97012339116131,89.1091149553535,1
166.14534609491838,168.53510663804323,178.61173079332465,177.62073767979726,91.57145223313276,90.97985823793411,1
168.8602528418154,171.20507101498254,182.3753283498884,179.34504790544761,87.62727597509013,87.76983146614654,1
170.24563119462616,169.6103361705747,177.45992844322132,182.32396211118143,89.08435604140904,92.43464043446272,1
166.52732185648415,169.88790511876837,178.54033256009734,181.43514328390754,85.90928886719496,87.79273126270861,1
170.63239196015476,170.53608727930816,175.1450259577654,181.4616967580001,91.22947499424576,87.61401669856039,1
170.12654411683604,173.14104221017288,176.00149800820205,180.65528618283497,90.21262016492489,88.73932393752581,1
167.53983300248538,167.38344401680683,182.4474412243698,179.96125321644266,89.44943453241481,96.28017522806982,1
171.95422477316973,165.43104035877627,184.0341008796599,182.43273963939689,90.33094314931252,85.75793987384415,1
172.34451732436398,167.9703782399655,177.2624606625796,184.50951596999516,93.24262859911411,86.72837713258302,1
168.4621862298197,171.06687703474373,176.86836568203347,180.04613937745862,90.02052527607977,90.89441295142773,1
167.4362922822181,169.91789942678358,185.35677564098847,182.32383937404558,86.70941308692291,86.48825731906358,1
168.46405918160687,170.6981125476403,177.664663593059,177.85198720937876,85.63689204382993,93.90488390413661,1
171.04368319253695,173.62234968374935,180.12660271487377,180.92282871601475,93.7629336651456,89.92562904552287,1
173.1734911158681,172.19037290532322,178.71938426692176,185.6850421941011,91.94229024059779,92.9361525235311,1
175.7243087201904,170.44157769219535,178.86747359230975,179.13223043246677,87.39394172426383,85.19115097316693,1
172.65134061876938,172.46235758918388,182.31675040474457,178.53084382215147,85.51099959952563,90.35307535341123,1
165.73364409356495,175.33115735725036,183.86361902122167,180.4003748704009,89.22519727301926,90.7220828208555,1
167.54918608757157,168.46955716960622,177.96766991912716,176.17067753415282,88.63908671062765,86.42019647120264,1
171.13256434223473,170.59969208654232,181.40104380312945,179.34534103077172,90.1167725984995,94.09894451318785,1
169.20406437746655,170.1928436469626,180.55896328453616,180.4978742353406,91.44270867894996,92.79672365063472,1
169.25723944529543,167.64196689241945,184.80685378970983,179.13363397819347,87.46997920232474,98.66913798758206,1
170.47480058408374,165.88984875482308,176.26055044623874,180.52446252409277,90.18843014462843,88.58348230960056,1
166.11475366499033,169.13636641660847,179.8836718902271,179.97471791244283,86.91148246137675,92.07814929231508,1
168.97805907058637,170.58280852634746,179.88377159218086,183.02807481755482,88.67121793578977,87.57391657720024,1
172.13358114496057,171.89870125641053,185.31915261141447,181.6675930780671,91.64363909249711,89.09835037617613,1
172.14778024532407,171.09267486518516,174.45933908503318,177.04330575181905,91.39284571864124,96.31282853248038,1
174.03595020656022,168.09741512419052,182.66000117884565,173.44860596607197,97.61054461512055,88.13332447823792,1
169.11581963009533,170.81477103664224,178.84103201653417,186.33117991128236,85.01715760846139,93.36635883054159,1
173.814845217188,167.50219760910792,178.98076501732604,182.773669933062,92.7312761211922,93.48873195970536,1
174.46592722508817,173.40258151210276,180.13180404458683,178.6103561349689,92.63399618798361,93.70018714272334,1
166.60920554102566,164.56319216217645,179.25801982225977,177.8715178639587,88.88413356692732,89.8721946550682,1
169.64411087697908,167.88115196278716,179.7126302700394,179.9267682414609,86.31200968654203,90.13437681418623,1
171.44168871827424,169.86399002925947,180.937274432313,174.90629958981617,87.91649775854746,89.7999730380685,1
175.92918551451532,170.7791013093063,179.77168028773426,182.51803359090084,91.8686153838934,88.27434478527255,1
165.82838214838804,170.28550949544817,181.30826935537164,181.670227420448,86.45272085756991,98.29583537181334,1
167.0628215360997,166.9890332012866,181.75220380226168,182.94949408645468,91.5067507993335,89.7594314385594,1
169.8248671980996,166.82175451147793,184.77606085192076,181.20440284045853,87.55778325020168,88.59185532978368,1
172.89753459653508,168.70573943685497,178.95609804327418,179.48826026375244,89.11958561239334,92.6172411353388,1
169.81341918395702,173.51246165354965,185.95610731402343,182.3804490867041,89.0309614661987,87.63718581047776,1
170.42673005230603,169.4754697992233,183.04711023452435,177.3562037343863,84.34617398565538,90.06035148877267,1
169.08274699374792,166.27264327724262,177.13431672906748,183.71469566430673,90.41183284872483,87.45317787079452,1
175.03310725877444,167.07093061332236,175.67329525046182,180.6658425377798,94.05117166717179,86.6964510120767,1
171.68187654496455,171.62418001504795,182.2385948804574,179.29130626855033,92.65276652772123,87.05199432433753,1
169.76310808273237,166.75635505859915,181.74921654246918,181.17230271541098,95.4914945489605,87.78957074840889,1
167.86043340553428,169.35927267175893,178.9734736039682,176.347274311163,96.97096044935003,90.82577308564015,1
171.95736002635653,171.45873926997962,185.37366226420278,180.27010563924105,84.48700816304084,96.66866164203203,1
173.39582037832275,169.47455328618037,179.66641418352268,181.38421223832776,89.22771515711041,91.49599709308666,1
165.53581034567802,170.49152962761204,180.78593884460608,182.9046217889396,90.68065878527038,88.96873080595704,1
168.26016474426413,166.78926508131147,177.46958819736673,181.07458585161197,91.28148567430404,85.87581592882898,1
163.8160626727078,169.27374615805547,181.5345492064131,180.52449793291115,83.9792919609807,85.86587790499584,1
172.67998736907376,175.0797904026588,183.25692627215022,179.7374133216905,91.05954259381606,91.70674006886563,1
172.23232088049065,167.70405019564166,179.0940524473318,184.96574512601077,90.08558132796641,94.33397361659223,1
173.12743296748835,171.74123934306456,177.80736288078634,180.0269442501931,89.20653273332641,92.07494877468613,1
167.92713011811915,168.48395321314268,180.00399526191043,180.88580871808225,90.98451433509132,88.08526986561701,1
166.0510076518909,171.63720299910398,177.08166627247195,179.3337411717405,94.00244963020657,90.38273907528438,1
170.109192962751,168.26417845452733,188.59005622138693,178.19764965106063,91.18173227560801,91.38026855986179,1
171.98842548248265,168.49759590787178,181.5221268110122,180.7284528585606,90.02244437843532,86.57416464984573,1
173.61498609675309,175.09236300567707,185.20539486746824,182.55386463854887,93.43116972587885,88.20100229401243,1
170.14109731216786,169.85298310174144,176.5469072915276,181.80698217722582,86.25442261243526,88.24890106630397,1
175.01208501093234,174.77132595583393,179.9409438745129,179.94225676338735,99.01555894328996,86.64104557839175,1
167.7441626481316,168.6360487347511,179.6303190826586,187.55763284418296,90.07716498256801,89.83478029967698,1
169.9111156449572,172.03013483803423,175.73645602557585,177.42114513264465,84.72054437110515,94.97322724962304,1
170.76767685339487,168.96972927010606,175.93850321949563,179.42286442880052,89.15202579342787,88.35391982431726,1
172.67998177671507,170.99854409081752,182.38338540552263,178.95236551535808,90.11637269828216,93.54900320967039,1
172.53628329052722,172.8459440738719,187.49306439603586,179.71954016796053,87.95702141264432,87.72766540350506,1
168.53755221079564,173.77138558267848,172.73180394863567,179.57610480042794,91.65342955310244,90.74070196998227,1
167.99416729290184,172.34552605922462,179.60983391418677,177.75105332002443,87.61037445811006,95.34876650387584,1
171.35962251137974,172.13118860847914,184.07220359224044,179.94620190755663,87.43747718261403,86.12048992259824,1
166.1872869583239,173.12785658415854,185.34662196767624,181.7177119361071,88.90284992045245,89.43181359817858,1
168.8591486091869,170.41840879558367,175.57339711001015,177.14452438429453,82.07809696501742,91.65825506497774,1
168.50697525987982,168.60110601212918,180.4487322017262,179.9703938526722,93.50641014453174,87.92341601754245,1
170.4812116138889,172.49587332343665,179.10733856796668,175.99469507054513,86.54152163110848,91.44410180572893,1
169.53196370832754,168.02251225764346,179.65965558464666,180.30135634291054,84.46786063485793,97.25064999137547,1
168.37299227991576,166.90613879729963,176.49082978951645,181.14645517099515,95.38821597197334,89.90402167060861,1
174.4622710705272,172.21365086881934,175.2262639266154,184.05219938454653,88.61367301905933,92.13680902906678,1
171.64573559480633,166.66469104108384,182.0361595710909,179.6197398596103,89.03844529422678,85.25035209786022,1
171.0222802645559,169.82227469120284,175.13097385215542,179.5159805431673,82.79580309704211,87.10420487244454,1
172.53804860964505,167.21478806012263,177.8354446396472,182.47174316413103,89.9652908584776,93.03773954883238,1
176.55325298802467,166.00490473751094,178.11049249688276,182.63559494674283,92.35611932787322,92.402886579915,1
167.74756081459424,167.78798839712024,176.07352972944872,178.67303602537584,88.28946477553755,86.78415545881205,1
169.84773490898996,173.13945683090776,179.17151972754144,179.80644600461272,88.63725575992893,94.72513471717195,1
166.86296874378243,169.50702711351897,178.25127247020427,178.92300695276077,87.79879601135787,90.95413112251211,1
168.57751309667995,169.2910927924983,182.40406437203936,177.79707250471176,91.34395174535628,90.23886692628471,1
170.7988753043218,167.13127546699926,186.3831379052409,180.4520260206008,89.02017050589617,88.33285237090573,1
167.7124585263895,172.88922890329627,184.19848394330006,177.70186028222074,87.45426584338485,90.98637072666803,1
170.65135143278823,169.325582515455,177.27653961868344,179.01497344449706,91.8777515331499,94.70051813408841,1
169.70995865305352,167.30586560097987,180.31508711762305,178.87226684299904,91.64979500291058,89.64466698995433,1
174.05192558978587,169.911735189932,180.0392303773199,175.88621298404826,92.31314890907166,91.28458405655263,1
169.5383355168125,177.94284111313547,177.45431442135188,178.07981989938187,90.2787383320282,89.23360264385356,1
171.72429155553954,171.51435329805474,180.98729528983037,179.90853400528948,83.26658369584779,86.2760544173379,1
171.94493043582094,167.99352855539294,182.52753683120093,179.17309656489022,91.45342199623646,89.08046896223364,1
168.21761895782245,174.84981928467573,176.06906486892845,178.34456643443693,88.51054135043772,85.0614917748837,1
172.93885592133424,171.63739383769567,177.69068884270413,179.90283223690383,89.60261593024686,86.27997405525045,1
170.13124558267242,168.31501120833448,179.60382424500406,180.07572906028207,87.1271433107775,87.66279251077314,1
168.0747136155937,172.33827845855794,175.66229963677242,178.68006625501874,88.08245650724919,88.22509971623235,1
169.32192515636243,171.52974000149314,178.26086506099122,180.56173210791027,90.21080195644416,88.85937100702826,1
168.3641374971135,169.57612362252044,178.17584096563553,178.3040558182883,93.99329620426369,85.79982434111913,1
172.2550712485241,168.72954150526496,182.28935496080638,182.00630521867242,90.34994360037444,90.48047735302771,1
170.03580585651378,171.77752336850506,176.9560449763302,185.3461269871797,95.35486447970545,89.08810180722425,1
169.46687987899207,174.4999699005126,180.4412205024002,183.91464652658533,96.54661526890206,92.79731952484386,1
172.21125567147675,174.07889114405222,176.91560609003992,181.70085055533843,84.41341347853823,85.25068766771652,1
168.44741921434075,167.66518926097334,180.68103571726056,174.95114612585104,90.36422883313317,87.26767892471726,1
175.91271867534812,172.49336555509637,180.16940069105976,186.12660340655117,92.07422332879943,89.67357132066269,1
165.2576773049751,174.12388321535005,178.80661074710935,177.58418815513164,93.57131017283565,87.36787548605821,1
173.31541169939953,169.98811504843405,181.65034985756571,181.00379160809777,92.53655053671848,88.09876516557078,1
172.6181551321734,165.7330330659186,182.13340576258932,176.41727944866582,91.32033519463721,93.87162510402834,1
168.0157399879876,170.83068654586776,178.67142188436523,181.7263949667641,90.95086280355841,93.48727777381994,1
167.0978543375662,175.1752859516269,184.52747351087464,176.73731998015802,90.08214521765274,91.36942580184648,1
168.06371245163038,169.14047509188117,185.22999780707926,180.5436104569973,88.61311159538283,91.19175962980293,1
168.64867925221867,167.49670508204426,181.84911444763685,176.20680003604357,85.88558559827241,85.26817753556251,1
171.17800753371074,168.9502082319595,179.05438396417702,178.17572180648426,89.4920461672574,88.36388649493703,1
170.5490945897306,169.52581663919457,179.51276605775172,182.54558211606943,91.43579337544949,87.92174991202197,1
164.55019989064985,167.87755590071689,177.08213055272344,184.88228563154158,87.73116550875176,90.04848344611534,1
169.3257942961273,167.77619719000597,177.00258261169623,177.54487476172457,89.39334218220516,82.05216476211086,1
165.80637487061247,166.93408579851027,180.13016697987194,179.87660900902256,91.47564611142211,83.26168426822325,1
173.55357696249285,165.8493060023445,179.25793722501115,174.44964138737654,93.19565994047461,86.74457095502146,1
167.97549249202683,173.64571898752317,179.48894882490998,179.9703429103521,87.60849450694096,90.46709336278008,1
170.93255140937117,171.35014115059525,179.75517006442195,180.23778544242967,88.84793954348058,87.85603844148658,1
171.87331596269505,170.45321368997952,179.57027201223613,182.6279122232662,91.0811768528835,93.30379713488482,1
170.45204870771082,170.31717876975793,179.5611398504948,179.48209773059912,89.9904453969224,89.139688567901,1
168.29894570796532,172.9622972037046,177.4713113553236,181.66218070813065,92.03740623084548,93.33129093948301,1
170.26545948714042,166.92610829620173,177.5750335861534,183.39974027347125,89.20046888685687,92.16680215651961,1
169.3386540128259,165.44342471709365,184.4668556699997,180.87184017295638,89.93578443264178,90.5186511005459,1
169.41686879911504,172.72021178906448,179.65207550686944,180.05712740541657,89.74667299770718,85.33796983751958,1
170.3302474782144,174.84594203974638,183.22677388501845,175.3272969916404,85.77937292048188,88.21578395218391,1
176.46538829462006,174.4826910858892,176.75504632141477,182.9975670816139,92.43057720226581,90.11039717583051,1
171.45324781516643,167.3003955995052,180.12254992840974,180.6988377264924,86.88767353357781,89.18450602305614,1
170.16838172579162,169.16799794216223,178.84360110839398,180.59773287113006,88.3434281484055,86.28443531070656,1
170.04934110550155,169.7576305531065,178.45785971806612,179.59828565137008,93.07499719815205,88.32623120724828,1
172.334055688687,173.0194827079019,180.67164351404892,179.54068861272967,86.96279510778268,91.53112667236968,1
170.52081239924476,167.3141104705729,180.88739132386138,180.28137699759083,89.10291601095193,89.17536679595904,1
172.48675660058717,164.9742443149038,180.24921385339468,174.2453289455918,90.99619558783728,88.1638191951425,1
165.2809256470249,167.68517791362808,181.67911340791045,181.26620328767575,95.23923226837161,94.2983466068645,1
171.69744834879097,168.8876454240254,187.63723104182571,180.85577584211538,89.45463469801963,89.73192200687072,1
173.03544148051319,168.56202914313718,181.39030970968116,182.44219450541044,86.88687271564264,89.58897728850916,1
164.9174824086344,170.131771314996,180.96100247746236,183.74539263505807,90.55935235277443,89.35461634314072,1
168.08307456147634,167.21331564333062,180.11022305265243,182.17110641078557,91.25261198702046,92.57515480349832,1
171.9913526150018,166.10967141642624,177.91215735742549,178.94985831924868,98.96135695917398,94.50425868110081,1
165.54178618288458,170.70583762369938,176.3315928496582,172.44969146409852,86.41667382827515,92.20412690760756,1
166.8274117532417,173.78805102182048,187.26335047031378,177.6513923309347,88.95648940359737,88.16888404066299,1
171.8730996634876,166.97233467580884,178.9196868532899,173.4142988941487,93.59659599115497,85.17523752758635,1
171.20764432664313,168.58002591784248,179.93721046535055,181.6446807382444,92.05665672621906,90.47131653554895,1
166.70059465055976,174.4442425297877,177.75671805472896,186.62176970153098,93.44375574446858,92.17201275166818,1
166.38281344495428,171.66836149856397,178.09242853302817,181.93019226486123,91.19582217804795,91.06382309346776,1
161.53399527330058,168.97026134081236,177.23585131035986,180.02792985966764,84.23397629638434,93.19655426048698,1
173.36170232438167,165.76733639485775,182.78220052926923,180.9548749416301,91.43795697067533,86.54259565836078,1
167.72177530074427,173.69573113836003,181.076063132214,177.29959934978345,94.12869951929859,88.09771430640711,1
168.310791135454,167.35190714408043,185.33009196459707,176.7469979628607,82.90913343621767,93.00914966039784,1
164.41530391111345,167.31195718580662,177.59396323796514,179.6932858502866,88.90141570176145,97.41061004774444,1
163.67211763691006,161.25275054890895,181.95331691003662,179.76842234653907,89.22796721329858,90.59145478737926,1
167.38179212254735,169.32895116284402,184.8459982413106,182.50181571133948,87.58308717816577,89.4408154827676,1
174.38312819743254,166.7134991797498,182.50326455778992,178.911346944506,87.40082267002215,92.87292641011432,1
166.24682808637618,170.06025132439143,174.70606737517267,183.00034983038805,84.66070747751759,88.89245222303678,1
171.31252867593776,165.88616641945637,180.3876108107642,179.1594799074628,89.37814184816555,90.64999570971702,1
165.94327488787332,172.90254826965509,181.88833581637556,181.55287158129383,85.57206370816124,87.79592286563339,1
177.6193012604636,170.6867907895577,177.7005942159638,180.19152625562378,91.36679798295602,88.59795346893179,1
168.66195097066822,166.732578986181,181.94497766002652,183.20774591911962,88.29658901501197,89.7145304289335,1
171.6910714797885,168.94236044670757,180.47225389840966,170.87830978649546,93.73842316332612,88.38898384070266,1
165.0531601745576,168.5866108773668,180.32976649084264,182.6520313797883,87.55876454927092,85.68402784236098,1
167.3370150129323,169.17208376837448,179.19400586056534,179.0623243158858,84.63409641658019,87.21339672096475,1
171.3047366745949,171.9359822723176,178.67110190119516,179.13185330396894,89.45230752757534,86.41180581003628,1
173.11657073031603,171.01726822049906,182.03887423465247,178.80679832031706,87.39905751562046,94.27391373121776,1
168.00266828171843,164.90601895651184,181.69738434863888,182.9636823656195,97.28793318878287,89.08159526852626,1
168.03869498367217,173.15777897329087,182.14621675740787,182.52689113920147,95.61554185806173,89.74966495754327,1
165.8055138752581,165.07280728728287,178.42809869202705,182.04885985345194,88.22877274420036,93.18577293960334,1
171.5002721638012,166.94517348611274,177.00933093017267,176.12459505880767,90.08880292640907,91.2923696240589,1
172.15173829138138,172.45240141817848,179.58475421714115,175.91394271163693,96.93412350203721,90.19788111860159,1
171.61786938855565,167.3153564977021,177.62747825401584,181.4888854677481,83.41625019841781,91.57796896300496,1
163.60768252303674,166.59178657238058,179.06624945092568,176.0036319255133,92.04480972990723,90.72276321231098,1
174.14304609334204,165.78084480068947,176.92334061778556,184.36829690441579,87.55452730642327,89.45331755137069,1
170.02184495199108,167.93812850759116,177.14394130966573,179.4846103438145,85.54360867084606,92.04335218940567,1
167.79665135893984,168.70831633769453,178.23640168849568,181.07456901335775,91.2064107641295,93.51694741695084,1
171.14522578967924,173.96064940221206,178.9546395990733,178.63129620849213,84.87893939054842,83.49511381197085,1
169.2805498162669,168.90418119962916,177.60700067220063,181.8167023098285,87.19543794735664,92.96118644728217,1
165.57822454661328,166.2712118252717,176.49280906366408,175.8733004485307,92.292783272165,96.42914547167537,1
168.72389283145185,169.29929310179273,182.2403605994939,177.87714198259906,91.27902122028677,90.4807216043675,1
168.71281928545574,174.09158978662128,179.96046288179622,177.76077751298004,90.83825385609877,92.4138943364052,1
169.35147922562544,171.5417027826163,177.02052207990096,182.90184199544692,93.22297513072957,86.10251733622971,1
169.34921953651457,168.3380863581158,180.85084744253018,182.2444272208485,89.17226619259019,92.09132129602509,1
170.93612501392468,168.75196304865884,178.01537040578344,177.20665055112383,88.87248093274182,87.04580096600908,1
166.05443081820292,166.92543126608768,182.09382988995736,181.5333146274449,94.21828232584329,84.82315979526972,1
165.4696292588284,169.3898636869684,176.34692820324776,182.7057997543669,91.3446118262017,90.45778499074578,1
165.59099621245946,167.14535143832856,188.8333760524814,178.07566081256212,91.41572833391717,97.06878999623073,1
168.56226013393552,167.94410343823603,176.50536310192362,176.87801404916937,93.28237225368098,89.34006618194591,1
172.4164737801738,166.16191813604163,180.19410550196113,182.50196619402328,90.81084415392019,90.26988276396253,1
171.36010568881355,169.7617424121549,179.101662670865,184.91669501042702,92.77861025169507,93.9517934338178,1
167.43122506176587,174.8996918032983,177.25605216661987,183.3527922373309,88.8418362724723,85.38075110258019,1
170.66754916362532,164.81597575224873,177.21562393806124,174.12561843495027,93.49979338812312,89.79400622845506,1
172.49820830633942,167.59034856689397,178.82652669709495,181.13981318977935,91.11774175778285,92.36709455012753,1
172.30300665247978,168.52075014943503,182.13226098747666,177.10507551261227,87.17267588634498,93.55527523068609,1
168.68711587286862,166.61958367889284,175.8371127797699,181.76542725447317,87.89154433328828,89.17917815087803,1
169.0324698943513,174.03827415190537,178.19399578892683,182.09286580097805,88.52394306723163,88.04590015972744,1
171.46348225410225,171.59614270404796,183.0954820982743,176.99558899248072,92.53994657062644,90.65194795673659,1
172.56085415839107,171.47392126660057,184.77110808823537,178.60648591723702,91.54872770086759,90.21160787668988,1
170.07708019244214,169.61012223485457,180.1626601330308,179.06158387166502,90.9157783413289,88.66900229963113,1
165.8968667380387,169.06906725878162,183.08502959744732,180.86826526951484,93.26527352116605,92.65569299656146,1
171.5184682543316,171.46800597302015,179.27318813235664,181.50675167010792,92.27090710532292,84.83405305149128,1
169.4481740121611,170.33771939881254,184.48527715012332,182.98732529155328,87.39554483896626,92.58878536025856,1
164.2665990201379,174.3085394263389,177.47119471704158,180.82590236440697,82.85452546091733,89.24525561884096,1
170.15474086334564,175.20796646925928,175.53428593652032,182.22594296624453,92.2169176332188,85.72659798207975,1
165.49038865074525,169.95077221730003,180.21316021156886,180.9602785812769,87.14005744653771,87.21860461339172,1
172.05542699452351,172.1587123421439,175.8763878370771,173.00560298499246,93.00588804087508,84.56170549074677,1
168.80695612567328,167.20264518576474,179.00632979031096,180.54843500634033,92.28761492344881,88.05428051377369,1
169.44983743773258,166.12282903266652,175.9414115715904,177.26716070924405,88.61920046693794,87.95539876960184,1
165.19915320346212,171.69308423738693,180.9742467053561,180.69326496367782,92.05524939681298,89.47073296837083,1
168.89336474104059,169.99330127523396,182.19703052577412,179.95229250374211,87.70888914616802,88.54869579657374,1
168.21509410086867,170.33837947873565,175.8538829786222,184.46249818404752,91.91998636448876,90.34595679385755,1
171.5477018872732,165.52019011694966,176.40494885466438,179.98836795852796,86.43211535234008,87.40048133907202,1
173.95509331339863,170.77369960211286,180.65023294092327,179.4870758856635,91.38760793521652,88.40427221642206,1
162.16714330986704,173.81357773304586,182.24622416905024,181.82279473900667,87.66393026120802,95.59413536749923,1
177.9130233062365,169.5366917833846,177.2530360969527,178.0308860153777,91.88030619066143,94.21215310355004,1
191.7503487427639,188.59795794176924,165.01225773321005,150.35551030209893,99.05233074340134,77.07575357051472,0
159.35425962442562,145.38822023544748,192.86280195216247,194.45331880303385,87.9828014763432,104.40313479322622,0
184.52895616455086,184.85557680417674,186.36380090788174,188.38842069651304,67.94017178642828,80.48784623082672,0
186.89586681346762,149.35956431696556,166.58427982796402,166.7659816984398,68.22421635822515,76.3038974036761,0
171.74893642416015,185.3693535806152,164.1185429867992,162.26055902932188,60.19517986158537,77.08099517718365,0
181.06818375434628,181.46089512271178,191.72548398778164,171.13935677279613,64.85929634778807,87.4145295705027,0
173.72506616436567,147.37560121500556,167.966113601435,186.57474052071734,75.8608718520586,71.84688253632507,0
159.0395509268498,181.54939411663548,193.18458760796133,208.0713146697984,79.41658424333578,107.04593238071568,0
185.84580134180533,146.25160014247487,189.9913166988793,167.5829093920343,73.58639370282414,102.22352356230648,0
155.42442838420376,179.4182049288764,189.8059921184151,168.4243426943649,96.41359273122421,86.88366953183152,0
155.9634172912726,141.380513493337,170.923818307032,195.43638848314413,105.92337941206928,107.77657862341914,0
185.74914460510973,143.78770466389753,189.17057641805073,189.78904657744079,106.15210282481753,118.39524340049388,0
188.60989540625275,189.35325089586195,191.42071122328542,188.2165605952947,94.87459879884932,74.58564467516554,0
186.20814186506166,153.33972031388598,204.11993053936376,166.5069479794348,80.90790515681982,110.09814160796643,0
189.23090472609005,180.30291330868695,158.80533261524621,194.17216770281323,72.63933200071817,80.49576228666655,0
188.4533563638986,158.35563540624926,167.742919442945,188.71808629554266,77.23423205122167,109.73612051753746,0
162.3119360959508,158.82924938310586,204.28025880247048,177.3833611382281,80.18422246676855,68.797083550223,0
159.37027871065698,188.22680141709847,165.91740493970735,168.03339866186053,81.20402870267326,107.218994157086,0
150.30429626801208,173.3305194488735,192.4564087305026,192.64484736014614,100.05212322575521,98.81988743351937,0
156.9861943096925,185.90557211978856,169.74399152122405,154.34678302376645,100.09790305402795,71.65346665212351,0
176.69953407425717,156.6998568539633,170.29192069794405,156.0729047530534,73.77904311253103,74.13217225196348,0
147.960513049771,179.40046549076212,193.9573555900193,203.31948663560343,110.57199460496649,67.25708579151369,0
161.92203333149195,155.16441797282823,163.12677112143945,164.23469430248647,96.39539999490582,82.39142055409621,0
145.8675597483125,176.1318097859212,199.23570650339886,171.93370897479522,101.02587373402683,104.91077183108436,0
192.18593848417606,162.2757424067378,172.71766793100872,166.92523168440337,79.05329585394824,76.90213879668258,0
157.62926015528276,152.7290508605325,157.27849453961784,193.31970301055253,81.17859612566262,77.94033354678203,0
151.93463627173205,189.82544775646545,186.58258693339297,164.74103635920727,109.02674145909747,105.39201657234909,0
181.3839205799544,186.66097114676393,173.96354850742472,195.9335635829249,113.73522149720114,110.03181258116545,0
154.67279606891537,161.256947352973,157.98126545078088,165.35464800154392,75.50692697837691,72.57303598672974,0
158.22969688576654,190.3835807492636,177.48299791096764,184.06304806444754,99.20755454734147,109.12275204097551,0
163.57713450110992,154.23317003582963,193.45365782624395,200.4734112912477,71.5881684730428,78.0173502184467,0
182.45060922957677,193.26239774997387,164.19294671909887,194.4633530850974,73.18719718720038,73.48974418006524,0
183.99772409168992,156.15857412546598,194.4593134050521,192.50799567965342,112.12890490922481,74.76881381451463,0
161.78779043818304,150.60478449921774,173.73113621224533,195.4981777348656,78.35292507667667,105.69905834237575,0
178.99242847079537,152.34195733972444,191.7697454624818,160.86249814543095,113.6865392428245,98.29263782711752,0
185.2939215585432,183.55217970369358,198.4297334007505,197.49490642894912,99.28222798199715,111.10522407265663,0
171.3572129566782,189.22760401272973,202.02768808584563,182.9103039688271,80.86507402687555,68.89433016257658,0
175.6901175331324,160.67552863872865,158.41936002710608,161.51593145330665,98.72159931029506,114.99293085300557,0
182.51186549564463,156.84514589064915,166.78954032292083,153.90742211084074,73.33927672102476,64.96166917073656,0
151.022534874234,189.06650653984494,164.5193462145653,196.084630182987,110.20841128462256,76.84977993202409,0
150.33546065324313,186.85549006469842,189.1175839843568,181.6664948103497,107.97690505132267,73.46960236281264,0
182.83169067640497,190.42837925069625,192.32235239256488,194.34542128929303,89.2550595040172,103.71658872925865,0
155.19872478241794,181.79797929510974,200.7783236686675,163.21313023723866,109.75640270146353,69.52575352257693,0
154.82063226259316,148.4080303466969,202.50849246573176,188.4048523220703,91.32390569593318,82.17518294063849,0
151.48714054655304,151.21304842944565,165.17580893497262,163.74213667804852,70.356833982815,78.09191541741835,0
183.41928014086506,184.19450887449642,175.16941405035027,162.30935149377825,78.9842454696186,83.20877438815498,0
188.88274961867165,183.15207538983944,193.36294361475123,191.81647460632811,99.37902478052924,94.5083905355696,0
166.88706273047865,179.40217555610943,167.6000600060072,163.69679372736294,77.70897870536028,80.18421358252114,0
180.1074309658736,160.10499052680055,195.5761386698889,198.84171030059554,65.73704362406937,111.60195855834417,0
183.561038550356,150.6812003018375,197.40424752796235,199.05993353633727,72.01597435056318,102.70890084725691,0
183.18595759998473,187.49050606473315,191.68982811765767,194.93884053043945,72.58792612397312,70.92797217236102,0
159.34695224325853,174.52474866694217,166.1320354334379,198.49364954062048,103.65308500931248,76.00472149169053,0
147.74295708294594,174.98842814525403,193.42517997272472,193.79434391845726,73.4168079787811,75.10327462685534,0
183.83880327244873,175.42957665752888,188.58980163621632,159.61364217317274,98.11405847054566,107.23295226772817,0
184.94179619235726,186.3577132070433,162.94160637306564,198.63872834674035,73.86392113998035,107.32184614799347,0
145.42166513431974,160.679796642205,196.94319905866766,167.33116433482257,77.24267145667294,108.89431137208074,0
187.50422623711685,183.2170544803006,173.09396878311355,191.2638434333541,86.5127547709989,103.79082004311213,0
172.98908140256344,156.37325023273155,193.91901592810873,192.67558379936864,74.80601836854822,100.70039192054374,0
191.5299485198683,154.91013286773958,182.20382661354722,159.46168261599567,105.12030273748374,108.54007356319278,0
146.51731931963138,152.04250408557584,174.10070197638467,200.23534921494894,106.88007929493803,106.06145130716669,0
178.13113744902856,156.61469829520124,166.14258413000925,200.92432507373763,100.68530518886988,109.28102967376093,0
145.52369006290837,161.74002096456266,187.90158115363704,164.6332616588905,83.81699296218467,99.98846876814908,0
188.94064166424525,190.9369938355174,168.10465299932727,169.70662249967876,106.20368052972883,72.3649689214242,0
157.62556025826484,165.57494647995085,190.97771827416028,202.50798694549223,112.20387180895777,95.77671637415474,0
154.54549384350122,184.4414929186726,197.83345172590592,194.2240818458739,102.59386785156019,104.52818902927895,0
152.4495727910149,164.8756824101799,198.13561207572138,168.57805857620525,97.48591895232879,104.22340291720607,0
182.843842283266,187.94925414646,160.37713974160815,163.67342572989915,106.228587788183,84.625759246853,0
158.17536399982072,152.07091157274544,172.47812699881183,183.51852069284527,106.79814676500634,104.12182885045148,0
193.63337082706346,191.59658246621876,195.34880179532965,193.24458656077815,78.15098556269263,59.596889109525755,0
186.63376946575488,162.33416424009982,194.26032800965015,191.46822148396387,108.55778144353911,80.40949467213274,0
157.55684778336095,191.19396610398869,162.76109133722437,201.77990323189323,81.96930192582201,105.376148896922,0
186.1203435690216,156.67305350608794,190.60976619732617,174.07936567176574,73.65225375755355,61.92034493936181,0
176.56643375888225,188.24276658377744,188.98571886670237,168.71300261123378,82.11417427214643,102.46321136388944,0
180.28791897713734,146.881108534652,171.96876466131027,161.74442984258616,104.9777638532846,102.2616879133339,0
162.20941819018765,180.8733642210716,168.57558744047637,208.44259957724623,118.1308804482349,115.63153702445801,0
180.58696816237094,188.13195008601528,161.5514364314926,161.4174809254545,99.46553261681458,74.87045232167274,0
187.43399483067392,187.3140016176941,177.6794024097384,200.17236603681647,110.23815355304406,104.17420211761403,0
185.28024195234383,186.77849249590915,201.55338859533322,177.22918386478193,68.11906004864124,105.8314347530145,0
190.560400760409,175.2224511637087,166.9401004030128,162.1964152052141,80.67951951147565,69.15801734583732,0
189.71956270430954,156.16286010772197,197.68202818768984,167.88894763118049,97.38779660684816,116.08030071797243,0
145.53902095353288,155.1089574646859,177.03535233984587,193.3626484918651,79.210930344524,104.36485590221127,0
160.52414739838164,147.05676207993375,168.3172275954218,198.38487217351053,95.64942379063199,90.97981514586995,0
164.3986709774299,160.33236381760776,173.14959900773513,168.3902864904042,70.84882193421066,74.37010626290373,0
152.54687319384806,185.34811056781157,171.25798135125763,202.26994685577785,72.88636202984108,70.24093673699345,0
183.99216338130867,188.09051180111848,167.51272251463737,200.6768375123854,98.09765751220922,72.21146682887628,0
152.12828028104508,151.4382281833609,201.0550791611438,203.98571423279682,81.85942215636584,109.60989554035613,0
155.86213010741614,184.83288156421793,207.82337446099885,180.43275463286545,75.4765589297808,98.34639783077296,0
170.48267522068286,192.6954066004348,158.049850476176,190.38629827426504,80.26468562276398,107.31723724710776,0
179.87368255743135,185.30247471508693,197.87193036736056,166.13019271574075,103.209724378962,77.97271362835369,0
185.1617733292623,160.8451916250596,169.45794478460215,163.28609578123275,76.94039245301873,73.35528687749142,0
153.01314361884906,157.96255372778998,167.9155901425418,191.43629045121156,70.09745136700472,112.13339479490386,0
151.60912991870578,179.50825289049465,164.75479431518633,165.0687349055378,107.14345985422501,70.41477720603834,0
161.6460681083956,154.545113746204,192.0057156623439,163.63341527288125,74.30048991135007,110.08214515354312,0
174.32211159121465,179.68067842876786,165.61423031301555,154.04910787065856,84.38962315501895,108.38758191483822,0
176.367383361084,166.2950346901962,192.25582647026286,185.4877023951857,64.74289981300565,82.19720708848577,0
182.7555541625609,182.7841665186575,189.9844288839312,195.64733809461694,112.2478257819062,105.0154391490955,0
190.99656238204386,177.46144124135705,167.92580924665324,192.01149292677277,82.22668441375895,78.41626363099083,0
160.09942782257184,181.9354359239683,193.4637622429579,174.355964364671,90.44650787500296,116.89701088086983,0
156.81062413101603,201.24887439516968,191.1047122100501,205.6627126914709,73.76738739545152,68.81651655201162,0
177.21359662379263,189.11377661401616,166.380116088357,174.80347847951458,85.53757641813094,102.47270743230801,0
162.17601328978452,190.28322747169386,166.1004555814477,192.99849064884745,86.325506086618,63.39920556179132,0
163.7601563827164,188.05660580871213,199.89772785380404,166.8764620849925,74.3380597569515,93.75881696483987,0
185.1066213206669,151.86815918268945,182.69371194354824,197.44764535442204,76.34836849924272,78.96509183599481,0
157.2870102569423,154.91763973969017,166.14320343529513,191.45214508068838,72.98593648664306,115.70787952318659,0
179.28534137664514,180.7141040814676,188.15506237166437,206.73629535266028,70.95492425989539,113.10939213273232,0
186.06255396344156,186.7175224133211,203.43212340416014,167.4748961607262,86.48612814567907,102.42751895846054,0
176.53300750236906,185.578618915145,201.09203877728086,162.5804009670941,97.60716456563371,112.52615273079965,0
179.84970633579044,187.40436847271386,173.69879308317633,197.54114469395213,96.03846647186958,103.72501902550675,0
193.64907447219997,193.4675095408995,172.99088935058828,199.25021717820604,108.80708422073056,124.6715082186593,0
144.09385319773585,156.1257924820105,202.69596747159366,164.89222396336476,105.66462189315291,74.60954993799001,0
156.95305409823948,183.54511242364336,166.6934452950524,198.4684272926241,105.05200262606927,101.33045508581372,0
152.0012869779909,148.44352016187153,168.10889214636904,202.96469807399754,98.38697242362274,117.1659763638219,0
154.03074467675026,170.3664074156224,195.95373942143056,192.8202902910759,75.21455971179559,70.13548415067955,0
151.02441127647432,164.40370799945805,197.06426504221247,203.05560177929829,70.02169750917,71.10401147377259,0
191.48719084788164,160.04458283351786,193.2709970309169,158.54792566681954,73.67032462057865,112.16736653819908,0
156.46001844875025,191.00398138001597,152.5776077900365,167.049830720534,104.05897986873376,101.92665581475585,0
158.1751531978584,183.65257757232357,195.61518103123692,191.04480382176223,94.25538539187258,72.98521083288401,0
187.9436490851779,159.97791787009305,168.096138422238,177.49544412524935,70.13163921524682,101.7318053622837,0
184.40076832553842,182.36461779004281,158.90556649387608,189.90456819861194,73.10041028626226,79.4089370429429,0
193.56004012834444,181.67662386228486,166.52054813041087,196.97796530221507,78.31612750128953,84.0383286774336,0
154.77133213400035,146.40756513728013,197.43611713919486,158.5183708885759,108.09014960068698,78.66337182415295,0
185.05435802135088,147.71830246372443,200.35331373207663,166.1387908162768,106.64779913112395,83.66831090092599,0
150.09899886195277,165.16416493004002,169.092775634493,183.5136354452711,106.61223490483601,73.74362667623866,0
156.9253751064065,189.53757547581637,157.16525346961157,192.6133102760125,114.31017801697301,72.49642661229475,0
158.76522379814315,155.35728761354565,190.4278544395725,203.6674169475997,79.76958325898971,104.40133542549341,0
188.1749624096673,183.591834118012,191.34953403094727,186.34674105707327,78.09141914653601,108.56013985291231,0
155.63078416713364,189.02397243150065,163.54182562706643,190.5560016171551,69.2265040164748,72.53752830185817,0
152.93896464434548,140.30328472444637,191.395163183561,197.5441570001,81.40582872427201,93.57948559600564,0
185.47886707634794,184.201668650636,176.58497532824464,167.45341985791012,104.4883251970776,73.16025430261632,0
156.59314783739532,160.11421221923632,197.99303216315997,201.36397677324095,66.52302974729474,109.34116626643097,0
149.62646854508267,155.13358520928156,163.38971394197983,164.1899271222148,71.68414408626461,61.10943099984167,0
193.24477263160432,189.64668544112513,199.25175203929453,184.24694938617426,86.19315217760575,99.2982954767721,0
194.08184668553835,183.26703856434062,165.17934054685813,157.6039663113158,101.90596902816033,100.96335424518298,0
149.32616397753984,166.47174682370638,166.86893475131066,190.6402399325929,72.14458258560335,107.0893774050424,0
183.41928543641478,149.74551451491132,201.79463350442455,198.1085493017023,114.23004019263584,106.86989071861696,0
171.28984936362303,143.8420178119639,192.2338649953152,199.02984368732098,71.33939524125581,106.01062155991507,0
160.71862755210853,151.75510865928396,161.04899403564207,165.81009029021573,72.23010008815332,106.6883460241394,0
155.32690590086622,180.26713766421835,164.86639396236947,165.94276428999842,72.41305187198355,81.02941399043644,0
172.70017050354872,157.80286019662466,170.63704889637597,194.7845344598532,99.27654823124278,94.01092012237638,0
180.24671703782747,155.36723969877912,155.83091536724103,167.50076945502735,73.53163625868167,111.1794407032261,0
177.60406892898357,170.23932344580157,198.2839394299894,173.68027212492544,81.99833982185194,67.79230001080398,0
196.48946067170414,178.46388047877852,151.996221903695,158.49364027472802,114.52180806515854,58.5574084326097,0
182.75114662433373,152.41350494405276,191.8659094872914,190.3701677732079,83.59378041627099,72.73124560108006,0
185.70373222416896,185.4190700542045,163.42067115746698,196.3197099741584,73.75017993510473,113.88749325381579,0
183.60204650371261,184.6690513528814,162.59982045128586,195.1032061230643,105.3226970701102,101.24999644613675,0
148.09237466909914,151.67288308319576,165.84847179183836,196.14262348584566,84.55171726821892,101.30579013507544,0
192.46977106266664,181.19958143115304,168.70847796439793,197.63394126115637,103.41367358535523,67.41713118554276,0
158.54254998872798,177.31928248377136,166.15773503408911,193.725683759841,104.65665275937769,68.64926804889446,0
155.29190821308896,147.83576623680042,171.90809994797388,189.63837031912365,108.42057592650279,111.37975987972996,0
153.69045932301765,175.95351690151483,196.46583778990143,199.15825156471246,81.29697401988575,111.05337653507169,0
155.47165973861345,186.79225457377765,168.413403123959,194.9940208423403,101.73299184186828,108.76834473551988,0
158.1405620211941,145.73295678472672,192.47139992857376,158.64596347816476,108.9257211118296,112.56584084440473,0
190.8531583864761,183.17673199138204,168.38365601146776,170.4063119900066,66.19868280245787,99.4628352219351,0
159.18527135004845,161.7498659536737,173.02341019444762,163.16842726340803,106.26090132384299,101.85271057065192,0
191.91108162962712,147.9720339300364,190.83664837996423,165.49262922411788,104.85262119276669,68.14564683361965,0
150.13385274922186,180.0134047070866,190.21633333094562,199.4995666572077,87.1455278629941,109.64010116275355,0
161.4972229464015,177.70927727082184,176.7909948549531,162.2325521063091,99.20115950754598,102.57519728191056,0
187.51291977672062,156.2274946688473,194.67035762663218,165.40701253143718,69.95658025781796,104.31596407499302,0
162.41783167275733,180.81410677739171,164.72282368721687,163.24107268245487,79.10744793191994,84.88030441115245,0
183.67964049069772,162.67574105608352,193.80516551646267,192.07674168206378,78.68367292663929,105.80815337548232,0
184.87429950467708,183.3500207746574,193.72864575452525,166.2078205652975,70.57662230953642,101.95744544848107,0
188.48356560749022,173.5318886059032,165.94477731972876,198.21701256703113,112.98243874842531,80.31475212946296,0
191.59804845487986,148.59955690298221,197.66223862766503,160.3737404971228,80.55460659279423,64.86010421245028,0
171.9049881185955,193.56382666863132,163.9214248701231,167.26590234923611,94.90468499088288,98.5445489502178,0
180.86435595129007,191.22536407722959,207.02184130288217,202.04660996816116,74.99440705394011,71.84893032767674,0
183.4078946832358,159.19157646192735,168.29150039283468,199.57118333747613,103.3415305029926,76.09601006110175,0
171.71684159220683,152.75091332217693,163.60874878663918,169.7936987182899,111.90137216902447,111.81061561539212,0
153.201914328458,155.68534177605846,186.26580141795367,159.32765036924675,111.62203474936318,81.17525150163395,0
187.38255588076592,188.40192930019847,187.97757608848417,164.394059203917,97.3677167968681,110.0734860637101,0
163.13502926811717,144.82779885556047,170.3326865225157,199.47469197281768,114.4070739657727,77.57540939086387,0
184.00130714830036,153.47547339669313,192.27775892680074,195.3242929179833,75.35257562204944,99.58159979284132,0
154.70374852131454,160.54103013595142,166.35986822303855,191.77918664629655,98.52957884087263,102.99608610789068,0
156.1252339441271,176.56351692242313,170.49482036487532,159.4358413652841,103.00359897839687,109.57822710651271,0
150.10057059717658,175.79510759414455,165.05167257952104,188.4735001433888,100.37522098078288,105.58537158076756,0
155.220117144762,150.7524095773873,173.14876587596598,155.00234857951034,101.88108816677094,65.89081187927955,0
156.84160395406408,182.99391184137428,168.59713084292363,198.2259276628762,63.9683248468317,72.86723314746757,0
158.96448109008554,190.89679093509008,189.7061388995086,193.29413105467464,114.1227009455094,107.13892398817052,0
184.00693493937078,182.66661292877433,199.15561174312,202.880387625716,72.60710676628574,70.69109748922403,0
183.02790707776305,195.75160265430614,199.29277303222233,168.96692547922595,102.65451242550773,113.63264389573732,0
171.08662113835442,151.26230486748705,164.01090637299373,162.86037994283006,108.89793088933708,109.87490913985305,0
151.7529701739094,180.3035838323666,205.4223620882146,161.52434007827398,99.98566261680588,107.43015718302125,0
185.6176594038552,157.01190175902806,211.9604416721025,192.64554064075278,74.36096505123,70.44823056758268,0
151.8210561525585,153.60615045439584,197.83259336290843,194.56889958422605,117.63537703063776,67.00943365233411,0
180.7996522348593,146.49244893104387,199.70851983157564,164.83103686716126,69.70096276624317,103.39112802569358,0
160.46665494513948,187.1094274242815,153.09455314285594,190.83522755518922,77.57787786942498,73.59022796516945,0
158.48325865023446,155.75124019895992,203.03047379675894,195.57935320657566,82.11146856726197,109.75659292061653,0
152.72979740384343,175.19249417804662,157.71145447975047,170.33273341577828,79.98511964555777,76.46388218799478,0
156.9346019625477,157.66606431500537,185.0549928127403,190.95075123937343,84.34548268922313,110.00221453845171,0
187.0827340673731,156.85222738250005,191.01695819983794,156.74916236295655,70.34033294890904,96.84625320768119,0
185.87741022897657,167.74050064833972,166.6294882017213,190.5984449873368,70.02826173839458,104.34114834911165,0
166.8211813536136,189.4868970154781,163.58655656047037,187.67837633318845,79.2375988646406,74.9989086733448,0
182.6706363287013,199.21194394263495,160.31560475266747,160.76774201938255,94.82239029392353,108.9665161814363,0
157.2461798637461,188.240059990327,196.43557180990763,195.1134222075458,72.88827502964392,78.47243948385491,0
185.0510883954908,175.0345504927324,163.92688453318993,171.48221202459263,112.48899950488735,108.66330668826932,0
143.20806789141835,156.52589948245802,158.95634945035408,192.1580382368628,73.06005431170107,106.53579974866355,0
153.41313820725276,195.30247654747433,202.5103369935151,204.42519738920703,82.01325579127908,67.41241186846696,0
180.98851569206985,188.987759622231,197.25549730036826,191.0510181733647,76.2703919125543,113.83405223788455,0
191.74822353716675,181.49133891718125,162.11713378976157,155.71252300798426,96.4484272240481,96.76231764025479,0
143.48467247892597,184.62520410473334,159.8320474552097,162.70263005197947,63.905889643134316,111.02547480037364,0
188.17957847621133,164.7766259283243,193.38583159368017,191.35098569472095,101.84261293921102,110.5156604009619,0
146.00361070195893,186.90137494260074,199.32641965816904,163.50866801736058,64.72731802964061,112.89797648852462,0
190.44717081590392,146.78232079871566,190.7741145829516,194.14891850352356,70.79999574645291,109.7605810656064,0
150.88218595401605,158.32305139300732,190.6289175698215,169.17826585431604,111.65914901901124,77.54596518910279,0
187.42425868775518,180.0180820353185,191.72228962767133,187.99106765579958,70.00985451650439,104.71898969356313,0
178.67520933932187,154.9345945948933,192.36610115690905,183.61192409283035,106.17556014436104,77.79118965439083,0
148.68394951587646,147.61729691018047,200.90071120017691,165.98472521280638,78.95986931722715,83.17293279647723,0
147.70106241642307,177.11033220841026,159.73793275468375,158.49581416436618,102.80498519574128,86.7740314698326,0
146.94853651597683,154.46311864745692,195.4714360592433,204.72621058946027,80.64368390458203,107.48444878279066,0
185.34536042025942,153.3910840578874,189.17484935127672,156.57013051869473,112.20287170180272,68.35805015970435,0
154.07208985779354,194.48111086490871,158.18488453851958,158.39317372827057,79.21033368840052,105.5413232379663,0
197.2442969921537,162.49246359679708,173.65172144992795,164.100997694853,100.47147855372806,109.73372221390335,0
154.95347448604767,185.9250417687664,166.05294804377203,183.4098929430796,76.64088766701043,109.53644200918144,0
195.42081178808718,154.53236026679164,197.8547023468783,192.81042558282917,85.47826329374466,79.07925767593261,0
188.0208522799513,152.05014928921682,198.64657134310346,197.44079342396034,100.30026039228044,72.97371884119264,0
193.0531085169208,154.7710746931816,161.5869811845686,199.70862699045784,75.83092897238993,65.70382145101503,0
144.66735076550626,183.46192973597482,196.3341718559417,188.61888194055933,109.73128859661914,80.52684306240727,0
179.18189665362542,152.97631068133762,168.49392317083743,161.9123568043888,75.10007380660915,69.46212369092824,0
159.35918255924312,154.6771361182272,163.0458542177089,160.05257090931173,106.20444564705046,108.60809538567626,0
180.96622580775295,158.56517843488402,199.72551826786142,164.6129490196866,111.63440637942615,78.2063834084495,0
146.99243186257328,189.7465536280583,168.76853670210767,162.83916918475873,79.02410542563247,76.47859096764559,0
188.8269536900391,147.4408084843886,163.82240941896316,160.31011491561318,88.17934789540199,67.20659798547369,0
194.3631879983127,189.30198616644952,202.6535461802009,164.84577242343633,76.67668223392806,106.15544071149739,0
183.50102206222124,149.72843493554635,196.42957055515194,167.97434680255984,108.50283261736733,104.5493187931438,0
191.20569901430963,172.37056910351333,200.7000136820596,199.2934049756604,72.7036184674543,107.51235985632637,0
186.3714223210097,149.72410991143835,161.46256732181396,174.37165740603234,75.54563373305423,99.78077919648631,0
152.98560449849117,147.07727954169758,166.66034181957608,167.3913305329455,106.75678184397167,103.08851758850079,0
179.72054665435843,150.53813329854182,165.65710592059747,191.7614038740792,103.31209502047254,104.701633267843,0
150.54384661613742,172.87609027015944,172.55231430785966,202.77254921598828,95.06491280669253,78.7677475642494,0
198.3495125673847,150.2851594341472,167.85397047358265,165.05615200823334,103.61709208253417,108.4701960081317,0
188.49126977588196,181.17473028362053,162.9525432536681,161.39696384155985,104.62932232075607,112.30414677999651,0
153.32840707061763,179.38259912892684,180.97931164348114,170.72955344796875,77.67986875742471,111.3943417109398,0
141.3289336220194,154.96025490747164,173.303060177183,176.23452637421735,100.08799674715122,112.02438465248977,0
190.13562029428363,187.28458727288873,201.7664434346459,186.85030836928127,103.27099135155422,104.41938272547945,0
185.988627267858,157.47654127518447,160.11674010674267,170.8338071822511,64.27329483010058,77.77596517873296,0
157.67679968366724,182.5665525400866,164.97640621586925,196.04075581091598,104.25457432042425,64.86376843405478,0
176.568286229228,155.21972593333462,190.65161489465697,187.14289452026387,77.65838568611493,109.45974112561838,0
185.99258670534675,182.31118135093456,159.61985708277138,188.9265526020023,65.62534119367334,109.32060214244508,0
166.8574269429246,157.32315381158978,160.3867083370544,164.4146014120677,75.91259883337148,95.33794833886452,0
176.61606252807186,179.65808391921038,166.30501171440162,161.23683786121035,69.75290463160962,97.56760538174314,0
163.2537993382936,192.4592854531452,193.88578012260155,171.38786433966987,104.81116081340708,98.44508992038209,0
180.9113851277276,145.38833196554924,198.78242566982064,189.46754888381838,70.07443459130145,67.49333157751389,0
156.07811367720274,160.33577257380892,187.23260795105264,185.53740234973645,79.22420743393467,105.36533593105982,0
160.5849643147564,192.30626585446825,168.41179859319314,164.39945646092497,104.11337787448565,79.25302006578524,0
158.8355678130832,159.41562551002278,194.57351435522796,191.90922722040963,72.36192137551956,66.623224928621,0
191.89413400731885,157.81342070744702,156.82733633327507,191.50943096105038,70.44903547932667,67.16275356262727,0
149.288527479974,187.2877989215656,173.290206423294,159.08446348005396,71.60002399379256,100.35744022710057,0
154.55310882902003,152.68111471991847,192.5148534585653,161.94521159528452,103.62847831395379,73.69483597979232,0
184.44298880559498,156.92694510692462,162.1841315526456,186.53736077062393,68.17260405868629,108.31162918686205,0
155.31386387717464,144.6585020687428,173.26911419770684,201.71319611369876,74.82030187643007,70.85954104733543,0
156.41859708658737,188.960057352169,190.11606626417714,153.86675468669054,76.83736374197623,71.41402440030605,0
188.700239527978,176.76398163761266,163.7781052061781,169.8184839186156,102.31432401713096,100.9333592081956,0
189.78613103602757,156.98607965266382,187.99570563598408,201.19647908592873,74.86570500928417,106.71449020441956,0
152.70037877412005,179.25272073612675,168.20652923608714,169.14865983787377,73.25434760764371,104.74459254847552,0
185.13219684362036,167.0656367275208,163.44932834997786,208.64235779141646,83.04323142278268,106.15010233485343,0
188.83522425841537,145.1922692018211,188.7696308732106,156.24426636929692,104.58546112882867,117.79286074920897,0
181.14253301356146,185.92362717145483,167.54756038609648,190.5170415245294,102.65857994666823,101.18864881177787,0
151.63501004967677,179.1214867361299,187.19934031867766,192.03281644399252,87.15272818110745,102.37483275079482,0
163.29888304029947,147.75410246520366,176.24983068808163,166.99989414884809,70.63460367724734,71.17900888760157,0
148.84585020850287,184.70210425490197,195.72804557943164,188.90985765304148,78.08245323803146,113.9866440603508,0
184.2038216298756,177.36574772714457,167.61504317459358,172.04544620590482,82.29275882825449,78.99290290044533,0
190.3113131990026,181.3655659894504,171.45169802618773,196.93278664169722,113.03514561686899,107.82585480572294,0
167.05390924517144,147.66935633064378,166.04582268284275,166.6347816656151,72.05050115320297,69.32476333375772,0
194.33988564615308,154.16581591396871,197.06857840411686,193.94194898127742,109.99249763672233,103.25716351742341,0
157.94165882476167,191.35594644609185,167.20244380254664,205.70424936614964,72.7220789058571,73.59502712043604,0
149.64802439149753,179.02285965813465,198.62136374865327,161.46240374142135,88.12036665054394,68.55842474006701,0
179.76370461642236,172.29572974116596,198.99283550888146,162.38969260219034,89.65051660501058,97.23281430208425,0
191.27338261060086,188.18667938857303,169.85343650728902,203.75983862817233,104.27722916662412,72.29696583759015,0
148.93078300915494,186.06962814935514,192.47983070401028,187.49614798909568,81.00707306022198,69.63567981510303,0
197.4546569917366,160.83164184960827,188.950880764991,196.9395040373408,73.56919806729883,106.28245191535896,0
178.64989811681292,151.64325738230923,198.0542497472694,161.52206045781807,111.49009501180291,101.83146301559594,0
157.81912417312276,156.92662469876572,194.8795225460489,194.6882867601173,108.77174214333489,74.25213077613392,0
199.29065966272472,144.88773539892574,169.86557345308748,190.032519465572,107.74564222824466,67.11589734644474,0
156.9251864608283,146.64457662108023,168.2232601467116,164.92271193818843,75.42513755569102,102.39231877807562,0
189.98601383272694,189.82515934463254,202.13335942676207,168.94272298017077,109.72180782879315,96.69548854733505,0
156.7270659070761,188.09603896107475,167.42728555141875,193.9112559186828,70.01458547343418,107.29114532469617,0
152.0269685167636,148.67982583475123,167.09678626656878,175.50655315514572,73.7672492565088,101.93303311413992,0
160.45442401910185,185.24904672501506,166.55012636651242,171.11126387476423,71.88178557706921,68.20442570330003,0
182.99648855367923,193.8110087906756,162.4141450545605,158.39497754071724,98.74453398658908,74.59807973791224,0
164.17836446759864,144.84423383741705,159.44820677833405,194.16548770247417,103.48671417041392,73.86736349145902,0
155.48102886507306,189.74615971617317,196.28194619056595,193.53599627977505,80.07468235019918,83.11034430943712,0
162.48083095575663,180.22268653099619,186.5978127053671,164.87498289139222,99.46418140329003,65.11698936703065,0
188.48973694214695,154.3869080359876,193.9663719093811,195.78730087316944,100.82910571786789,71.2001212718786,0
173.10615028072468,188.92684329337902,191.13821868355643,171.50772846893938,80.77749228033203,84.1066129431114,0
153.52978780235998,159.19411412935847,194.50780480827922,191.41705556970606,100.95481064495533,83.2694849121332,0
189.1603746072394,192.38133206501863,170.53775903451933,174.11180984289618,66.45020478238204,70.01959615377798,0
148.3869581940845,144.7733987253518,160.45586715005024,193.40068928419097,104.81969242901671,114.30109574361148,0
151.22612664107538,188.03195316770808,161.48351772876958,197.76142151654898,79.86634491821567,106.00001550481375,0
182.3467933196206,188.2802738513164,161.6624683887602,164.83069095918216,117.47919991382177,102.2064371529459,0
192.9762390999491,151.3420019233588,200.0115058963442,199.16334801029893,112.52682597004143,102.33150738435903,0
155.23530810192557,152.76437701563626,168.94388585997226,200.4274692717831,112.0194188186517,68.95116617200708,0
150.10852587540612,193.75635155263603,153.53469171011685,197.1964976901159,80.00478813655981,107.20197141434197,0
186.17468448703775,152.38200280662713,197.98917559963758,204.31593259726728,106.22154837950293,99.33458953944536,0
179.55906289251473,194.92194581439915,194.91140216047503,169.04842121100535,74.45591927780288,108.84349941263031,0
151.27907259290038,154.33799275191384,168.95138386817467,182.9380211498602,78.8679932582331,111.81880450056788,0
144.40234062484163,181.89874603092585,160.36060659250165,190.1826890157367,77.97019474905444,102.99558449311456,0
158.11842056719001,183.27198536125903,190.13772315212532,164.62515295263165,97.54513786174581,104.78561872911884,0
155.037314746311,160.87085317395065,208.51675206590582,168.17195522309828,115.79706879104178,70.24604948891661,0
151.86968402105245,164.28046478973005,154.2927762110766,169.78354672933904,103.08572769091747,105.04284090415665,0
179.63262707509205,159.5202275579198,166.1573348579293,167.59355661169022,84.79613205550561,58.64105598795006,0
148.20881990104328,155.20024091090954,195.61322217453326,200.9875155221183,80.91738610211556,108.27454552418558,0
154.22076651263956,179.4345841662022,197.83520793241925,167.53660101867308,97.8674913247508,64.88533905484014,0
192.94940249462238,177.99722239641804,187.7971394924433,164.87534330367149,77.93964948049279,62.565003949091974,0
155.84136199154258,183.37198424589062,163.87944861606803,174.57078135173805,97.74327092360281,101.82489597976985,0
152.53428904911382,153.0589548026002,192.25135538623894,190.7444208718268,97.79227816625752,66.68836089842111,0
192.75964779342078,160.2270531097052,185.22417853400157,194.70706805327552,118.84423785684181,96.01982853651242,0
190.50525126925967,153.26806230581747,164.60360462846143,164.00655257575292,84.35923536183819,105.72133353528667,0
148.1422846199007,158.4501880404182,168.33372742812176,166.300511575747,74.76802563305117,75.19980412692348,0
145.020538571482,159.74926737869984,159.48873270450414,197.52059939223426,107.23974178263781,72.98858265009018,0
157.35152987515661,149.0641366094411,172.3138242748591,166.12185215517835,112.68117546579347,105.51711119353489,0
178.60225169745596,189.6848283154599,158.6671871705756,165.69115847144909,84.50899291129208,98.85375178560507,0
185.4884776812942,186.06456247149595,187.8273230995977,200.65671231871724,77.82300703595192,94.47827387667144,0
179.77954743923613,175.7196245423681,164.46783082827878,165.9301762044117,105.78282341880282,107.11998470299349,0
158.22794848030026,187.19921912967567,201.90753778015093,168.76852181331586,106.2098939389133,102.30257400251509,0
144.95087248303406,155.71429337151918,174.41372081295538,174.61719961614241,99.23918724084939,107.1733031026503,0
148.21517337879632,183.12170363952245,200.54640061771713,163.72399226588527,106.88921557777971,69.74755554079202,0
161.44726295267557,150.73826780104295,189.93264263651758,184.21050067166584,81.64986444587443,79.8755333837351,0
154.15523908431294,157.080508320348,200.57024551352825,189.87532454953885,101.04210539157015,76.12545891649079,0
152.38109302286304,198.45256399275647,171.75209148704573,162.69925204033862,65.84901484289678,76.23540702266253,0
147.08565430636358,184.0727366393308,155.89344464384715,199.55915825651553,104.35739235978127,107.86021923354957,0
184.32023714124173,153.11390614295937,156.28872031184795,165.4643709151505,77.61731455238343,103.49621230930471,0
186.3862078843737,179.3303484722549,162.58779988727738,202.6808800488252,79.37558239113251,103.60553206978874,0
197.17287049837174,152.8965474716584,172.42470763884828,162.99806776509809,97.8225324246744,76.32036181260932,0
160.82176624923403,177.42148609355212,174.3567130836093,158.2337294706704,112.49804784378621,112.47031844242949,0
153.6704151186405,182.84272132488837,202.04076959673299,185.83547233527173,80.56841603317335,87.33895254826457,0
151.1031321713023,158.76658254585894,194.94146069934442,169.63596890434886,84.37440984179442,100.68317908531859,0
176.5396906093398,150.17624536409522,190.1234767527148,198.5094765585698,79.75703397456539,108.51283811891096,0
179.40071358990122,179.44571684682188,203.0869907891116,162.95096644480293,74.09484043982945,95.89479872236272,0
193.13871551851258,182.56240741182717,210.70051099362394,163.05612408245094,114.12049886409403,107.11228637176619,0
185.47197410254606,145.39755218118572,201.34879916088744,193.94695936072597,112.05471056422921,70.75434743238357,0
178.27214072420915,151.65475967494825,167.14340466978825,199.54406015555318,83.47401084880059,106.41504681847982,0
158.2463797111372,179.8854508823727,193.28322214987855,164.28323395144088,109.68499094573771,106.5413773130988,0
190.49322575080473,189.65649402312147,165.82021660315237,174.81187571308803,110.9408164210456,72.8443528309554,0
144.5870673258019,148.1185650960843,190.36809636354943,191.25003894756546,105.00263548563552,103.74782159142583,0
199.24113277091055,158.75985295331182,197.69188975794998,167.80874396176125,74.45980804804825,102.57458875069283,0
143.44100878379652,180.1385892395377,171.7616625597607,188.5773977780487,113.11706791964642,73.99935895685068,0
159.01838036968283,193.7684788475115,149.67066033697026,170.60299005815594,76.39049465207867,69.57282469530756,0
190.02840965185004,149.58422494940248,200.7158420570292,162.28574428348594,78.26701966436461,76.13068688700871,0
181.60720031963956,150.4851589195793,198.95024761079094,200.888886177784,82.44347509527998,93.36248752967072,0
179.87523492180586,186.05828088097945,168.1124289390959,167.48877636351946,103.80340068350692,69.24432478586083,0
166.86231644545228,156.67189236742914,157.57460830563335,193.27449527360466,107.67207938010891,71.05189614405224,0
185.83754508702384,184.94471830992842,188.4929498458913,164.66739639067376,78.3163096132587,84.89393704777913,0
189.68753066350743,184.8375504747412,162.81952852996784,190.386138482284,84.67540743650896,111.82938038152002,0
157.00217071109537,188.9800199593837,163.0650586801535,168.67369368833388,96.83986264151115,80.20942315574212,0
183.38472181532836,152.18463042832275,189.2963988713516,174.5057310558443,73.93745866587872,71.32623780832625,0
180.25365683454407,150.12841969415487,175.39255277111235,163.62002653746399,71.29277386586203,97.58980599773965,0
192.5796451591033,154.05536546954337,175.9992470503552,168.91465894660897,70.56861812887497,97.00288081919015,0
155.89822161444016,191.46472609947241,158.54733841447475,196.2123477808273,66.18494982879241,77.12270388911556,0
161.22127132259257,190.90248522802162,165.56138599541217,165.867462235114,62.27018873257572,69.43051511110998,0
184.5390976658776,156.04409651430666,183.4301160818903,164.85890941146002,113.0245633649756,111.57251032784761,0
194.1353262532466,154.0145320088085,169.8265888162174,202.32767356342714,77.35686403619484,75.58069325964321,0
189.81322835515226,146.67415129511673,171.51944561956822,187.95023827850613,109.1788740983004,71.62751417212628,0
186.60738320379076,182.7641543377143,191.12426014464506,199.2129936889538,74.52902829237199,74.08694770683564,0
149.21923371020924,185.56538226052922,163.57100584445416,203.72418655393145,81.20385371996286,58.819371187759465,0
191.7185723822102,183.40073437062668,155.9622609327892,159.6056524720632,95.17151964143618,118.0459758907891,0
153.36490029629766,181.8749620700714,187.43768578203017,169.55695642457684,110.31414578168537,78.85191112589447,0
181.66928560866165,162.25525570644103,198.40372424303627,196.4458901401028,78.00098093471382,61.91298841090526,0
152.86694117982228,182.37705784302378,196.0341199541499,190.2336217090989,104.0412326560801,82.02106820647543,0
173.36512658845479,185.59497187886905,162.22887557815113,195.36672557320802,75.03635046447793,92.89583868910873,0
149.21550418371868,185.612182459462,185.891833314134,156.57595855659275,104.36988805437699,79.37497107492631,0
156.43813615517865,181.2401087653879,204.9785811153106,169.02681167187376,67.07618220332661,98.35916414247973,0
159.28885969297818,191.89179922777404,173.9361638066795,194.24144488658553,103.82519353144436,99.86684460336258,0
152.96619255434064,184.2510941885826,207.44529953621947,162.99951613497268,78.46177340033344,72.91879030811539,0
156.40083950821878,157.36537052630536,170.6034522428236,162.27606467559505,66.09723061335248,107.08806675234088,0
151.6055903634598,156.7471579068778,166.8947336527759,158.36488481529574,103.00442341609885,76.39183638102887,0
186.28911611237552,185.55145789657024,195.45175638241352,161.16910734106364,78.19777702407553,93.0287756554731,0
155.7962072633241,144.0106922071266,200.07498007610783,194.9662481322796,85.68183279558647,101.6143377411377,0
160.93945088676708,157.10176192960327,200.58237106690328,170.81951088047563,72.94451357994126,64.63868153355855,0
181.53243338907473,184.38224866214753,195.27652486450003,193.52826447174846,117.55659270098508,100.49161790523395,0
184.18338556401093,155.70639888395175,160.3334077122221,189.91032662985947,112.45300246697761,82.44665997432597,0
163.972927748717,154.26408257347273,165.99992926291137,161.83550620822876,81.46506144133548,101.84695230312376,0
177.39753876710836,196.83373963267087,165.0075172937753,158.79349695245799,84.89522583910767,106.21276906580263,0
151.5363762032049,185.6723199819294,184.92687320640445,189.2382963554071,106.75610471881872,114.54147607667429,0
152.4472496494724,184.25691708775403,163.35754531363384,190.36315016319725,100.26561296012362,73.11874572979832,0
183.69400179692428,176.49279893956654,199.10564304088498,171.23290973642153,78.9773646544734,105.62394443846662,0
146.86792073718883,189.5069534827396,163.22825503428905,160.53505464135168,75.13419287438771,71.42697389949794,0
174.81739242274904,187.33141761495125,196.22840214872969,167.18127199382928,107.15503608074351,113.69410434871311,0
173.43939544366145,183.90733277816028,169.7078819980377,163.89532505302418,64.01813193472114,67.06777705830147,0
144.7079729559291,182.7120329560454,169.39750169106944,188.5927526899568,76.6022758772879,103.86479278065413,0
157.16153021534396,152.6477147537616,200.7107411886585,185.74467452348892,70.13646876284847,107.99999250394598,0
190.0353898249606,192.49461629458307,182.6455137101419,156.4857758902808,107.58501511988683,83.8813864706806,0
147.91639421345712,148.51095759819478,194.06004101641656,171.6911967500837,104.93385991113458,68.14267518150095,0
153.34741781480975,181.16424012467886,196.37041786448097,164.89580937804584,76.700882478635,86.35342850871264,0
147.5112488396728,173.88818393422775,162.01466376879574,202.01048711389373,77.61654093028716,107.67964669872883,0
151.1148754847836,145.2009059171195,196.62078545714567,163.06294482747282,105.13772570439119,108.80967587027882,0
147.72601449441248,178.67174290513594,201.93813660434236,194.92003635056696,77.18100936604678,113.80836208816916,0
175.9333767816316,153.47904665139316,198.77714232283725,164.2889540285135,107.26752041082281,103.37288825162963,0
174.92924143008133,190.03804208809453,193.47441581822662,164.4548108655312,98.43339557901078,72.39877640971645,0
187.72213138642232,179.70250023668876,187.27510615793952,197.16851895049868,91.80756725578078,68.21383948051896,0
155.78854690135182,161.00149644840795,163.38211464229911,194.2848401805621,107.64535368613849,90.85107306343522,0
166.2583140935227,182.2564525008836,167.5347806336564,169.70651869607443,101.41759010122603,76.65688400529476,0
154.65820914012463,177.0451407283016,198.61821350509513,170.50363912757038,100.93882794219083,72.69874474878495,0
158.5817462798091,171.68675317767074,163.2859420049326,188.8946996607052,95.78439114906764,84.47312301353861,0
149.01401837514692,166.26146211270122,161.49435579431398,185.3265857696053,76.62346100937795,99.43147228988181,0
173.52054935821965,166.48053079773996,196.8291546181441,191.07760596829948,87.9618613594802,98.09705600613587,0
154.17285593585717,186.68743188439012,171.1725852123008,162.18421558311243,106.23285776772722,75.03383026876213,0
161.2885647707299,188.8030919902775,189.57494459514146,191.3585379830146,78.86261992909103,75.32362589795422,0
181.46807460252228,147.20119517002186,173.54646409480205,168.3638346292906,102.52874820119672,108.00568239108935,0
155.6230273412295,183.40314424419995,199.42549027965916,192.842329115647,74.73614329425448,111.19395495290266,0
183.05527598382722,152.1139606798891,166.02756861580457,189.6532247285782,68.72901797204221,66.18815499524625,0
157.6650248361132,143.62121217776064,158.37262641850705,164.1082662577297,68.20199514817172,78.1148980189729,0
184.33415557085272,183.0160861480589,192.92927238216402,195.36849307228613,65.78028199890875,102.54160451350842,0
185.2125773850226,151.61997719292035,165.7343226792532,163.62423106746095,102.81711261999558,109.55335166442221,0
162.91567240641277,179.21089953267958,170.89757332456097,149.93559609042074,72.55788062120507,68.63352523386953,0
185.58096341337273,180.6690161058477,166.92885406206082,164.99978761683946,73.16804232021143,107.286602036383,0
188.93479563627758,153.40366773089283,167.1832646463231,200.6402571624775,107.08712793394363,63.68941082083498,0
161.48657122992734,149.77943405966295,194.05839985612897,158.7477669349383,102.31790550161882,77.9253083249957,0
180.45798877448374,147.95912010813825,167.52843089186646,193.9262569802752,78.1582867680066,72.15870239079692,0
184.18430533355772,150.4048733810495,172.8408517441255,201.39068848849124,79.02767491713853,87.10450714967992,0
186.87008349020508,188.03537313386818,192.982592622149,171.76162849275178,103.46326297181463,81.40431601682953,0
158.73509145697676,171.3140170207238,193.83858645993166,191.5895462744066,81.76248136130671,99.22591944093892,0
190.23215049103592,175.41962229547465,193.06282137466158,201.2400516680543,94.44108899628819,111.34444456322282,0
155.24229090199174,156.86021512812874,194.7382212768849,170.29992761753047,101.26470990997248,76.44356933851195,0
189.54261509200683,152.08832809071885,197.11769984565376,201.82830275598468,82.33161617956725,103.56551021103326,0
192.23918734247232,157.02078781383193,198.02897010579903,196.92238609240164,75.13856239794171,103.42237362260019,0
148.3057632302963,150.59294208461122,198.36971871750214,157.91443127759283,106.67902327086065,106.16187972499912,0
153.9550170490257,199.97196052735134,159.81121028147385,165.0068575164905,75.86246333037465,102.39575270049838,0
158.92882364162858,183.2223785826685,163.6688592029632,193.26080342978338,66.59873810482553,76.95462147647007,0
183.7847162582189,188.21996508663355,198.1915020632711,192.77096753989824,105.21334216666453,114.10374273440408,0
185.38667973497874,162.65890210760452,155.0143859651862,162.20303630891064,78.98338696580339,112.48491970554264,0
153.51052819421747,183.8782368364039,165.04508810080588,160.56434444327067,78.32221489808637,96.38464641525202,0
176.3895730407251,187.48294454079348,188.98401503290302,169.73695508330115,82.54992564737023,96.42458826121309,0
146.17467093806675,150.3038421336462,162.91499059299102,169.6582063432834,73.41076016434594,73.34445903576628,0
150.9350675725825,158.0849294961734,205.21354433145717,191.77500528002832,72.26359488576813,68.01051552779045,0
147.85683762891443,159.15769727261272,171.2452912140427,193.78197339094316,97.53121695532613,80.05334238723101,0
153.11438457454636,160.69190393000255,189.6608326932031,171.08464239825597,75.39075910386933,111.67772086995882,0
155.5742944397705,174.511050166392,201.88611642838572,205.3416481264891,100.272512365642,108.28521559995181,0
181.26710642494965,154.36150005228438,197.0039342421368,189.1516741746512,104.02011151358738,81.59117725453459,0
184.85955785474712,164.5470750599501,166.2843973946486,159.5402825380637,104.96682768833338,101.44429451269404,0
144.24665983037517,189.0768224696361,193.7889273734789,192.83570702454975,95.97308379885698,79.69289330936697,0
176.2655073223899,177.72692248269414,156.4463773446475,200.99475200020626,108.05293163410873,104.96072044502367,0
156.67296442691193,181.89641649362108,200.1091549806256,165.6394200444812,82.9241462318011,79.58403381755322,0
163.49070866689524,184.45090772771013,197.46898921910562,187.7210767761897,111.3621124979705,85.38327777870813,0
193.72452319963614,178.2102937502465,158.03498109808325,187.47753026204907,101.43553777776988,79.35128606554562,0
144.6633553731216,181.90284065003434,169.22315934432532,193.00720680196844,102.27063887460582,116.37271219842215,0
183.93157579714432,163.4958559362291,201.56920400967832,193.29932098942177,102.95619307121405,73.35593181266537,0
180.7602392637826,155.1157551057228,164.68619292853555,198.28829938933015,69.53437918128394,86.03272586730559,0
157.44789605959258,190.63833652305718,205.94354388682834,170.3199066694788,118.61735590261776,110.63677951988232,0
192.12744011140288,152.71500317782903,168.56469700584708,163.4288449793453,78.18426285936248,80.98842322781496,0
152.02646143886946,185.3850803747416,173.3552309537062,174.16922601872196,101.72256356000216,65.86972138956521,0
180.17881000756802,156.64077451325724,171.27871466219872,166.92636755595603,72.16481789717098,110.4189694617235,0
153.70402356196612,184.51124192029638,201.07592808093725,205.2351784206395,71.49226284554005,112.08138818290347,0
185.56801538153954,155.75126824130072,165.75798239178644,193.13778185890743,102.16848582200605,66.69150179548366,0
154.72587653238296,144.80112197786772,193.66804208802043,188.15176274935214,116.13498486098072,78.38705882199248,0
182.3360625962617,158.4018923680294,190.88670563185028,165.63014955997352,104.77179251353274,90.2714495398171,0
187.84203649438024,181.13361002717141,193.98661875730048,190.76965818305345,107.82879594215946,102.86890052840704,0
183.62398006573625,159.65504977463306,158.43732058096646,201.8837698513718,71.48800880099623,71.35028536779187,0
159.68967225943882,173.1629220882393,167.7265117577131,190.85181570820365,108.17235749204394,80.49634394896235,0
159.46210301253478,197.900269639054,160.11210022467824,170.08857355531472,113.58700723274828,82.83781612033552,0
153.25388899662946,177.79599278994877,195.86479783749547,199.98962258186458,74.75671720428967,104.01855633933128,0
167.4166869755493,162.76337908977868,202.1872601800471,174.8175990772461,107.04534073183126,75.02866250717884,0
154.5205276683907,153.7458488387622,160.17814912794628,202.92347848486042,106.6070943444543,105.80965579300819,0
202.93539903900643,190.20624773761037,166.78974682725462,168.92500044918,78.78792086484833,65.66792501188262,0
171.6460051084744,183.9378566459632,168.81521378918166,169.883098476426,65.57397281913438,78.81321370990032,0
146.00203642988748,191.02002654864813,163.85654477350195,167.5588867925001,111.83723094922057,81.52644329875449,0
150.76920893194398,187.48778677521523,161.7230390330176,184.47175808627796,81.47529424822828,98.38056819400168,0
152.00113429758142,197.95624246239134,202.33737383936352,158.82934123614172,92.56277126713039,97.49397069019884,0
191.6496117475825,152.97040970904328,171.15372284219313,199.35274419737547,74.81652830139895,110.3872023830648,0
179.3520247814081,155.17955527224885,162.19155758547174,195.89324090485763,101.4578746906524,74.75293592447176,0
189.67926396045195,155.02077653585394,168.313360399348,168.06022949044103,98.65287173539078,116.67903706650328,0
158.64878091460395,187.16645791840824,204.89732775130508,171.5786992966482,92.15683658106703,72.0212721108455,0
184.04691496524222,163.9934184810719,172.28152933487905,160.13749869106576,98.21582744575018,68.19817331890818,0
189.39510812694007,157.40445738859972,196.80796762811772,193.9350397991324,112.9348968589681,98.54734761880471,0
187.35801967038122,177.05422891338162,159.24349669023022,193.33578202031651,95.93829327267306,115.01141298806581,0
173.86486340257196,185.9262734578265,173.0533310494291,189.25945033003106,105.38801426938876,79.93377558859525,0
180.03294862972436,155.47438847925034,167.28183168760157,168.612817520344,81.69018430471465,81.82869170021904,0
165.14715127310333,199.11278177929137,170.3474330027066,191.7784849778182,68.59374635296172,78.40014182936288,0
189.7999858891201,191.31084173767945,203.45795097507505,194.86437737005934,78.60666729933342,114.76208720436436,0
191.71240266103635,184.81554553757582,162.27764892300317,191.44157112402752,100.78323394589219,82.52257038045852,0
186.8670110453618,185.7036364690846,165.77802459414187,162.81241548097648,113.16005164301275,108.47913415224644,0
185.18893933819385,155.79495953056323,197.52955087883038,195.55199692534998,81.34928021829273,80.24442935302315,0
186.24817058430705,151.2973496522886,193.22040108013272,198.46532292460208,69.75227802810798,101.94091260537986,0
150.18522774723218,192.52377588997211,159.18418560471787,196.0805156025601,111.27317911339992,74.38563193970144,0
181.2767128290007,186.6405565528501,160.0166796528364,168.16872828364745,101.3301095017174,110.217773445733,0
176.02848235253668,180.45463800220207,159.73959891068932,187.11220825078593,82.26417626521588,116.92649257209952,0
155.07647976098673,158.97455342167012,166.46258499145952,173.6481374358321,75.18846138153029,103.869665253714,0
150.955721784501,181.6996941473524,168.74355566621023,163.5917120758565,79.87306542226533,81.9842018494106,0
153.07276233057382,155.27661138448713,169.6263552999627,198.97105682825713,78.55335189448255,74.86900643806784,0
178.7519532924224,181.58414745415655,195.6314192439592,192.01423295953808,74.17974868571856,82.45711723874541,0
154.36113976623236,156.4417012894764,194.22606891042207,162.53955068412577,91.6687834189743,119.78675653198415,0
179.6896144295339,180.73031844493698,159.160492195744,159.08974706232343,83.78910678378708,78.46971151485742,0
175.1196380856955,160.69644135031993,165.12024120549358,192.90621686829616,73.56803539711294,108.59559962334168,0
154.19263340179555,177.6138225763966,170.358678662825,189.7278705656793,112.12093703132717,92.54899851722853,0
151.2690013329735,193.16927174492017,200.66110724931275,176.06636511772618,100.14475612666565,103.21477477755529,0
181.98291679212832,187.91011996287162,202.75998392179426,170.77351385327722,75.98693978444443,115.33268123193612,0
163.99743014357742,154.33593982028916,192.94017050734965,165.633023212477,73.05852608671879,68.1552259466326,0
187.66929110803338,187.49850089622748,168.26674274169685,162.6499462864854,101.3527726376511,115.1454259174375,0
187.8324534645854,195.86663881954271,206.88372203847553,164.01191636146078,103.5258640984976,104.4658800329028,0
142.90519766776706,174.69369603360357,158.93633540483611,194.14108534272708,108.46760041814096,112.1113636614063,0
186.6997358198988,191.65739143270838,186.01602133855792,197.73010785436165,79.25476392096573,79.22679902096442,0
183.61098479105837,146.75555982308046,173.3512404762828,197.6976271840753,83.71385080070448,73.92473253254641,0
157.90484449515512,182.29325225011866,185.44094241654392,193.75271484767364,69.70348022704877,108.23412433265733,0
144.12608890212445,158.37608248231433,195.42194260830408,194.67798312988086,67.260669349904,105.94662930984612,0
193.24390370238004,177.068517642948,162.87983984756886,194.89079056575406,100.46809667221255,67.85476052942944,0
176.70891173730143,183.87528653695531,164.57659921352786,190.29666705841487,105.63502977271197,77.130521773768,0
190.87410447003094,153.82684672123384,167.10181779210745,169.4968895542956,76.20929714659934,106.37884130311066,0
157.00516702625703,140.53707172690102,189.79881871493063,152.1607797908363,106.26746361792657,68.0833663347354,0
161.24074592208018,183.99692233919964,166.3633062212088,196.92905735570847,101.35539596343244,102.52652622913168,0
188.4546115678588,186.80156091542656,154.8462261636947,164.2072532377685,81.68639928690855,112.09341127442734,0
192.56931331134479,156.31669701634831,190.44228565466733,185.74747197797674,107.55148933282247,119.78872207419151,0
176.96624200910708,146.1225186323613,169.09499423005298,198.49743802069872,118.48357482479004,72.65263288646463,0
187.71941842794322,188.36730629467164,158.3810131695666,185.65654193351122,103.12085512749921,77.75682538287833,0
145.92946168934898,159.22667205015958,190.7673332011978,197.92944770924097,106.07699253920363,68.98768792427504,0
178.11035470769355,186.2982287078543,159.31761240381587,187.84126472117157,102.18406240798728,73.75450302372741,0
150.0301852995245,153.36840683732274,166.63379273970915,156.10084513473754,103.72083641647775,77.55652837388836,0
154.45114559181917,147.8894683649219,170.47769882475737,157.34348157904427,94.54284592488061,71.67860710370675,0
152.2530520882844,153.0326074986125,159.07155380666694,174.6127523388471,103.21506080788357,115.50396322237968,0
194.0579373507508,149.7274993442423,194.8881006614297,190.68113526752114,102.57607898435042,75.80947512314184,0
178.92709667154412,164.0445003376765,192.52335932019062,194.19201050371115,75.16303449059369,80.07784512576688,0
155.79750169310958,155.14906999835998,162.2290227859822,200.32754093552086,67.85956702576392,80.11331350010403,0
150.08869613952714,188.0357174987849,199.23686355906392,173.30985296660685,103.64775907174827,98.04220543493066,0
151.4044303878262,153.9838864925156,156.24733508849664,164.95732302948048,103.96534156523678,75.92510752241692,0
191.05400778684776,177.60527965025523,193.18818585704494,190.7919530882503,101.87698227781732,77.16944545985284,0
153.84437401411046,184.68323005183768,160.3590886538981,177.2127336694012,69.73574019260217,108.68624169912331,0
146.50060762796315,175.42538837559545,168.46821861859314,168.86791974860625,73.17106968337868,99.70881409393023,0
154.96043681302316,189.8977760426118,204.01645263787708,198.9846987204245,106.81420489034736,75.66799884897571,0
149.15343108090923,158.96056580797165,162.04772682152083,194.15095045727358,72.48765398883863,113.23448697789067,0
148.78727260689635,153.44187817443304,198.31447174252597,160.51737662691005,99.14781215951741,109.41034250758103,0
185.15760613946583,154.05521695278154,193.91657166548893,161.49983603290926,75.01659770866586,104.26537530200419,0
182.71939971133867,178.91278522923508,159.78372158291813,188.7002079801866,79.5039676719341,66.05561718504518,0
189.61931875027574,184.47624814410912,165.559037768581,169.46534343614616,110.3197217084048,105.22840216449725,0
189.1740377932112,151.43662946277385,160.0972384853659,163.11614133196858,70.8206362688207,105.32117607883238,0
188.616228384067,152.3124135093953,175.32153969449269,194.22354351346362,113.71432170985388,75.66607924519208,0
161.13700770448438,155.83453276705495,199.6629742809087,179.32801913655865,99.23937379451063,81.82574763746686,0
155.2688450963837,147.11892995969384,192.8788890293509,159.1521607517486,105.05626245800886,79.39610035692486,0
183.12252385312328,184.2794433074641,193.7686201764648,169.37237363703284,82.14291435754122,74.17087956689471,0
181.20620266312676,175.80428238474676,185.94050488219222,205.05513147528944,82.77851513677254,72.42595915543528,0
160.1878699148601,190.28885009323548,197.69078513376593,169.06581961028905,111.12959399096648,101.81664520631188,0
162.98265403479573,147.96575739181182,170.6862307624864,174.75980377604665,113.16631808695108,112.66033524438835,0
157.80283793818876,185.09906235864108,193.00861891929296,198.85048455281014,104.65614337698045,107.38129198644677,0
154.83023226819532,188.8653925047325,203.68570256702887,163.7786494760564,105.52867351967699,81.78387425506723,0
152.5443934656321,150.18577156669008,197.72236676782904,163.20891201757294,76.92334284823025,114.39421088451812,0
159.8926308926288,154.85259214890556,188.2957471706251,162.86582280925347,65.15546259503633,79.90428501983621,0
164.4463333565493,152.16961259906202,163.66978496177495,160.90713457985913,125.64110247705517,110.13967213335664,0
157.31772577152583,167.82552505439796,189.75201382091157,161.87540055218017,70.36768893049023,69.86750385676157,0
151.4657468375,158.91588547528187,173.41256397162425,190.94550403244887,93.84587211979833,71.89262604667253,0
178.062860744068,186.0181425788854,198.46863205074263,200.7091547020075,108.06483519188157,109.42841649977028,0
188.13559295368194,180.79016364132244,203.2537484427483,169.04979917667495,109.85560773486657,75.16524438857843,0
163.57241680455215,149.52273805330756,166.28271408415557,160.0598713904713,73.8550617039396,101.67892022204735,0
178.43341718499545,183.26110073073934,195.09960494837264,198.88380554645067,72.5698180018825,104.1989039595839,0
162.35395701617665,159.34749437135824,154.13952814144724,194.1838188650987,74.1640116956252,115.3873791558994,0
162.00469578290316,155.59333289002882,197.2585173793024,170.0451053712784,109.91969227778746,66.94556621643352,0
157.12655316495272,185.2631239759462,192.42004927268925,199.75239182841648,80.0043181825892,77.28943152944802,0
195.27859940697766,161.1764044471234,162.24743525533458,167.8943230979285,106.72704717477134,112.82709409014849,0
192.64255335811188,184.17117803223942,202.57441190644653,167.44641032435166,62.84885083293466,109.39626500126616,0
186.82385593260193,187.63474051923518,193.56444800014458,163.10105391514523,100.53966418473728,111.41087424112804,0
182.18622424676786,190.99959024782322,201.09677155433837,169.89818768377603,113.29404537629722,74.98983205292541,0
177.21489711742228,152.02550677901957,161.87388311787657,198.9524302968149,110.25197685797959,58.1456342872569,0
152.205445645613,162.65248670257577,159.35229060536787,191.76153472092875,106.05878352463037,70.9016731162944,0
154.14277503668532,189.1960492410414,162.13412160337754,165.28158652179573,70.1738863076573,72.01161051571957,0
160.0959293376328,152.83050290544938,194.22067546002444,191.1239976324818,110.2148983639458,110.5349488476484,0
187.9234013021653,156.2991135854366,167.65531784694483,191.36081624444307,77.3036629294954,70.75282679287533,0
151.6757607282221,156.3593527086838,173.25296051572397,163.78858302229133,103.52967966606025,109.09438391520301,0
153.7871287254628,153.6778298695578,168.34774034891805,198.37211997615302,107.8297271462253,108.31268617885964,0
164.40795628870782,183.26696318273946,201.25922853681655,196.3372805696554,112.08301136767437,110.38201907830265,0
186.99681796048498,157.1701295077862,167.46724795187592,162.15085638176748,100.83657528914026,102.41791865099277,0
175.336798399543,155.75497136035654,162.66517669094415,197.47173614413612,109.06515117810771,95.62269777436111,0
194.0975693822456,185.1561375120942,183.95042070625706,157.98346626224549,108.37934681928476,74.3890174704663,0
152.34178323382804,183.02801694354633,168.12945587375106,163.7394279095077,99.12060532881516,83.12379911210809,0
137.83089269040488,151.78710089294972,173.37375277011088,162.47102087882706,83.55183271419331,76.08438061895114,0
183.19975819084632,155.760070634078,196.7358850764166,200.69174579433422,76.77927621992146,85.04760823205251,0
181.02214701286272,174.1275775372225,199.58519137433478,195.70743886993313,108.60526464516616,68.94483966920849,0
154.9454896059455,157.82322542473204,178.08177004048534,161.68687322881874,63.1444699465213,104.29035242413111,0
185.39267289040052,152.9303679362201,195.4110815984521,194.09220490064354,71.41843064414124,75.1119725487832,0
182.047643564021,147.85212631515773,195.69826140247287,199.8094662620074,72.13169836320246,74.72721469321611,0
183.11979755990143,182.8199059563964,199.124824573287,201.8806610318523,105.83918668624995,77.54169294908807,0
157.10882172900074,155.2794610655718,164.38372406042285,204.28665501688909,98.53158767176913,110.65694432467578,0
185.13340632371654,189.7853467874718,168.96470547690492,189.3567483604836,70.23865151296525,72.84665122363508,0
161.05447727178765,187.9867862942007,158.189146601189,192.65500513450945,78.93602793510188,106.9642970562191,0
192.19241062191824,176.16173262004338,173.48051798049212,158.46489372640386,104.37330628903449,69.6916655986907,0
186.25487971228313,156.39900883416007,171.3304835677042,196.96850141603167,123.96402679971209,77.07418304055521,0
176.50246747265172,183.62537840844465,195.4316869742919,158.9158414111543,105.88108665640345,103.0064377133952,0
189.8165469383691,176.51333582986626,189.40976819654273,170.2535166535142,78.9615173471731,118.493811084546,0
187.3822775468643,186.41701732152265,191.64344702368155,185.97868719125208,110.65053997460278,73.03881245198434,0
154.0383691825309,188.18456093415548,200.77497341350016,193.43982556282884,76.54477977066911,73.94076048581626,0
151.25795715262274,146.07677847891395,166.79546139602724,165.63406549980002,85.64160409624982,76.44941594401277,0
151.4294531306753,149.37369459945774,198.61614971889864,193.3507884927222,68.17151692202674,74.97717896902914,0
200.91345805938548,184.99364250688458,196.8110567938408,193.48886077257114,67.32398626659563,114.91918170006593,0
176.36823423233625,175.6095921807715,191.2703132486863,191.8029321654373,92.12825994469807,107.415729396741,0
186.76868404040732,181.60059128794185,165.19046180255498,188.88823257933072,95.10372771819243,105.82838345908247,0
191.3516778314133,154.13222219433652,193.68082174947997,195.1988699041519,110.76175400777181,104.47587239921901,0
153.68702166729688,189.15787414139658,162.20742970219644,195.66431631255196,77.69405074904824,90.56129687407612,0
146.48262807423944,147.70583952005137,165.6252911963229,172.53115954255185,82.17095694067305,103.08902729381722,0
170.47119322032617,181.2969047519173,163.37023317669946,189.2867827579272,113.73865999421545,77.16008335835694,0
186.72555672509435,153.07009354864346,201.9091619279566,185.3981460444642,109.25879018389169,79.14241722181067,0
187.2308487347419,157.46905127719288,163.53857775153008,191.9637867285701,73.51811959046498,70.67866059237096,0
186.1571059596605,178.74525148203543,190.13716384464124,164.99254743165957,92.78452990963412,104.25215370575796,0
185.0000935105667,181.0742427917051,200.05863391508473,159.32911348028244,98.70150606367675,81.60859752148316,0
180.76119926111403,156.0448540539537,189.36749429964624,157.4696543750097,71.91775442707,73.31645821050378,0
188.07909751932735,143.97159185909075,168.48834473969356,160.10423918139472,108.81611391676157,79.25102631695756,0
164.50945117215772,156.24392420406895,162.0255336163882,192.69382846445876,72.45590393870648,110.61225519252677,0
155.98366636187646,187.25742979387624,165.3956907827345,190.0870094504328,67.67906252187079,67.59073640049485,0
184.84605457574082,182.18628018177947,165.045958588861,155.5798317452655,70.50202338303329,71.85181980979381,0
145.55376430578332,153.7167620278584,160.0397495184482,160.75529096267982,108.27363358880126,70.31463359625616,0
191.33839398445681,155.32814029176322,162.21087082888738,158.72095732475367,104.96814265552995,109.91924666682182,0
159.48601333999898,156.882120818627,166.3966018041384,205.12631074289598,94.0505484676963,97.02429903343862,0
188.02390433959147,187.5363281482328,166.52803715421155,159.47591779860056,97.1409353080826,108.90433759101805,0
149.19051808151454,197.0298989694374,165.22254765105927,164.99428605135498,77.30702640620508,104.63131690742384,0
151.60493581995254,155.17054088092908,194.40467192112567,165.2761972659281,69.78025925328915,94.79672343343927,0
153.61787762419382,154.50913026596558,197.0689568030121,170.00450014518543,73.96182414403145,60.644818969391494,0
157.70290873070914,188.18843586412007,166.1237963528206,192.96165872230853,105.52689328242896,70.98530067812113,0
181.43082291465572,184.0284086259282,189.23253819899557,185.8520964780794,74.0590111298655,103.12754426362133,0
160.02279098358832,176.93394388401092,197.1950534169114,175.20918946944704,77.62474422141351,75.97218066749818,0
188.77950379563052,156.84794729509898,160.23803763349065,200.2035442173931,108.09924653341308,100.83983427452463,0
184.56027239594712,197.21581490543443,199.92113241234,203.54945352542325,68.40322617947615,103.74989203024293,0
182.47230978697166,160.4833052526541,190.74365589839215,196.29672715655292,77.63053630091122,85.70580423669226,0
184.70724006817724,179.7178722341999,192.77849070971132,168.1787986661485,106.62707567043599,76.48361415602756,0
159.12113879539348,151.30441192330198,202.26450908574964,193.65149066759773,111.8388077477259,83.7025978861297,0
181.793337200703,160.7005076416208,190.37926489268412,170.8915224298517,103.25777124272203,99.7176505298206,0
158.83231790610995,146.07840902754984,199.1416619056755,162.0820064415448,103.36453948514952,97.81830882056181,0
154.3908912205677,159.7061501471731,153.62676167737868,164.85263922530072,79.80571069512249,73.94637241539229,0
178.3953751425514,156.53829583147947,172.00172939571556,166.58489419129856,110.06022692106222,76.29129994452614,0
194.21921109205584,155.76873728419562,192.16455682404302,193.8853519745279,71.11325335286703,71.36091783706667,0
184.99139549659,148.93910381468018,164.3841379113695,163.59352685008088,99.67120796352175,107.02203288731698,0
159.20289278037166,184.53323691054436,193.03796495439744,174.63151659410914,100.93556320915681,80.63125466714305,0
183.81997301607538,189.5163831398756,193.5506987299434,198.7992857654157,87.31829328536527,107.3390240407332,0
145.49987585612115,148.33502164197066,190.65005470498286,190.590202363724,70.09896036233306,72.09308225347431,0
160.4448696228349,157.53711970687357,192.03344014188602,167.39183702567323,111.18311684040548,81.58213502622199,0
190.5040226655865,157.7962985324189,167.22081209629505,163.5470591643032,71.44746259278597,72.5147508336332,0
188.22752721984304,178.43865145362292,198.4171201065223,162.7091858823237,78.41885884499872,68.8342351890527,0
160.80117284368745,154.53127296089468,156.4679730364677,191.55285211507294,68.90702552439797,106.98741504406614,0
186.85239029384525,180.71841375914357,189.67245249247586,187.65861792815673,79.5224081478834,76.43200864794325,0
184.45936734159116,147.20361456452815,163.82911783519748,190.01844561684547,109.20038827346356,87.52483628638865,0
179.01214493510142,180.81930488304965,204.38414716617703,168.10876924485868,77.98694224056474,104.93092219663299,0
179.38923707470153,190.52093474876716,152.0735653977125,169.20790719736817,102.92557027916348,70.63807105092326,0
148.57232408404073,155.47659931210694,196.7858004811588,193.862840084188,98.8275883785517,98.26888188886059,0
177.8605202120817,196.33921042378105,195.418052484543,163.57192104155783,103.04397562279061,68.08280717259963,0
185.13498719914185,156.02501360642515,164.28800670561105,204.01220145121948,73.48652737444442,101.91304035715851,0
179.68597947052967,188.11354054711057,166.89699563074967,197.29951045474272,79.3261164891556,69.49502484376325,0
180.51498718136847,182.08421925558216,188.55532301745535,197.16449997055616,75.65232960934998,74.27608862914951,0
179.98026043260842,158.7318710042801,194.38667372680987,193.31751858034576,77.27386127620335,73.80210944821482,0
160.67199153894535,148.9978840591748,164.03742200670794,194.49625718242035,108.64374486792637,71.42296653395212,0
150.26226948869564,191.5514579746451,166.4239830400401,174.9838870480582,79.67678433710253,104.28177229630968,0
181.63766930688246,187.23577528854804,172.7257005326709,172.17690886593476,93.88061608417885,108.07487063621844,0
151.9315492621218,198.00189321130358,154.4587232128494,164.56142789196446,71.99090225078002,72.98333654181462,0
183.08024622836973,190.63850293343327,158.15620853999312,189.47869475199684,114.92140351503625,68.5988079954611,0
174.57348542802518,149.65938083307532,203.90564674838294,190.3430730515974,68.648159148484,67.54572414526517,0
161.36288467133946,185.63388682170475,165.1266330063953,199.17647741902385,109.30817311270614,100.63206307220989,0
183.5750187821823,149.83088884419735,165.76814746306073,195.07988701872716,69.96851594116123,107.37787313513562,0
153.68778685146324,162.32025464061797,158.28398290081043,197.85176654288037,107.67066061182625,70.86004037904497,0
148.9028057020252,151.5386731454975,155.523387083225,209.62764524191238,81.05887032669344,102.666778486094,0
188.6859751322141,157.58797636395823,162.859184145433,160.20836717275694,74.07924913892438,72.57543603435393,0
168.35483966057228,165.54082624465028,164.53551792008764,169.0956993624716,108.882103439362,116.06988667425176,0
179.4814512039764,157.34845812849684,200.76439058618053,196.94725769673047,67.15737274659908,102.7244178380747,0
160.25750189077525,146.9469729072524,202.10190166579764,155.39472614235586,80.86918502463742,80.16357372653576,0
185.0997242518058,154.80548081906446,197.36889273023806,165.656564851737,65.20203528721179,103.5165325610962,0
183.80118411670597,187.863772833991,160.91264153585044,169.46648311733622,102.10163631106701,79.32940630132221,0
182.3391241697002,158.11001721553333,193.0322464340962,166.37296715446547,104.30679384483065,99.46452434662217,0
166.4175333619701,150.6917804129955,167.05259495398568,192.86303209259717,108.27357174516852,71.38828834912204,0
150.87596198161305,148.39027963018216,160.69318372774424,164.11533223304832,76.93786546000047,108.10939125047415,0
150.76908069181962,153.42417483273553,187.78387959092896,168.34236707167108,92.12987822197915,64.33930751087475,0
156.94964727629656,147.23913246609368,194.371210034787,186.61307615782718,71.48415937267411,78.84870175392824,0
161.97311213801274,157.79974191179508,187.29703402007644,199.09264558254972,98.59483767131607,77.9887181739135,0
188.5144478349324,178.7499304824128,191.51201732764753,186.2891614147684,107.24257568589192,66.8695782374214,0
175.1783379082075,181.11467881151117,157.6098181363651,165.2293352989844,73.77537915259703,76.80500804980865,0
153.03882013992228,150.1398986998144,167.43170922735507,189.78355026355217,109.02429521765819,67.52732471472903,0
177.83255747132768,146.2583683238111,184.6529387393351,168.43829569553492,74.19826135584427,72.0435548685262,0
160.3807592395213,184.67400026464247,194.64394703663268,156.49562263653894,78.59279916083385,105.04042209681833,0
186.82665540258085,188.91613625112717,162.30622416460977,188.4008941035343,70.65701318236648,108.9740880802096,0
163.09517906165118,186.71119565900557,171.18696949964308,165.17000465062648,98.69319000247687,78.61340652594095,0
155.8154929096784,152.02690459846562,168.0356223076107,196.8127980856547,113.97739421680124,101.37995452582747,0
161.34637409696776,187.09703350994923,188.0324228428446,171.039710171173,112.17210281290768,69.5481507087434,0
182.58190752231891,190.18250995812468,195.66709567429263,166.86353315410756,73.4607716379532,107.17048398218046,0
189.35474158247573,187.14889511625185,168.81515496395244,160.68295166688137,112.00887432263498,75.70438345974436,0
151.94161272738458,188.65542826448163,198.74154006204924,163.83467409852386,73.99987027383803,75.15648983926295,0
154.18527459895114,162.33458777261887,164.496979807939,189.33663767878755,72.10335890354024,108.12391192007453,0
183.64495441988743,180.7372750500786,190.8810811133891,159.81715656266047,99.00208145379777,64.44913744331048,0
151.1676216192967,151.21815851143444,172.3057114155826,196.06921325894572,75.1862543410353,67.18048295200299,0
153.60849833427793,159.8751500330346,203.49664270303177,161.46514110619185,73.85878456563131,69.2509944440535,0
190.3344603902711,178.60195132050563,173.25920995313095,171.72886216300785,64.7454439478927,109.41617254057167,0
184.3495507433221,176.29159127004777,167.4239567467497,165.78672782448066,110.43610181307429,83.90170099956038,0
165.40510690714888,163.91032619711925,162.68795234447782,198.06121979380023,73.85172404916149,112.64258432872346,0
148.78593438986644,153.89858319094577,204.25082494235653,159.56028958876254,97.93735450990003,110.88662676505926,0
144.25796486423886,183.02227923406997,198.35523260711633,161.47422748207774,79.37917205093775,112.9770386529323,0
187.48108339876106,191.73911403532085,160.70897404469991,161.92242609056825,86.51828430475223,111.90955666149758,0
155.15098596561063,187.7487099853264,191.60027295655263,187.6298139540332,74.76475461480612,112.51145910217532,0
154.9782978487538,187.4221369797132,162.4533050357354,186.7344680471876,106.07679810159708,101.72181132904171,0
161.375313918479,195.09910084259946,193.55197724824424,173.96937367989273,76.92173802127726,100.47563323182182,0
184.8578246879075,186.00371118908615,157.22884619843907,197.82592204496683,80.12596001738959,84.78988108001793,0
177.89149585599284,169.99645332931635,168.64299367247457,166.62439582805447,77.48967027760078,85.57651021374447,0
193.56835975626186,148.06766691672001,163.0942112986926,160.2236326399755,108.50402989859732,105.79119637762962,0
186.06673518408996,184.5656662516282,171.80647124944767,198.4209564694959,72.09447522009214,79.9824901154604,0
185.2280540877072,179.8813103300649,196.68731061702368,208.9277115313034,98.35803970695328,75.76258391346131,0
161.7534476033693,188.19239368589152,154.65879681661394,167.93570683579952,106.86401593619132,61.846537406630624,0
188.4381398308517,185.73572643606582,159.49910576172584,172.72601486323967,77.2554118561031,106.91211670537531,0
178.90038623147802,164.12926690968126,193.01463995105837,194.86783379567396,68.66735876517428,110.40662123795556,0
152.7085005299948,151.37180174675194,188.71362331880061,167.27967710875055,106.7543863073745,106.36805402635025,0
143.2882553206761,157.1702057235879,183.47479820639137,202.81359476936217,114.80877206274742,104.95275181020284,0
184.81208862490203,146.81807604820588,156.27675518380167,196.60560320710866,68.07791095310762,82.85101225502737,0
190.52054994029365,148.9319468504193,179.3095597801445,199.914856383317,62.46078335645093,110.1271308484848,0
147.57339522351373,156.15970427918117,200.45696283895262,171.851823247869,73.51775236915442,100.2423880539484,0
160.5900534396957,187.9861954340686,198.77445726712858,161.13354036636497,76.10475617477283,76.78239922303001,0
147.08402434648374,185.77805186702085,173.56623948333396,194.6461694695005,97.1039235104065,74.80962487199419,0
184.2722359901433,176.63469983207665,164.95168592886927,194.50579171054434,98.34848447519673,83.62285983686385,0
156.067584491263,183.61447093787982,159.59971265691735,167.90755063063582,106.13754517323406,74.55957337154243,0
164.05852379757417,190.39977517763265,192.75806823199864,189.33653782307388,102.4592737855258,79.60263021764217,0
149.7496214589441,151.91302867729772,164.68694281795746,166.8161945153312,109.73908506631412,106.19503487380864,0
151.97402086610714,154.7641599607245,166.94000966747856,192.8574742164163,113.21965887232761,96.77061112307145,0
187.241576527144,187.27618856654496,201.107697115707,164.11309068625283,76.22913107716886,77.33508505474673,0
184.70481131990545,181.03615095625048,203.13576468590995,191.61051203342996,99.13513000579512,78.64597925838517,0
152.02640349925454,146.59555085078262,192.2647419994782,193.81434521890662,103.51565481545258,78.09943927823413,0
186.57282623136967,192.90016282024868,159.14392819041942,183.18946023327857,97.47307406701508,74.6635156106938,0
192.49605545836945,155.49795600134954,195.26838269260728,186.11581194664134,68.27280919808815,108.68023461963128,0
147.83495168463466,164.26237350206233,167.87827439624115,159.68686523864721,106.90124853232734,118.32848960749095,0
185.86112861510853,160.00575098876647,185.08511057791702,163.3880872363927,70.76312407079982,77.34396553761866,0
180.5804536029118,179.19849697010946,156.19166908547598,199.23338401372874,79.28120854311011,82.83652557037577,0
156.86730190358716,150.92376486306154,159.90665482311695,197.60885582103188,108.24680805474158,68.2841084990221,0
184.78738074437376,147.12798408288666,192.8184686995071,191.85886199520652,102.46915126255337,103.79183822978283,0
186.21570597981628,151.8914156530612,194.19773293485696,159.39684970618197,67.853831704331,76.13823652675505,0
176.11245284812858,153.10946893114883,204.25198505215917,201.28294739148015,102.49102226889931,94.52418950325692,0
153.1122091261041,154.980540056397,175.94675221130413,195.09792557654114,68.57195334820861,77.2934918311192,0
191.94622749619404,155.94200209475457,198.726080975174,165.86829613639534,110.10919478912855,105.16982493682553,0
154.10809571383433,180.1724970538956,184.70418212546062,160.78920793921301,71.64124278227585,108.82371963530382,0
158.02402677557114,157.1260978009041,195.86410918442783,163.2903969323276,69.51756873045359,113.55411135593064,0
166.26507620047386,181.409077496326,162.9573372342155,159.0538803789672,112.59332698805213,100.31782013873034,0
157.41650739726808,160.4544173573958,200.09208447697307,168.10989328933252,84.02518267199957,95.5545288877725,0
189.26808180388116,141.40903329175597,164.57974852436195,154.77723715154815,76.08873375055094,108.68795929018705,0
156.4212138541878,182.6933081380574,162.7961445197131,172.3358784457759,70.99010052599255,98.31307533322482,0
185.57039731928367,182.6446877344772,168.66145169704083,199.02365285820107,72.80308759634116,112.80012079197412,0
191.39166935885595,154.13551745621942,197.8139038933491,166.7127647307915,112.87866034061436,113.598433690133,0
182.48172684182796,182.12098622269775,184.8058376376073,167.4958190729329,75.42949734987457,99.13091321846449,0
144.99386384655503,185.90125130311932,199.0515175761018,194.43047427700915,110.7334285280524,68.4048660971292,0
152.04060622241624,184.49936410174428,200.47616601697905,169.2645633033921,100.81732684844813,109.74273192401826,0
162.73826821104103,182.6487624920179,193.73575788776313,164.27994484085718,108.71243011789852,89.46104356909248,0
180.96887268276674,148.99105446839772,184.16136436184428,163.901146395173,101.59782756901733,64.43914201393078,0
160.06530615606584,150.67391029252602,162.400533611315,204.93013334011383,84.45052304394189,109.82425802435212,0
152.83753374195538,173.66714654037315,189.13836774458022,162.5165412923332,74.96648049861986,111.27187262130114,0
186.34458101800092,184.94539479683104,152.84192348930395,159.9311171679975,104.67709874253536,76.96542288749613,0
182.00437810868075,155.73382440923606,193.22439128913874,168.49994306009938,77.62096051234477,78.73199303549598,0
163.95533065585744,162.3217943853298,196.66752959929394,204.14092834133302,107.93577468535237,102.27840115487719,0
179.41644372035404,147.31606312458013,165.36545332350082,190.76796893092603,103.57429939196423,99.63837086317403,0
187.17507765217596,163.9246186976858,194.01511206481723,172.6244499867234,78.27842908671167,79.72033687241579,0
149.5071737933764,191.4329542293035,160.96622980217154,191.02605046350098,107.11416652320364,108.4262695513933,0
153.60027889495933,187.5321404122491,166.07305367580486,188.3480380671696,110.44843152663623,73.87585370303815,0
157.86239571730104,159.70416902844204,164.7522079780035,200.42540176161788,113.35121701901943,71.63243079127336,0
160.24994927508303,180.59941147241233,192.37028642226826,196.98571169729718,112.6663759264833,96.74795682439948,0
161.26357843752518,185.62377139404734,164.72052376451006,165.79868559209524,82.77715748690582,75.58237326507418,0
187.2273195529239,188.8123505248291,196.68099981900423,200.4612113144236,105.2830961983326,83.52677702300004,0
197.9219942871708,186.69713421873243,198.9980111223829,157.5883372484923,114.05631222380136,74.99247813545145,0
184.02020516295616,183.9914852307971,164.01150577954945,194.53914267431693,113.97775116302365,69.10547498094552,0
185.3261531910123,177.19697446491267,165.9326374685897,158.96490717665256,81.75384599246075,81.55175003367401,0
163.54489689596267,189.33295094175855,201.07291419498287,193.1076519931208,100.87209147008357,81.11488708452934,0
193.8780444186633,185.1013239193234,159.3422575106376,164.96682132391942,95.7062901067294,71.91666426615939,0
152.2809873539137,160.95880587469475,165.24976206700237,162.3019963603673,108.77536739288283,106.02338521329702,0
180.2444850330735,183.0849607705691,157.5678614053264,201.59321290625908,112.60261518722417,104.43893414130706,0
147.07092371711423,183.18151967395292,186.7885393317439,174.37455149017097,103.59032596009462,71.33049418736948,0
191.10701146300235,197.76681816654892,168.26244398666182,158.705416833195,66.67783538686427,78.55579770618526,0
150.1996521912882,183.6464691135057,199.61516801941406,193.97348479673332,68.77809275592034,112.13208150496553,0
183.60380625651766,178.4995263012562,164.90738108598677,197.16429988376075,71.86937654626954,69.25745236249455,0
185.7053582549081,161.81063692217373,195.07595287897453,156.9785160769132,105.21789668478887,69.35544022712212,0
157.4525777828123,191.21939585413384,169.74796940014863,187.31008917608884,67.37268834069204,111.08017064750726,0
178.94485845259953,155.86826272250315,158.94176137647253,152.82488102808685,81.05111067625805,65.44197818016251,0
180.39396572101347,176.45000359535274,192.64614941799954,201.60115472755095,105.82900901217967,108.76924689252795,0
164.35008516528205,168.1544164850646,154.33986557988527,170.25626099563252,102.92651563897162,104.6604645165123,0
165.08087522776555,152.03032841794862,170.60785722673393,169.75358019269402,110.8094658455308,106.66496507746623,0
159.94447786502656,187.1791215366672,188.64373229021183,167.88308568917486,95.57868272633047,72.04574035241025,0
160.2837608193639,154.453696771518,167.5394880158225,158.60571145241298,104.45343260394273,113.77655675225026,0
160.39823012914886,187.75763314739288,160.8338292591979,194.83195748128676,80.72388077135538,79.32018437358302,0
186.81194168991925,153.80633543521355,163.15263904629654,174.47738150255827,68.46399248568105,83.02489128810237,0
181.30225770962534,189.34965060138546,169.66863853149198,182.83493603080404,73.54521076670409,108.98479553480293,0
155.11912662299636,181.36032061368638,194.5089636792825,197.75166190338518,103.76876720555708,74.37615945563691,0
185.63899527875625,151.66616090813693,199.36021610406368,162.122628528089,100.23632348571299,111.60531860146112,0
181.36070353554788,165.32625911932462,193.44067747549323,192.48577994964108,72.04217920864642,83.75289027328564,0
159.97179151326782,152.9976029217428,199.30283777081206,201.20770019103927,69.45346814382971,80.4789048671923,0
153.8912674250805,192.51067093049951,168.2484875651441,173.30324258068094,73.9541748358457,107.91705190085952,0
184.26768947137714,156.89888970562632,167.80880727982696,170.16104545371346,107.9479514099687,81.40232108044444,0
185.5182181549831,186.55218274276112,163.93240476131965,166.89794001833476,73.0503555535453,112.25090355563898,0
188.0843867450262,147.37471329699852,168.19459338568583,193.80730023650463,72.68807810727895,80.71280059215238,0
186.46009750810725,178.97086515075256,171.37203289680514,169.60214068440584,74.85050828993778,67.29230526797983,0
193.70509893942346,153.9346221278373,153.73770684094012,203.93506423562502,102.11174369383036,107.48944273845153,0
143.94954146651207,178.491766299861,188.51519131805438,199.52481907674888,79.02341797778895,74.00791559899909,0
155.1607700133548,161.78307059374026,194.40635421558287,191.3969428390226,97.88609775997395,98.77477037476548,0
157.2639226598779,180.76267276782815,171.06776378171716,198.3446920688189,76.40999054787918,101.54924801919637,0
149.54861580767454,188.89653468088136,198.04557901089103,184.19497544298378,62.152119859702566,109.9062493913849,0
181.90512750256136,158.0853396971853,187.41710819771527,158.188369235314,77.97699398035417,87.99265339218464,0
188.12190410286604,148.55286954389678,199.25559780833456,183.57262383678002,80.58831731561135,117.5176500753114,0
184.8739884159324,187.4585317878197,197.36220283754054,201.21876131308932,113.35975921968027,103.22708489848804,0
189.34429567122507,186.95176740865236,190.05941025389845,188.40723844984282,69.66808428976269,91.19270170958471,0
184.52362999316108,194.9864043824446,191.3759767253063,156.0177445143465,107.92428771094086,71.12067747125458,0
185.918918725126,187.40217956709998,168.84848835973975,164.95595903657744,73.20745595203195,120.15450731898983,0
194.81613816397314,179.59872392112075,163.66995104733,190.58225873726968,107.78161579570393,109.6550508976746,0
158.01144484211758,157.13752410312063,170.98438779407186,188.1916593937447,81.41125532767148,95.05745151210849,0
180.92663407235713,159.66734106383936,190.63734789613758,192.02433449326782,73.95756529418743,91.3207471320163,0
166.1739751230461,147.54644960080742,171.54812530382256,160.48674298633225,106.11830466263756,103.0941184460109,0
152.718554929533,148.09089821176576,163.80575666526846,197.89422867104372,77.2935553186869,79.38881862636099,0
186.8224662839652,181.12282839862897,167.50898892126662,166.3807454987409,76.83760477900096,63.59164987669296,0
184.27163527307826,148.0456342041797,199.12531081212154,156.96196575468196,66.73545558359604,74.33880130065513,0
158.2610945022883,181.22396266742467,169.9869680332575,163.90833727861016,74.51761120227594,102.11817671033602,0
152.64254524351378,149.19011238171308,167.2044974822045,201.51373279888776,72.36244798828602,119.31500007591579,0
148.20696886579225,188.9227682622402,196.4884087806131,161.83636801644215,73.03288157996369,75.23555072373215,0
183.41586833284464,160.5264285586687,155.02482357044144,160.9753452902302,72.4934369374213,82.29247822840655,0
183.13465767387197,184.95336461914357,203.33447056807614,187.3579866199674,105.65266656170817,115.34636835357631,0
154.42846474448885,174.81641903695515,158.42075128465623,195.4830640859762,67.17122561660402,105.79069581507703,0
153.21488034753503,152.32864894367935,167.6852725338066,164.5266474771171,107.86484554992278,98.60662643498227,0
186.38239667122326,196.79982155013786,166.0410765151987,157.75934049522945,65.49234177978397,105.43000066967613,0
160.71012872429003,155.620755464197,191.6992857241406,171.19308040768655,109.62375695056167,97.827307649527,0
179.02509565252228,179.13999815755196,172.11314407186148,191.5756677868294,75.82592266015861,107.62722323105551,0
146.29664413170858,185.1347625788678,195.9186342120536,199.22184620968247,75.62523017464935,71.60267946867191,0
178.859389273785,160.49113701986235,159.42479941272978,192.08558983318838,102.30825178320195,106.42992685214,0
181.76476557311645,192.09809511940273,196.75954899744505,161.56401905656023,102.76220416421964,69.00625736629283,0
190.2971082203033,153.90948229718973,200.86554694562983,199.60063307792328,70.75807442961423,100.44425831270979,0
183.1305978672789,154.1887885195068,184.1838268923137,161.1797669878346,75.68243147897374,73.27056441353649,0
184.40050299766293,142.6205160897062,153.59900727724155,160.93017889707832,77.35993711412048,80.4483828026818,0
150.35368715369947,179.70852452405893,154.085497153479,172.48064478972194,101.9643099041853,81.11135824448745,0
161.2975858001734,157.39762659790313,192.72728241594177,194.67909378374685,100.06149663971573,112.69506480295429,0
176.85290535851684,189.52385953226766,192.62161352545573,190.3261366028756,88.06097733611315,73.64266578853099,0
165.8369921920728,184.0683503581171,199.61234328080434,164.98131316344666,68.47137648237039,97.75557012256037,0
145.19730350631468,189.56900242697904,194.1515715939995,197.2045883063392,117.18152108154763,74.13871889824478,0
166.21195268935875,179.73455560127778,173.46499058191807,191.11680857234427,76.01414408723888,77.1708342352014,0
190.18694145752102,147.02063471072773,191.55955586685772,198.1348169241769,68.58467045849984,106.35550744033709,0
186.15765581773704,157.06943395745338,172.16004860041832,191.42726752164546,105.62667601861554,106.344579441577,0
180.05777222877376,183.28242042647804,174.5289600571713,159.9180146771838,80.7716525139575,98.8116744516998,0
182.90102739175327,151.8891931330748,156.0843866513152,198.29901885855023,77.13292217394473,64.98229738268861,0
182.3455623686088,182.96267858050655,160.39045170208485,160.93557738244476,68.4239842521854,104.18241298331199,0
174.4064010993705,151.01382050068435,195.63693270029114,172.58114149198937,94.46893508744657,99.104132590592,0
155.62263590587594,153.8679251468651,163.15553233895145,168.47164745677202,72.46167351299633,106.69170467841971,0
183.3860832881499,141.06762854915777,184.09013412839008,193.86938033500226,100.01805867464421,68.67980607057102,0
153.65569429806646,183.23122170396212,162.6038313515895,195.1686386182171,79.70100848827582,94.33701039751368,0
156.6766461197227,147.6101219494579,165.22721852705465,192.63076360437321,70.48212934113668,106.38852849272563,0
155.99949954211985,174.7617073834352,157.42252034279065,170.91173330895623,76.72685213142833,101.8587709862373,0
149.19727881131521,183.9807350558958,162.31313834131453,162.19079080387243,102.53612723568297,110.56247448652725,0
178.96622783471292,168.88459859124538,162.85430677987043,171.20707724267123,105.51878554687086,92.63603942895448,0
155.7622274109978,152.39949061387895,201.52656183829794,195.8901463978706,102.59740448733803,103.72022460431613,0
185.93690355563712,155.7510493530506,191.0946012371334,194.82243284727858,74.14964190056857,80.07691948279145,0
158.26899991366247,161.9286034238231,161.23236926194073,165.59604368598053,79.31194694962412,70.28784723574955,0
183.88626793043602,185.67941596448662,162.3197327680083,160.21021531458183,105.54768167199633,75.3611713561664,0
157.69775143023676,186.56157127516136,170.2953872237096,159.69512035341373,104.02706151785071,69.18531226027964,0
189.2149182043124,149.581099691177,172.32410799787377,162.81086883297033,98.93985248822553,88.2408114635245,0
152.51625592345542,165.4618591630036,157.85112027316154,157.52327407101598,101.20177803516427,97.73618165661438,0
166.63312171719107,185.82480792966155,164.22209499508736,193.37319676363518,92.5391303372789,85.55819943348682,0
164.68080983138617,159.7790901026231,164.1020542075761,168.04330737401608,73.12060053369423,95.83062807713996,0
154.79636149543597,196.25798173517117,159.55852232910783,173.9285467615386,114.96939274271669,73.66856664215025,0
182.48030187530262,194.17954459044338,168.02244960830132,170.06199703677646,78.2323336586625,67.54029478983749,0
161.2222744811966,189.30844306137152,169.2405253851125,165.59268944476074,75.64737550451282,75.31141335764372,0
173.2511096666843,190.37302974559597,163.5983881738466,197.667145401799,74.64384177264492,80.22143943633736,0
155.66944994870417,164.82682792026992,194.70754716201802,205.98663665470832,74.24051091838598,106.59860458692745,0
160.37983467683827,176.46061973076604,159.5608825439373,194.4723120052185,106.43995506120868,69.82190879994899,0
188.6925685195486,144.68930527841192,184.21184073597695,161.23679450521217,107.8352236887831,73.41974510254104,0
162.9413551116025,184.78043579605458,167.6080132296234,192.78355522687173,78.72015479147132,108.74332241848023,0
155.70873095674733,161.84053870009217,163.78824607468937,175.31690232516212,114.64635559118724,68.95922908153167,0
182.52031952467058,157.1996059627648,206.93444831753652,171.00718906713084,98.53374609476452,111.04153002621351,0
161.78488469594154,179.71131219994984,150.25000799861562,160.01913140943745,97.45924881494994,109.68848497684138,0
180.21417407654633,162.13262441460785,162.57874082816446,200.44884423342748,71.5310680876917,108.19640516134001,0
152.6552953284171,154.35224633466896,190.793732992504,159.44579528304448,80.57142984062354,74.6237451152181,0
180.01548082106052,157.28609079491855,196.48171909269794,167.0174459315867,102.77026889402025,101.04963052572867,0
152.97864111227813,176.25210583813814,174.78455285794894,167.9028679043317,73.05795061782129,81.24523246714197,0
176.6075141746213,163.42640402636448,161.83720202022292,164.36275508256998,87.26682786790337,106.63324701318004,0
180.35366055940645,188.85398388028486,171.18178005181377,206.2324479893021,97.50679638563325,108.49810560938072,0
183.59092233494124,193.23886642977786,172.68708402318092,157.02207341684684,110.97014415924866,95.18232235544819,0
152.0905495831284,151.15719587203523,150.43772500788901,180.0405866046339,110.87618604802472,102.85419975416526,0
181.42891856605888,189.6842143073527,192.18384769870968,202.17708195718703,75.6367984908091,68.22675264955114,0
183.3735629665788,159.45078591764133,183.91609232201176,166.65013533315877,68.26011418073838,101.96671392932933,0
182.0759905193857,154.6643414623315,167.1501153971197,200.5913935205286,74.36214184963326,107.23977419773527,0
181.62899951471317,188.34388395385258,200.5645976059435,159.2488037679341,82.22193627408025,100.2581359072168,0
183.72785226520676,153.3169867097393,188.8776723362549,183.8375071860202,73.56881558838228,77.5165633030289,0
161.62006632011315,158.06254022333434,194.54064109426008,166.1636852573077,70.51416874579235,102.05688265414429,0
154.5073057519389,156.57658162271534,193.52845958933133,157.3000100547848,70.92549642199623,82.96955700286105,0
181.51199952417437,156.45605221534274,157.868355625362,167.22622950648312,101.88320004257368,73.37162823752392,0
158.48589938895313,158.2781024002918,172.40761387609072,199.9815631894293,113.27050913553842,109.23741718712844,0
165.84937160126205,152.47603311914662,161.72295587957683,199.64704860949735,96.48079645192459,113.78225386708979,0
148.07787449006958,188.75290902220573,196.27050056795068,163.7763806302262,107.71508116808593,105.12731842348275,0
181.9461741487515,185.9264613077251,156.24680636966377,192.27940228628435,103.55790578355676,103.81799608532613,0
147.86613766792735,143.8988625838129,205.40760381966928,196.28166464735162,75.7756167601925,110.23033847209008,0
154.31547557712997,161.27594368502992,185.61991556274404,193.69357162247977,105.58173178739744,73.91982603358481,0
156.44785644979726,150.77054193353635,196.08468760311644,167.135009990514,70.92770884219377,69.99694226100041,0
181.28116479684428,158.22981870505924,160.9216035455673,195.73966035542148,80.6558536290901,108.0331781415994,0
190.4491497052438,156.02852054339985,168.7752897741061,163.85784427021665,100.46221844315268,77.71725046613669,0
175.19425664525772,191.3591977132534,200.91232179856496,186.9656017795695,82.45325869340942,101.33106516329737,0
193.63391352794045,193.85418673419161,190.6123553520655,155.15978933004382,82.99542542455255,81.38056097343359,0
178.49199953569743,189.25724095251917,173.68817385442088,194.08988301376812,79.49637259859907,76.23823610282878,0
161.62743857487862,153.33156200739307,167.94130766341675,200.9987517726075,107.92174146614178,68.80720813956258,0
170.4523786934275,187.62735225789626,175.13372901353634,161.87325407240922,106.76155956991333,108.0029746891598,0
185.94926194609653,154.10763883240764,199.27938129556642,175.4112797033042,102.05445028281915,109.24031702358025,0
186.52885694984508,147.9385878263393,151.64197568312358,160.17729113959822,101.80710659361935,108.31823053245571,0
172.7970274448239,149.93464763070162,194.02642603034778,198.48509159295205,112.60755749395405,73.91805874638204,0
187.42145959868057,156.1854643745543,169.56727499405025,153.4090459656686,101.79092163821946,105.87346160358489,0
137.64025397360618,181.94219955357488,200.51044494377825,158.35266213065321,98.33376949396718,74.93787467867672,0
175.9725500163214,154.99648034299088,195.9893787000713,165.0631513628164,114.73712009688616,99.8069095047422,0
184.63667853979592,187.70177366516913,157.4600261650355,195.6109260245602,109.27621206858291,92.83735340523987,0
151.50043757346342,177.71856150287502,161.43606198120438,163.3425523410086,86.08813013927518,78.78644936791511,0
151.8936556024742,197.5474577363715,175.6370157905316,187.01153630844823,104.16926684597611,114.5428470750027,0
181.3479297519619,150.06005354824532,206.4954108049712,192.3065342767893,93.7721068212903,110.20290447808394,0
176.8621154326743,155.51736415283673,199.04956507604481,165.85061265664353,98.97245228905871,105.89940934823603,0
185.46308015179196,173.4931494254606,166.07414803461683,199.99231864311218,83.60475674432502,65.20103419450975,0
183.78312897287947,190.6038731919709,159.9903709788778,173.93319243859122,112.4780359556459,80.66094323652979,0
185.92255012719463,182.72801850865454,161.27396525492978,203.7110280815918,104.4498010411371,79.253721947818,0
178.65753251019154,186.75071681542394,167.03024843676351,154.83749347586198,78.29863124996284,69.0491017036988,0
184.9365519331953,184.12018544309507,196.650405027464,194.59942427837126,79.23371148374154,67.07572167892825,0
155.78912345281222,157.63083040971736,190.92022860179605,174.73537513564705,99.75744501936099,68.47554769708128,0
183.49048527390298,176.2591360339605,169.27852467403883,162.75381730979996,103.1206108306173,68.29362438852274,0
184.33171694473344,157.45216597269953,172.72564685942126,150.93958165500038,84.38788496101297,107.95584789198406,0
195.0957658332663,190.79151724683192,165.8452897304653,189.73675381147112,79.1427419397928,78.29321715693094,0
161.12063053703554,175.2226439492016,156.57171349651477,205.57846994058775,80.17756542103166,76.69344424811715,0
178.30954166511302,175.32727830618572,167.9940924881776,194.20678655312565,102.75063684627357,110.5830125351656,0
193.60662095390512,161.16807831453417,161.12870065617886,159.8978707963497,85.83849041186294,105.34553374413794,0
157.6540607576282,144.2269342826671,164.4783474643663,194.59267404555527,78.3870619299523,75.61407833108044,0
154.4419089056305,158.46298321234667,191.94565423282916,188.8736136848801,72.56353069149539,95.2788682538219,0
175.30840759244742,183.58069822190103,162.54159032410166,195.06307076032908,96.48463545318998,63.195835861863614,0
159.72017241845307,154.72029542512377,165.55077225385364,192.46735624622485,108.73977077396663,103.15834290924278,0
184.44250143177882,178.5756627148894,167.62428632668588,195.98852247980162,105.95222187631974,77.86663259092917,0
164.3716182269915,159.21156236770085,190.5059193124215,189.2192002102012,77.66922367595292,105.8608074926261,0
173.6881523493781,187.15974590668282,162.8349259306131,159.28982057523243,69.3272327779959,97.79864800000499,0
176.2100988858281,189.98643438985943,204.476168078289,196.59797218663027,107.21104182305893,106.91977828044,0
181.17286171582396,151.73920260511494,199.19046697094748,195.06197077645908,103.7155437414916,109.3003405102744,0
188.9261835348149,152.76511628910845,204.31069942663555,176.29903616546807,98.99793446078098,73.35496954534042,0
182.06974119846345,186.33012840793046,185.83482362225595,167.04208439145972,111.00056087685496,77.40844384669627,0
191.41988515158536,163.6453399343414,172.13421215776575,171.43253899796017,101.76185148087399,78.96838706287821,0
177.65645879425895,148.91818078869707,190.00171377240065,171.02330463190285,81.11581962736444,94.71622488121042,0
150.97805277325696,160.55831405464187,171.4181143270747,165.75209655407272,112.60429389886876,73.2410224282272,0
158.85005628104986,151.53482509330962,193.76618357015246,203.2812833867523,82.14312169502863,101.1651455314655,0
193.35738530665307,165.8863762501396,193.94818105518894,193.54368377614983,69.2991100438263,66.23982543605788,0
184.17502330408954,149.1071618359684,188.06429709072236,198.37507173386606,79.5287918247036,104.60599677551458,0
194.943529140186,182.0904181047623,160.09306095409653,185.05786516727113,106.74762468377872,106.86277341690864,0
180.05401576789967,190.49666513059617,202.43820564081201,160.64508817635846,99.81665553214921,74.45166799268243,0
188.53239968329692,145.9878783195563,150.20699830937696,168.11907790783485,79.4576348599472,116.65073158832317,0
163.1297947142164,155.97427937001717,159.9547616960841,157.60611723668987,74.61098012856611,111.52790732439085,0
154.141999008572,149.66248199649112,194.61818855236882,187.74219080338304,100.93068491112447,102.47030533558186,0
158.4518796758407,186.0475472783986,199.07615725028631,189.8552257680765,103.9163997614934,72.5611513419375,0
184.9983366996928,159.45977158112913,202.4700735005756,163.79779590207795,84.21506113587522,79.06446066338356,0
158.86918152627385,191.66999668002023,167.24964671346765,194.38938689104663,105.73859120709693,105.32689395062833,0
186.31445566507557,152.3386995522543,188.12775426300837,191.10724295509416,101.53099987312956,73.35215958930478,0
182.518455999868,184.63796350274862,196.24881129768883,165.54972815407808,76.81274770269044,66.07006461349889,0
152.84483759873646,153.12587838264466,195.00319518166503,166.01798511640527,102.44784487763874,76.04638483809663,0
158.9529942523504,188.77806147964534,198.05515256711536,160.93242941121656,99.0211613663781,104.12181063539892,0
154.59039216585796,150.44625728238043,198.52675146033508,198.06876151889273,107.80072128935902,104.64088627347179,0
151.12090876921266,181.7705326731789,189.2821696658138,198.45001949993085,101.8657831813477,77.77481476942685,0
156.32124751611232,190.0754153311469,171.45884173746427,184.93006932866282,69.82194372173183,83.29637243066138,0
167.64500644596356,184.64237050628762,166.89358731448834,163.60049016744583,82.09485357041379,100.81953240930562,0
154.95017572228946,158.5383572715878,189.11233797928406,161.88753078185422,72.20983888469755,103.6070671272766,0
159.94124879807313,183.38733857004007,197.2192980582428,167.0061553008983,116.46628524474797,70.68279717692334,0
188.20626246309766,191.30647143514042,162.2139426544982,186.6656550867056,107.59706203319806,107.56447189912495,0
184.66574479216868,181.20578605153253,188.91781635496093,169.30004423625425,70.1617905280619,75.67292648091123,0
161.33892148328206,159.76232633121208,162.49544108543282,192.70738087253872,97.2591766246293,110.97647909252392,0
188.96136827968692,184.93049530166303,187.01967087684577,172.06323804965078,71.99440798995997,110.14956967054734,0
188.31940688976968,179.35992319156657,159.9074232097894,167.10622378397943,115.35217355416749,75.66103748512037,0
184.60829740651263,186.31402324851564,208.38604219344745,206.3214122851419,73.91840948076685,74.2622035873583,0
150.29791024126143,184.66422066801562,158.95182437148702,168.69880733585947,108.33330808160181,100.07554777458981,0
181.3615927386807,143.2209122714571,166.5024552440724,194.83378890424282,110.21334471021771,79.95101723413342,0
194.9139766643866,150.6359948070374,193.72357756745734,201.87932848467958,103.10289947848689,112.24729740526719,0
147.03500970665934,183.2779133756487,163.99505895888356,196.8419300507733,77.20744675936521,75.04246145648206,0
192.14540017337382,192.62214432227157,198.44300695111843,192.7049975772684,72.27613130336047,102.25860019561205,0
154.8938005129282,150.16869001174965,158.77220186626158,156.60390398934007,122.66200388385568,85.67426351286869,0
153.27982511450926,185.28783808192247,191.37258096241595,194.94422274517444,105.49225488194868,80.51721903188135,0
152.31883345608122,153.87805676013977,170.57174139384182,197.82583146733478,105.95222634755409,77.27361637966835,0
182.12204504456977,185.30277216147107,197.8304068999709,167.75361211176534,72.67668379720853,74.80265284251628,0
177.1654044062764,185.24179604349152,158.82528664902583,163.80201736451033,113.89795214715859,110.22305701769984,0
151.28280203492676,190.05770852632938,199.9516387891042,186.3337904032571,73.46235888746548,78.01497757379161,0
185.12253508854832,183.70488421407214,157.04619658064354,192.84431924534238,64.68326975311908,78.24460295208141,0
183.258407494818,156.02941794048817,161.96964234408432,189.48804564800417,69.04049786139188,101.37157039522022,0
184.1431966634843,187.07691306071484,193.67067512096978,169.49278236890973,95.49505972395094,73.95030328686344,0
164.80457405006945,156.52108034511735,202.30037963974485,188.49854990359862,77.33671017908829,115.13035371469245,0
181.53925051395237,152.83925069283165,173.06300811678773,191.45432002629164,103.77897724703514,74.68911093462972,0
154.03628188972712,184.71171984583358,195.58600410317123,183.2211650971575,97.2572704980702,94.76439725369396,0
153.96057918344354,190.25942586232136,171.60011390435875,175.18490064043044,98.7535202850681,112.91905990792414,0
151.01091851616988,187.17245061752197,170.57977179887544,199.19371715558609,100.77444339304982,98.94902855724823,0
156.6032903196114,152.4588757109929,163.33864075523405,165.92760381923065,73.76386686314218,100.15034849598398,0
185.58995025166865,152.13155731288538,157.37388930807685,192.53252999435094,106.34125226006964,100.51689654241656,0
151.79593553675647,190.5694172820886,168.04075585457704,160.2721008339825,105.61561501608422,70.27481737725603,0
183.46374883015937,142.77975795881005,194.58680312920944,168.69490086246213,77.16279178208116,100.1729355360461,0
180.94549278069007,160.7885873440693,169.8257894462058,193.19751028660693,101.58377621393785,76.53006545148418,0
174.87306534897553,154.0433202841226,171.12003484013854,169.80126043962028,75.03815064856242,94.22854599015363,0
153.33278023319247,193.33636346229798,212.27718191860353,191.6929184431777,104.23132455870945,101.25888422574259,0
192.3897437053379,154.33763893351946,191.6176917160245,200.2627848295895,84.904776306249,110.44179262729672,0
182.01466323441932,180.64576328077743,193.2600767103411,161.14198533401188,82.24394670426429,107.78116653591539,0
158.5680119517541,153.55327202061437,191.8777809476148,196.097057398737,104.88993557135227,98.90468252526054,0
185.9915144671799,186.02093459568366,162.64378426947908,160.96084993777944,106.68711654442207,105.9437295738061,0
157.270008064389,177.32833852677885,164.2843796379385,179.38333092589457,73.60527551566129,69.86677941746777,0
149.26487242620496,192.8672721694533,174.71595400960467,201.58140158654837,80.37184110383033,100.31520136801673,0
143.38711799751988,150.02576541838715,163.30659243569704,199.11938207163172,68.88683564298397,107.62184022678099,0
190.6194667391795,176.30796059797555,172.98630490262406,198.0414541218347,69.6000218160034,74.96316658678263,0
177.72121521008117,184.5723764477207,156.37205759616324,197.22253476598956,80.06967771022573,100.38628472100812,0
178.8926754582813,190.65366267831618,167.23247780083813,172.2538608358251,102.58517747968051,72.23050168895071,0
178.64256822995506,181.2212743605533,192.14584018359565,165.71121869280796,76.31903189436645,70.56675670116526,0
156.40931640672122,194.5545916226295,193.69390325409702,160.29406497295557,102.37595435797536,66.99746052023278,0
183.3568435844285,148.75682668935406,205.57724132000183,190.1062375317248,74.20339265247466,90.00716229264505,0
181.55002608314112,162.3978055294201,165.3693849502444,201.25217465767452,71.19138525678325,99.50797629572156,0
181.3134549460305,182.08543877934918,162.99830841539705,204.5889761877943,104.5610618687639,102.05226104198762,0
178.5072308696217,192.39674774260453,183.54796318705604,176.52947261421605,78.41620841430803,102.31794398215696,0
179.39858447125536,191.49851292016695,160.82258374421863,186.69152041711857,99.73122234911453,70.1970232876939,0
156.4802244339013,187.83995126823007,162.9476314756118,181.98990655670855,69.85269768750838,95.49270245297812,0
189.52773962926327,184.1893786803017,160.18133611780937,160.7131809875066,72.29635379624933,114.9555172194094,0
189.01495056475665,146.37929619601604,195.13067690099626,162.75638870408025,101.76411789355937,99.2075715429637,0
186.42970118770384,145.18777051953256,171.52647920383296,197.22097868582097,102.93881013418147,70.86258280891795,0
182.67086235067913,190.1443282906467,147.1309087078897,195.30603526507898,71.2372814943281,109.50404375438835,0
186.7608070596848,151.8403617721952,193.12954263105416,190.0274374662016,115.3252061905918,111.66891511882451,0
184.9616153034669,183.0291076478798,187.66444074182817,161.27239118634333,103.71210353836338,108.53119901717278,0
189.08448606191527,176.51147789461334,191.29042519833482,189.1451442964415,100.67240987721966,105.32585423613455,0
191.35277776780043,187.20778555987215,169.3760162775781,169.58634020604688,75.08343507539458,74.34679646537731,0
157.58214790222817,159.02666921277756,192.2387852840106,198.47938846796941,102.66550740235454,78.35654333252893,0
154.03287245017913,147.21501020973983,157.24814847004427,162.2632510984108,93.83314049825296,74.3933068841777,0
162.23993845430255,189.92701158012196,157.70194027526207,199.1085234310929,81.04040617360924,111.65969260260388,0
188.64431800255542,183.5946808229681,166.62960879496217,199.3090436959733,107.96302272786718,98.46618851386424,0
156.75985259239403,158.8975805159527,161.50962471377213,171.8116968690918,108.04495541765675,74.6445096631984,0
188.1057181492645,156.128097428525,197.414180938007,197.8558727229649,111.21627534296806,108.9840909110744,0
143.78433684602095,177.68005980227537,164.60102132328947,158.05743504125735,104.67094943377478,75.37408179402061,0
164.7369436099099,162.66975396793347,197.37812533960275,199.74825883775785,67.15217279336807,77.28168056503753,0
178.99602019667702,149.91849255116293,155.63372768287002,169.74180722080908,69.05282446879659,79.73934131334222,0
155.31348131167573,162.1224587303478,162.8060796062031,161.42143674372838,72.66635467223988,86.6007590329641,0
154.40364598007503,186.2483566296659,156.16937261668195,178.4192278500236,65.41970640581873,107.0549501369304,0
157.09319192574122,181.8403374936742,167.43423479490082,179.40118889728035,110.59117845623904,103.72456579411424,0
184.02807388305797,194.3953318482811,198.61631132516285,192.4656735810209,70.37222100223559,105.26542598428676,0
