left_elbow_angle,right_elbow_angle,left_knee_angle,right_knee_angle,left_shoulder_angle,right_shoulder_angle,correct_posture
133.2601832177902,132.31231195430632,175.1190268008434,178.28545489389683,122.6797757551691,125.01119905785292,1
129.8111865729734,127.883797855891,172.29472188735818,181.6745168835901,126.55662517751456,130.50794290444867,1
135.33469373001054,133.0678325801731,174.0183190897611,170.8159302568289,131.0225810090353,126.75978913823202,1
130.13808577182036,135.48568822644486,174.77589697266546,176.48183360130923,125.9115820545995,124.98577259469003,1
128.04282359432213,128.35237351445576,172.71223740089252,169.85401854573706,126.88801633865985,123.47263031112224,1
131.76732572614262,131.47137687930896,173.37767460057583,175.79377398780923,123.81853578333411,118.24720985168155,1
128.39031648833054,129.00231879187533,170.9257058246647,179.09484448359422,124.09688813987759,122.96071526200862,1
127.1404833182832,127.87457913369268,172.6119989793364,176.39348276803696,123.32966023819316,126.56018242583816,1
129.74157009717817,128.0602988928264,175.0305097924706,177.10977154698463,122.3997312537737,121.59472227002303,1
129.89082856305012,129.20194055857866,176.79069040445597,178.2864669194826,130.2867983789156,122.23814616724395,1
126.61378154547255,126.4657359884818,172.5552385602868,180.50462959338577,123.62090951811201,125.5093234589756,1
133.39633366126048,133.47744706547053,174.8422471355061,175.39484947182984,127.40817365696478,127.09113648064667,1
127.55794373257989,129.6082742686276,176.30648461115425,169.67495491098052,125.81655356962698,119.29650492989522,1
132.61495426212937,130.6858935996038,174.90143583287553,176.12018181437526,125.25732342528829,125.6889154229504,1
132.91324713660885,133.99553302393997,176.5819373939561,168.7542928676194,120.60519137221499,122.978969606012,1
131.73527510472667,124.70864349767491,176.19397537891743,177.23881715036669,121.40663805725636,120.95283829738302,1
132.0527275844514,135.3994555140979,179.14756826485134,177.4745600808883,127.26345387643188,127.36082562298114,1
132.03097939055365,131.52856117839747,172.823879856662,175.77699196856312,123.41352888013564,127.62886561038547,1
131.76363592718363,130.29127167601413,174.73321429438096,176.34770154184136,126.62880744862173,119.92235227129561,1
132.15398502074694,133.47423685221264,175.77234490125088,178.6870205473726,129.09108178272606,122.21893764791844,1
131.25506500517653,132.7477399247934,175.13017404773112,176.31608786546516,123.75191474592201,121.47932667406634,1
125.58544140736782,122.9213353888315,174.15043128642475,181.9434326393524,126.2785029941684,128.8922417338267,1
127.76476239604057,130.42399744633735,167.59503620485265,177.7548513919437,120.14804271566278,126.98827044596854,1
131.25933000822045,131.03921782590407,174.15439830209024,173.74657483441126,122.80757015585117,125.45316618871587,1
133.89369659646897,130.08814629394107,175.38310743868843,170.97954485390596,124.85550852925049,122.66081702540373,1
130.60165416893994,129.202863457779,177.56044738484889,173.22217050782567,124.23688490521202,120.96995836824958,1
130.8548867671482,131.3704424622764,178.804148489999,175.58791674719274,123.79688541273816,121.57417829363229,1
131.07805938177833,132.30443583458458,167.81962466989646,172.83515210541907,121.34950675364762,124.87046214964715,1
131.72860347684485,131.97398409642892,176.2528162254925,174.88010160595815,125.99764794241614,126.66874120408198,1
129.59939149739026,124.85540958035992,173.7284078941324,174.71439756460603,128.53701427511297,121.25588809563003,1
126.36974030598829,131.09748336020067,174.7536558031993,177.21777856978252,126.41276325007112,121.31377150250154,1
128.47625684812172,130.7400903337164,179.15913364972934,177.35046177836597,127.56076862228379,124.14222425323162,1
130.9637401784495,129.64875296975316,175.77429924730097,177.79683626462258,124.73794597378227,127.38042123555381,1
132.46650352338486,127.5067723732073,173.88859421464326,172.3307385996732,124.83126431985654,125.0211817973177,1
127.39591623458989,124.60901800618655,176.97813674871435,171.8019335668643,126.04851385804082,122.97452969340635,1
123.80841971323021,127.20241414518667,176.6266194990822,175.9791296950306,128.21522240032164,124.11100904477124,1
127.05323257053635,126.27991590340766,172.42361168086603,172.16658018322843,124.66911652827002,121.67575927487336,1
129.69650586604595,129.47890170244023,175.34095789546953,169.9985452676597,126.94111417072092,126.90618958614435,1
131.66453582441468,125.75984298566158,174.17603652860393,176.5592717238231,122.62304912770591,125.33011568588459,1
131.36249594980214,125.91362067854003,180.60854143052345,171.5232719984567,125.38935010369914,126.16512595775521,1
128.91810006900852,125.33575260674658,169.21302349240148,171.35731318530233,122.70660578656761,118.53708989002484,1
130.95738355536966,135.81126812381254,175.80547339570677,180.32473262591407,126.82374741726076,124.22741138064788,1
133.96738856453644,125.845144015975,175.38793092166478,174.38929276899685,122.55438295747989,125.95484123013614,1
132.98617393463198,130.1667307195125,175.74544691341026,178.55981866901405,125.25808422220238,129.36326646120594,1
126.86288593761948,129.97142844314274,175.19119215753727,176.98124240506922,127.93590379205341,120.62223116823176,1
128.8283938686978,126.09271952605039,177.55920999034313,176.36397892214836,122.45521860774551,127.20840764978901,1
130.01388634144575,134.0542421091622,176.8515081444719,172.745417959787,125.3590282124368,128.83625383672475,1
133.790324311298,130.16704297154405,173.4191090114385,171.37910899445328,127.25162218645399,125.57235133853408,1
129.65135132495644,128.99617441806117,175.09486660443568,175.6479426168015,124.33367358652987,127.32994824752798,1
135.22825051677887,130.50068361610116,176.16045661477196,174.56009074235703,122.7153252639227,124.97390650039064,1
133.6488844195605,128.88654911266457,178.3334095544052,174.395221241206,125.04084983964192,122.32821411645286,1
129.9651293640268,130.57548345927722,174.55649753517076,169.49179264165872,119.62508123520577,124.14396816222994,1
133.24205200571615,129.97280324070886,174.07748565339267,175.11371295183247,127.37281595235062,122.64542388011687,1
124.16999882419759,128.9955414745608,177.21682517904057,169.9306743503048,126.11974269931777,124.35347914952071,1
132.63790768401938,133.18110548773498,174.9387626449358,175.15503316135096,129.45741898741153,125.73567021101641,1
125.99578870917917,129.06816141125148,167.95252104566367,169.90844428636373,126.06412495507087,124.16070055510154,1
133.02425068938663,128.78396019718573,178.8797267950565,172.41275994868207,128.19937829506725,120.69835086077134,1
129.39086863551734,132.31637138517004,177.55489827289904,170.19132613140277,122.83645366313188,121.483124095915,1
130.8927771102859,134.30054381365997,176.50257332063836,171.00322340779564,122.3392926156912,125.99783840155371,1
127.23090465121776,128.75256651591084,180.9567515713524,178.90582375216337,131.816281621329,121.26271869602473,1
124.16531795217006,131.31086914613718,175.07637656555207,175.94255116736582,125.42116455643668,118.99765313145554,1
131.04014286636388,132.7645350277142,176.4732600662986,178.70551351768174,127.9527584889063,126.88216755840546,1
129.96639491334793,132.9782472708344,178.5658488720825,174.3549781546532,128.2935087076985,122.6692367297834,1
129.57600852697757,131.28740579363858,172.28339726043575,175.4272710659704,122.64899691677954,125.12709658757153,1
128.6646314191428,134.53374694423633,176.9180686213815,174.15731162021643,127.77847453260254,122.66668612638257,1
133.87373880826604,129.84969270998084,172.41674653618944,181.3684439153823,122.68489984937077,125.95890526432889,1
132.15379040380833,130.8654330694846,170.6662447839674,176.76282059930702,124.44705954097353,126.5543566112542,1
132.21194149272134,137.15315699366937,171.32232237759726,174.53498382216122,126.80309805516839,127.62165237316711,1
133.67621111705876,126.23918160934731,173.21331709374775,179.83461316688766,120.75688070926256,122.57345837006237,1
130.2686647494839,130.9884685133761,172.61218461016716,176.92341795019433,125.54020552887393,126.3489339982325,1
129.22127039112036,132.55286697718324,174.10185511296734,172.2713655398721,125.40262580003994,126.65379190858849,1
130.0439461615368,128.96832938490746,178.77690625625024,167.45813521537428,130.8859433171818,126.15029651124703,1
131.5712244241171,126.78911351367779,175.76686612194098,173.7375933675636,131.2379936564726,126.52902620895124,1
132.40579248328334,124.7151139478027,175.638476454231,170.31787587707313,120.2551395850063,122.76160307194088,1
127.97398371388982,129.84791789811712,172.02806148353463,171.09143952201214,126.28789710371946,126.60217144833207,1
130.66497945930618,127.54364757913788,173.73280489596854,174.58916093575658,125.8517878987165,126.31686868709969,1
130.6881882633645,128.17711095476824,178.248831903199,176.09699109750736,129.41008063814658,122.66731835650866,1
128.6987060101369,130.8141706090879,175.5176692839678,176.28300820502452,124.8869684068382,117.40463601973286,1
131.30041424088776,131.4789378946158,177.6090701026088,177.9535474696696,120.17393258055262,127.37583742854422,1
129.38884707866873,130.81388264693456,174.77102811726462,177.74868438236442,122.2371794418169,130.41429909465398,1
131.19443662749248,126.89294594713543,175.98785844757072,174.76007966571464,125.47640793015754,128.8009546411172,1
133.98683250218374,129.90245588450708,177.50385973901038,175.0193175154093,127.2141138594214,124.92440480846197,1
128.56314064187993,128.25317410839068,172.7879349917063,178.70042098553918,121.60724254414733,130.25540081344266,1
128.70902881104675,133.75203149712397,175.2320505018448,175.96589377044168,129.0325981900942,120.82074077727567,1
128.19454550542784,131.35260691584466,172.44066431526423,179.62511197432755,130.68384222010667,121.5812692595803,1
129.51010925760832,126.86825407070586,172.6224827148685,176.03622597237091,121.5384929940607,119.56288492595866,1
127.96546744304686,130.89880907813836,177.0628935017494,172.1935648536082,126.3737079353499,122.95869933490154,1
136.40711854389824,131.4689594499459,169.4646327549963,172.38567296532204,123.23845681375421,123.54183965139478,1
129.56318624728283,129.21318739577836,176.45924653001214,175.32503010669717,125.04035186472798,123.41445025434938,1
123.91393897322263,135.75399388911262,174.6742078034388,181.10622293013344,123.38037768586554,127.95902322979734,1
129.9436003305332,126.97849869228394,172.71128149683693,173.46631871930012,129.80226758998418,130.6650287222721,1
127.27190499205507,128.63383166566766,177.7463590840555,174.43591893500925,124.36933949463466,125.7764666357445,1
127.3752376376709,126.68683441497006,178.14102620553768,171.56598315009137,122.83212322173019,130.76063118279464,1
131.32692047677097,130.6438592293865,172.85929878272987,174.55457832656242,121.16203476699276,124.85359176634452,1
125.15638691200046,128.47326619654544,170.98641593662214,174.28057702306504,124.1520461265217,127.50292597713062,1
128.57760408885395,126.56033022924498,174.1500069243339,174.204702076191,124.12347422707991,130.44832698180403,1
129.0960242218727,130.10002106851542,172.84582002691474,177.70170845940868,123.7180746227194,124.50158123586486,1
132.02350392521126,125.68174200630116,177.1484030675691,176.3327695206201,125.60981589435305,123.76102896028347,1
133.25639072486294,129.25334228548957,170.3393677089108,172.91344889359397,122.93143048537043,123.80898212523556,1
132.65463855657944,127.67077934719663,170.75156181717287,184.6731430242658,120.83144012982352,120.79673120105552,1
130.50951157183772,127.9035458019772,175.2586060940944,177.31177421522787,127.63147975633137,124.17474491732779,1
138.04818521615147,130.57904257121663,177.018588379078,176.16628924675635,127.04596453565591,113.80168324849598,1
133.2470226684676,126.38810336614688,171.56127509497233,179.9760598300428,122.94173950504918,124.11538496428433,1
127.25296653727496,125.33486380315308,173.6895618724011,176.09270890749912,126.62440468980238,125.44985986337987,1
129.89033142845113,128.97599672854042,178.9312087134735,174.88005207691185,127.62927478200515,123.90156815722584,1
129.99234025159123,127.2401547135498,178.64193815597682,172.02598788107224,126.16137094675857,125.94825682122557,1
131.98580010435936,135.86783643673732,178.26889895080868,176.09836629878728,122.2512771295778,127.23801513218834,1
128.0846239490453,126.72089482147602,175.43598777064383,176.70306394251963,121.91988674812471,126.37122331536816,1
132.49882618490642,133.34322382385602,175.78344338979346,173.13229282033683,127.94151039711312,125.6482667892871,1
129.4763993484951,132.34846639393467,175.23895086692923,171.45867506831542,127.1512641733696,125.64104258556125,1
131.675295569485,130.4392654117082,173.12708314267564,172.4220449296246,128.50927089457213,124.45018939459564,1
127.39552698179193,130.3624313686192,173.89024007537884,175.60995160545073,121.4276408099986,123.90965406543802,1
125.36387939636361,132.0007690692078,180.24333021915606,175.65456424531877,130.43579227898454,119.43597361963648,1
137.6026849832875,120.9971515584317,175.19271402079656,172.90608795030258,124.98859844126709,123.49358562245011,1
128.92893882126586,134.43410480816863,179.1488876183051,174.95273816799627,130.83082731688532,127.63292880568147,1
131.99059492191,119.30152257310012,174.6837868667012,174.33964460971953,119.60583559023321,123.15571026814274,1
130.7435250604217,127.32201340275263,172.44554545176123,174.25582766733368,124.69858426734021,128.66831894898797,1
126.68097044297282,129.34231171409283,173.19104658692925,179.95065438833234,125.7970201597017,122.57551979698736,1
128.0409085493967,126.96531844401437,177.27432700391276,177.79764644863897,123.62104699151541,124.16335234121107,1
130.97956793867215,131.24355142258523,173.44682481068878,176.5775951463292,123.898130821673,126.14025256469618,1
132.1967270947323,131.64962865656756,174.55222363320576,179.89850473546394,123.92432170733727,130.3203543495419,1
133.00111819580636,133.09174387769025,173.66367827746225,171.4707564542662,125.90418156777034,127.61331729324272,1
129.41462677390402,126.76667663736691,180.00492869336,178.56833293604518,121.46057864730034,122.39453027505377,1
131.761612892015,130.7311328098941,179.15676594344367,173.1862332524696,122.14423904473678,119.92523782446919,1
128.2440695165853,132.51650238046014,168.3434456783355,177.42375596077952,122.27179743928617,125.84362645763841,1
130.5433326747251,124.95143839391469,175.04651984308757,176.25841495368928,124.93970498416954,122.41812046089862,1
130.74871070209917,137.2867351031873,172.62929480644192,172.68998126757424,122.74328490606649,127.12663530317813,1
132.89798389561273,128.73677415049661,170.54535735732608,174.91604722332215,122.91842788024486,129.04738187419935,1
128.08552656580082,131.50054797921433,178.72570738287754,170.40623774962458,128.69815026727593,129.0611878779699,1
131.22628983575527,136.39446841270507,173.2012349641383,175.26994857134196,128.33547800160474,128.60628592545595,1
132.50692418091015,124.10099336665985,173.2339172800866,176.44106105478426,124.82352978995405,118.32329044998663,1
130.2791429945704,127.57061663427324,172.47458127691635,178.4595283752098,125.077500144334,125.44550524618984,1
129.62733040857094,129.4782300681734,178.0240961712069,173.9673269613024,128.98386012386845,124.11120150901047,1
127.50229892508577,130.16151334727195,171.14636031819194,176.14719343007738,117.09915778581205,131.22091631436086,1
127.38069620235534,132.8852613007629,174.31954617584,176.85507822893857,130.6317775189525,126.27546736192741,1
130.61307016943425,129.92588042390372,172.5758953235304,175.66613593309265,124.9174151495981,128.5952294264377,1
128.41314673683598,129.79869415715953,172.42399795532424,169.346821162353,125.592602219295,128.51522261851304,1
133.46311252681818,128.63640997445617,171.08119599589511,171.5345670386519,125.26934076949078,130.47124313242247,1
129.09237064408458,137.76242646330905,177.06614471492057,172.98149267324305,133.0306603652896,128.93764500861562,1
129.84328195873553,128.74472418328597,174.37794776150076,177.34491276304172,122.54353587002832,124.12986818227883,1
130.40774138341646,124.95561041164179,168.12808192415685,175.29513471631142,122.58053001505027,123.41604190955867,1
134.1825472423975,132.39294185780977,176.76405110156676,173.83952361280976,122.23148319390943,119.98560023746198,1
133.64000142070267,130.0956836146942,171.11618401927376,172.72871998309634,123.23900969889989,127.37159026856098,1
130.60460255928334,127.48377482104657,176.65533001829309,179.37942772565725,121.72917620706696,127.7827037548976,1
124.94105186668637,131.80490172973236,170.54880256115828,179.2305539889844,125.21917380154181,121.36551847941391,1
130.9978584038681,131.95184032725413,172.04196546649672,173.20595652750563,126.68002865500583,126.90849195323207,1
130.41769593052425,131.421233774772,170.33828284429796,178.06393846169448,123.23289189736667,124.18756145273227,1
128.53755703292668,126.8233536272847,176.0655478630068,171.5618479509353,122.56616457807314,123.71318192126078,1
134.13380527065527,130.3991135227814,173.79104430168022,180.26424628362597,127.16679123402595,125.021897919982,1
124.82421275452118,130.41585559637323,173.41713583086604,177.05174720799025,121.37180952530032,126.73486729320105,1
127.3685680870788,133.35394757509948,173.4356150189269,173.36415964289424,123.03343601910625,127.42134527797715,1
125.6233826706587,129.99244720317745,178.82005755033782,174.53924987759046,122.9431967843297,124.99147279336226,1
128.14977485915682,125.66488922091811,172.11647410713573,176.043999331395,129.36723247937837,123.8987825180476,1
126.15576634498144,127.54506950309245,174.95557515156324,172.6398961843128,123.25546540504376,122.19524543190457,1
130.69414817353257,130.28111460058656,179.01498085474137,175.26687923912004,126.71120624731958,124.42084753002652,1
126.61576266148,128.539934533081,176.11938388052374,175.99378872832784,122.10125970645123,131.16513038429636,1
129.13002303848438,134.30397292132778,176.05421415657142,175.0977807795715,126.98413979263998,122.11920342024828,1
125.44213203423415,134.2628544005949,176.27392313071027,171.21640137728514,128.26691237741977,128.0112110319931,1
132.0243990075556,131.24880025845147,182.0089565732193,176.34751713413664,129.083208095495,126.3565279195362,1
128.6998295487538,130.41979193848928,180.00410884742496,176.0823770478403,126.15403577070401,126.0709441782374,1
127.760386786829,128.88500022205747,179.92236067620652,176.85437680592952,131.84763277470773,127.1260781952989,1
132.44249364294785,128.7227311146668,176.22267699370866,170.37465236133113,126.869986089145,121.28997682161071,1
131.96837641682313,135.8752056444182,176.53100376426718,175.10140633539444,129.48943284074682,126.71326937062885,1
131.2426046034119,126.27362194109095,176.97477706279574,172.84944701003343,121.99202086345647,121.08253599554685,1
129.09645639706022,133.5851792331352,177.30430283586094,171.8397363857491,125.12231855264154,126.23735901126,1
133.6512613888927,127.01385616909548,177.20461884112575,172.2221113299864,118.29992848056916,123.03187730850873,1
131.00531944425595,131.16136630005155,175.5425428809131,178.43896468885342,119.4358591477457,127.55618188614052,1
127.75256460969489,131.67333126077423,174.94529839621381,175.37756517358582,124.89447664935622,128.96442462873088,1
125.27496716204116,130.20097406789034,175.54184798225202,178.26945828306827,123.78011818960047,123.52163364611542,1
123.7029141408317,126.17144652454967,172.16538173848224,174.5516278817701,123.7317231501666,124.91009373138056,1
126.73948782050444,130.78618077506133,176.1005113155991,174.1378886161178,127.75195867021542,133.71596006388557,1
136.8826881489466,128.48311021375628,176.9132490740279,176.53180787781153,124.32705642948714,124.00433089283328,1
130.48654936956433,128.44551630895182,174.66877904231094,171.88553451911486,128.26345992291076,123.09816075857267,1
124.46834569071287,132.39961941823856,171.15283580428058,175.64618951155592,122.40427248170114,128.68414288631655,1
126.40175416955672,133.6371280839303,177.05023847576828,177.684852832009,126.48074545897617,125.01123896095999,1
131.79970478828184,130.7851297651084,176.5266867421657,178.1646893860189,122.67246016824843,126.86975700538838,1
132.59930299262368,129.79326853302183,179.84697849452155,177.18927511174215,130.04659914664273,124.8072123802989,1
130.55445466123737,133.15361369231005,176.79702558366364,177.53212244840648,127.0042852735485,125.7615980820683,1
134.08285655002186,133.5378177075679,172.4236631636179,176.3564199863458,120.95017365644402,125.1261512742519,1
135.11012492343337,125.72277169662065,180.98177183255982,180.37237183073975,126.46721267559131,125.27968879335228,1
128.10936493249056,129.009967200695,176.31184197107171,174.79518613303432,119.47619282262882,123.16620128657713,1
127.75173060468167,131.5511329929639,172.63535779009473,177.03775223456392,121.99983100159093,122.3892902552627,1
130.37652980437142,132.2244531412343,175.09963723556024,179.8211677416764,124.14430042409342,120.99607748889089,1
130.8169730052613,136.40490224224158,172.56906072672118,176.75337437926837,127.7183153893976,123.00510422500447,1
127.13685829819363,134.11243321023875,173.3994073467707,174.55234364528062,126.12561165855173,126.15666857569794,1
129.06923513695276,133.8393692258707,177.03916258678828,174.3327219603202,119.08453865865226,124.61625644941353,1
133.77157025880618,128.69477688803016,174.28424720625586,178.24624756690673,126.10955425024653,127.60548858927189,1
132.43986371715067,134.4004837806397,173.24637101870246,176.370283309538,124.87918076096211,130.9706357039638,1
135.14905195080007,130.50929397217072,173.22485461446587,181.96741832284602,128.00188217117272,124.9636888007309,1
120.72925359299582,133.338801718916,172.04115298183842,174.2312442352424,117.88593955842545,123.61278866084788,1
130.82065697860372,133.99036793773635,178.98071948364685,174.3223654938674,125.53178708209636,129.8687169210065,1
122.21716349065245,130.8044769264269,172.55890197022558,176.04074358884745,127.5269171496846,132.63430039452402,1
126.56108737967844,124.47293728110587,169.00659900250534,179.71287250777107,123.11296748849188,124.81854839509089,1
132.4923415785192,129.40466699442982,181.11854500528065,174.799843268802,124.04273646188626,125.6204388268066,1
130.82829530505543,135.35856591889788,176.12732941797495,174.0547010972444,126.2052066986902,121.8442819172822,1
130.73252719518453,130.8080620753942,175.72323350736653,176.85033084855763,126.23417122331168,124.35125017700614,1
131.24499612328992,128.99445953288455,172.71779643888993,174.81010426995815,120.21140689099938,125.05639211103156,1
132.54778126542638,123.88323561842432,172.15517160709095,176.7998627655669,124.04373383561571,128.29015945542713,1
129.00749187023933,129.59207795522573,173.51055098810505,178.3655969331555,127.95092192092739,121.80932570011548,1
128.78577207970412,132.1277077529196,174.00328256847015,171.21083749766228,122.40186384592927,121.4331230551902,1
132.94734345487038,127.98737459537317,179.13774012988517,178.08208862884126,125.37517206090179,134.5220742839939,1
136.2380095683494,133.27775223224816,175.42281626517507,177.09198902237404,122.61214230432438,125.60922062536814,1
129.38531655891947,131.13703297259232,178.6316870357191,173.93347142965334,127.48341532385513,123.73939720619919,1
129.04886111688683,126.44407286209145,178.05304593741585,171.8722060284126,121.0972211863233,126.6793091495467,1
126.9903556493882,134.54626988212763,171.19532493910455,175.17618100418716,120.4717922066014,121.14045284102407,1
132.19100510521378,131.31125839240266,170.18785080586062,168.25521242500108,121.47259461783695,124.39983521348293,1
135.58435019617625,133.4557618380066,172.3875690569013,179.5301557678279,127.22478635089465,122.88352231993478,1
135.79356303590632,131.71642103830746,175.1549436421269,172.01795662582086,124.78709163407677,126.08825787775017,1
125.0642732766182,130.71678097022075,179.36534439047765,172.36040004000193,119.12658875282577,126.76966372323923,1
128.13145706520703,131.8964055434071,176.01608519438784,176.28047131249417,126.65560374575388,127.12121640949343,1
126.38817770390277,134.3338758082555,179.88862812151012,175.33279361219616,126.59522275591576,129.35810380952205,1
130.0821244850582,126.6235392336818,173.0071675973962,177.42256955495498,123.94385340119362,119.31415308414377,1
129.58700037316146,133.57431790602186,172.82537620231244,173.12589218766394,124.2179909614136,121.90109926553008,1
131.23448845415714,133.82794101342498,174.3610528238508,174.48883047180158,129.57963629659784,125.68648325400932,1
121.93809020231132,128.1184597909596,176.90426018666565,177.28641976362064,121.93807523879646,127.14049972610752,1
127.18838427270262,128.7245490683008,174.92227818203312,173.92758217797507,121.92604337204972,124.19267341090023,1
124.18546308742886,126.9458743827117,171.1071774145988,171.42145925162632,123.98109289515638,129.24342928521787,1
127.84663148777241,129.5726081609561,177.55903535765208,175.25989714325968,120.8677047399672,123.35247465384037,1
132.66510413083023,124.64395565984302,171.98724319095834,173.46173818670266,125.89950452394368,130.90879938576347,1
132.3171055442557,133.18935835683277,176.27473523038026,175.3049493946975,126.24655958697775,129.10954820101298,1
129.23256999069767,126.19343589285864,174.1326856822708,176.09573112642076,124.78730709848247,123.52991496531301,1
132.29018569216265,134.12331960561772,173.54319251878766,174.83898262311183,126.7830196325493,129.73794522100775,1
127.99873767209718,132.87051973971867,182.7472514840672,173.88442434620734,123.95839273278818,125.81686807758808,1
134.94444305182353,132.81459748024164,175.39368037123577,172.40331354467426,123.50016231115859,124.16175136819643,1
132.91937115973602,127.76904382298564,174.8382666086359,176.6456358021757,122.10106921509797,124.23751411385794,1
123.35126901907911,129.19671282089442,175.76156214803555,177.25249448562542,127.67775800938536,126.05053763350129,1
125.96353000548318,136.2474416847157,173.6266408681026,178.19618774749955,128.47899766118263,124.51922450600861,1
128.80299162019352,124.40231284267315,173.4205433101587,180.6966639494137,123.70193120282612,125.94448730814698,1
131.85468486962233,131.11751842675434,182.22428379617918,176.78040686639483,130.24188056789055,119.40644891861031,1
128.79994942876002,131.51416006146482,171.63523445862415,176.58407222570438,123.17750743277936,127.69166034901826,1
126.08879931662017,131.5432062090594,174.7679327440476,176.2961299020184,124.10143785450843,126.25553769890959,1
126.94286772180423,132.64048048969428,177.8456076205475,175.35021212252622,126.9983870066628,122.42044176438803,1
134.44867048989724,131.4233322652535,174.28036527265306,180.38197993983886,130.67811454480386,130.34807076558815,1
130.81841497385255,129.00934553767607,172.53396682515134,174.87302262030724,123.74178454493486,121.69810324123088,1
130.59691333797082,135.4195280446001,174.11815317326628,174.15103865605653,123.26804968378494,128.7068468573499,1
129.30018440010477,134.54221576771755,178.79367126103315,176.1748339823415,125.68653338652156,125.4998361880601,1
129.4466057627176,128.1840036571776,174.99954818405163,172.09584847433354,121.70924072330229,128.64942304128542,1
132.71307764933994,133.28082560329602,179.0346719113497,180.51363308421463,131.15937167197688,119.74364010383938,1
130.26963228372261,124.12878057581051,174.84420291797485,177.0564866823169,121.19680896347842,120.44845570392583,1
136.95545376879397,128.85607678713876,175.1221923492251,171.3636518232995,127.58534140587314,129.7721735354513,1
131.11914323919845,136.013370282727,173.295728959678,172.7297804105045,128.16923438111684,125.48309525935802,1
125.50067652803783,133.05556550356658,171.7747025798108,171.63643963417397,120.50361981698259,120.06031573154728,1
127.91419393136857,134.58932143945063,178.1514514580392,173.65296672989584,121.3591201201801,127.23776521071218,1
122.98338569179263,129.91998213001006,176.46476108770366,172.48805585629384,126.41179319045871,122.0082671333191,1
130.3235220269429,128.9393414035919,174.27632253206352,174.81876043837246,129.0503125358459,128.81783117558783,1
131.35378180151545,131.61572286348482,173.21755688713188,180.2190867152484,125.21258698223113,124.51479738355587,1
130.67607208998234,132.70513421356785,171.6557887808986,177.21630077504807,124.91504236199141,126.69403493128318,1
127.60738646263394,129.79485666922128,174.15886739698038,176.8657270309913,124.5485699152068,130.99435485251578,1
125.16164252963134,126.18039959447022,174.24404366194278,168.19456816562706,127.24512849201264,120.51257079455218,1
134.82202609560218,127.43151331261143,174.0435810160439,178.96160446112432,128.203799561306,128.12310351924697,1
133.65856120864495,131.18052048269422,171.4738422200027,169.93131634746447,121.91683212038632,126.29170058122371,1
128.22656674282095,129.3670884396477,172.3972127910055,173.8690661631117,129.56137108148704,123.22965386640251,1
133.23097170631308,124.79594922528939,172.35414381514508,176.25980339208243,118.71599659304266,127.2926249906823,1
129.8146581540944,125.12764399639511,172.83278067570402,169.4222420450206,120.83930764469805,124.12544455384342,1
121.29191779180613,124.61405072260881,169.5375288928569,180.99961378128557,121.65823804586904,132.51514481421194,1
131.5650304768322,127.48947038410836,175.11360851039402,173.19827927246376,125.26145089582933,127.56529022326318,1
125.13169922718686,130.77887788252391,169.84736140846016,173.69854319095617,129.7349188769577,121.650831101411,1
129.539443939687,131.47803205919283,178.99116048568274,173.2606403759735,126.8648464983463,126.69980348665104,1
133.3468543165542,127.77978570441113,175.4613312180134,175.82274559560378,121.73034293642962,122.47067861884807,1
127.39895400559331,129.9352872828012,174.8638900741641,171.6933817894116,123.51552661944827,125.49371094260201,1
130.1051145110427,133.2786844242484,175.45707174659762,177.31584663661198,125.51824275933772,124.82383897114858,1
129.05734918856646,126.7683130793869,176.21582555154768,174.5065392954858,121.7767245169016,125.44337596542344,1
128.11106596019036,132.47800529569028,179.0066639224449,172.84035903903822,119.6873199438767,123.19493974719342,1
126.73139755963328,132.16708551764546,177.67508330903172,182.02018358993334,126.20322080559264,122.1196650540188,1
134.34250863072972,130.84590830359383,178.1212091310538,174.80293091027428,122.20466680406271,121.90980051901973,1
136.3817421747915,136.7153477533394,175.62222587960798,177.44620464436156,121.30067692647802,124.881008664558,1
128.44630738432267,133.8173209556894,171.66273153142572,177.18710703697988,126.6288628901534,126.24002269036728,1
124.59305066119636,132.71301788780008,178.2627866002559,171.43996321737453,128.4611152218809,127.89022467319282,1
128.70636634917375,130.44145120725528,177.88907920175362,174.56279317466647,121.97031505980884,122.1222044194401,1
129.04241407759352,130.9085594054531,172.16433008962136,171.33950569646785,125.79458567906015,127.2386184612708,1
125.90808483222294,131.83791615045985,176.51154575297448,176.24179735191922,118.12726270596433,123.36814356477467,1
127.44547885739719,127.73329976651202,174.2846516333298,177.41679518260563,121.16330235738894,124.4681644285566,1
123.75332423074511,126.19572679206935,182.81637502948982,175.18078004344667,128.84706320513266,128.53587987326287,1
129.09977535291864,131.09737074513566,176.53629956540996,175.05164199332071,127.08564686412596,125.1037666811742,1
123.57947722263579,131.95353035847955,173.73664944070578,173.18410429450566,121.24409536456969,124.25515956329463,1
134.4674279129808,129.87823454700685,177.95120894661514,174.52602010378453,127.09938046055619,123.76924681224772,1
129.1054717470664,124.54729006647662,173.7989762570477,169.76231193258812,126.75298371787578,123.00643705579253,1
127.25844446221984,128.72551707743483,175.5798241230658,176.32265961285876,124.25451374400706,127.17936313691,1
132.71590316162485,127.2953753274853,172.66928637332978,174.8022530970622,131.03014415574748,124.18294580771482,1
129.92712254154898,124.3553136613945,172.07786577919015,178.99626933449053,123.80252849489354,132.89205868317364,1
134.8509394325406,128.22437307903553,172.37756698758525,177.13143840900742,125.6469879806295,126.2751542955522,1
129.04593485377265,130.7406774559472,169.4308478420549,172.12354867711923,121.34908703264094,123.22869771442724,1
132.22153873991238,129.14071688298594,174.43977797395277,175.38409267093232,126.12197874974291,121.61385569243869,1
135.1719843278809,124.92552709077549,176.7994599363809,174.92472993626902,129.06728532062178,118.84212960074886,1
131.71651936862176,124.18519931854776,175.49937975136356,173.31412960109316,123.57242041093951,130.33733041913382,1
131.0771115226146,133.57110445479225,175.33859022459148,178.45694164300167,124.02269106452354,126.80325300067814,1
127.35419912127043,130.8903061440408,171.61753781549936,170.1117772662952,120.29598833283373,125.25497134823524,1
132.11428381738682,133.7081689616824,175.36059127887114,172.80079531291207,124.52873087717562,122.65464893003451,1
129.10449783649514,132.15576366988654,177.1403276517956,174.4622751896969,123.16829847529159,122.37048225607387,1
132.860654300324,133.82316695880715,177.0525481503004,175.25326242997644,122.95973847602205,121.94687042516337,1
132.82699937413264,127.241679100775,172.36951426024285,176.61561230894088,120.79302891195843,125.54781455013443,1
130.83975652166643,133.34616942608855,171.36362140785022,175.81289619544938,125.56082788851867,126.00968970881,1
128.87084790919377,134.15403051758614,172.1767667769682,175.0491888109094,127.0888655747302,130.41592465161906,1
129.03024228459628,123.64826970163195,171.8598781101453,180.3074440545024,128.4987208626356,116.83420238775453,1
133.5299470306889,134.9695330310118,177.77493814530692,171.61857278370854,121.99795508960757,123.9866737487368,1
128.92122349995344,123.66284572224804,177.96016513833365,178.02413072038206,124.9699364551684,124.66425605122832,1
126.43087063007552,127.33020293540729,169.97437268301024,177.33245479814545,123.56163349563862,129.20005409411942,1
127.69512840420606,135.59911950629436,173.75018239276645,177.14194704792178,126.8780055248116,123.79444469521322,1
128.65269993966567,126.61054149465929,176.32826167645348,174.15186681652352,125.01987547763659,122.76861390583758,1
129.9045017281505,130.60166009456432,178.11513230377662,173.43940525622705,121.52108635879505,127.4587126325446,1
133.46662518690738,129.85308620781836,174.73397324718798,173.99893360411875,123.25555112287266,120.1139792665519,1
130.1039611992712,131.739310469014,174.4878776486179,171.60084763923456,122.86445359274659,125.99976129411438,1
126.55271626134581,132.82046393492072,175.97015268505268,177.64771381540996,126.90310044049895,120.80420183137812,1
133.52915715967302,125.83428095337354,175.9213342553713,180.60333652973782,130.73639650869524,127.92816415388288,1
126.643142929534,127.79840059128861,173.5531161806516,174.68374553977443,124.76766193845405,124.17345446755772,1
129.36626365448518,129.4089982001421,167.7892794773888,172.48717283825587,124.78903116539784,126.42160631187993,1
128.24071575324535,127.70573845586455,171.35748840202228,179.49304970890375,124.19398386849838,123.88272927007257,1
129.26651053146878,133.0118627156856,177.65394804993,179.0689290712706,125.8634773035908,125.26084227009052,1
132.2613173534137,130.70589448958123,170.00731824673355,171.53939446063055,126.93392364616928,127.23295818056364,1
131.71955659077514,131.46558290395984,176.33946527056455,174.52274553624682,122.388951634201,127.15232643880294,1
128.2640869946145,131.57654659660355,174.17791313504182,176.69711225698498,124.10294263811353,123.5641218412056,1
130.06897989102322,133.08212800176423,180.7137835790959,176.23001106963451,121.02093525397096,127.59109479711532,1
123.73739442175082,127.93231161467749,178.6189635308076,170.72982889572117,122.87342230582583,124.93550303672045,1
122.3533650942481,131.06005607747394,175.09916451921802,170.06375521688622,124.52695212062456,119.41284713050064,1
126.18131741703364,125.75704346543428,173.6608357332939,176.58931382531543,121.21400037772366,117.1572407258666,1
134.08714663929183,131.21933622552407,176.70752780067758,172.98503320890646,127.75862281632249,127.42822162376068,1
131.89638265737122,128.75443129033243,175.28111892661227,171.8262591902989,125.04168484850845,128.53029290589578,1
125.09258228717947,132.8338166792733,171.0644987303266,174.7672284829127,121.83621534057642,124.49456313009213,1
127.67345886640348,124.92726347557829,175.24636717673232,179.85004666740514,124.21191193419367,125.7677757494261,1
127.26577507527948,132.1028552220134,181.15953131986782,173.48610257826758,129.000286308579,125.40077331071566,1
132.84069229012468,130.2949036791572,175.64962180998265,175.4576692262644,122.59966373430241,127.07502782823013,1
127.88332915473255,132.02561672505215,173.26809666708593,173.7628365125535,125.77194483708686,125.70200104848752,1
131.15640310323613,128.8774779403484,171.73377285924613,176.44823832702494,126.81170853232001,126.44093158154539,1
133.4858672101263,132.02630161979016,173.87434924156267,173.96710890761676,125.11393185056697,118.66599664296542,1
127.18395274911306,132.3253096099961,174.82508071655727,177.35680741879338,125.99252655993615,124.88280113497522,1
131.71644217572847,131.76980045968165,175.6551910153679,180.01936880292826,125.50394745438896,125.7935054903258,1
121.76130545509746,129.88222011202885,175.83351388206788,175.8608717335065,123.77508641534476,124.8321826012904,1
132.45168050037339,128.461387450433,176.23288499569261,178.93210062825676,121.95749512734211,122.0996173647361,1
132.24150605628714,132.00572953455543,177.0018832090084,170.41291967839314,126.73394284953272,125.93394659398321,1
130.19952020662421,125.17148435039302,176.575004360253,178.92522719021832,126.73865765182634,123.37569937285637,1
127.45412697720327,134.31202407043355,172.76794580015186,178.69286382703257,127.94136909005194,126.69448740652619,1
132.50256912709904,135.98490329279343,172.47190077831416,175.59152257200805,126.43827505711717,123.23518511424533,1
131.14833728897227,127.950330450951,174.2178915195922,173.08970831939067,128.94486034141835,127.6076782102912,1
130.55248628932998,135.48115168543708,175.01486164294744,176.23597454763012,124.1685522376373,130.17194733619155,1
127.46166001761429,124.91876081962195,179.38894194698878,171.0926269767115,125.31406453985778,128.42567745298447,1
129.9467887976854,132.15898194887635,173.30361062263984,171.6364707696238,125.45400709791731,128.35301477503856,1
130.10377540054986,126.9781072552901,173.7634799330671,171.1956887782572,127.0567057875687,125.79014585274437,1
131.42104525521327,130.27789454455336,180.21163621598424,175.32262481313754,125.73707551142759,123.53091210679007,1
129.3465213141947,132.92869756704823,176.58785384348414,174.463445236994,122.83281511146352,122.09690595656829,1
130.3850813561338,127.60481557779816,174.7462134930041,175.0015020661215,127.18621200548229,123.19212805306695,1
132.28640637479575,136.76745345364034,174.0613007971763,174.7028336466767,124.23457480252291,126.41940696030689,1
131.88495069090297,129.4134498528148,175.17065993519125,178.33603451942543,123.09292197892296,125.41477537345737,1
131.00298293129504,126.60372440970731,176.85497204701363,181.0860459521744,124.69793087374725,122.16662711261061,1
130.36633011354678,129.5423587272767,175.51961776959314,171.22755043898465,121.43891690567702,122.08900735177328,1
133.56787119052422,128.94559987700768,173.77331052207543,172.53774138053706,123.70405088498157,125.79338844738747,1
134.85194354601137,125.86899700757215,173.88607068824,177.74232502862193,121.46609575508249,126.50231340993416,1
127.63727946886563,131.88262607519923,183.72699403237408,172.19174515375417,129.0183813014488,127.77967931358263,1
130.31992527138618,127.26011322826278,172.18363034039555,175.8602439156717,126.16005000710834,126.43986275000417,1
133.44699238452014,128.86592829934034,173.14359460130814,178.17473483960757,123.82730784743451,121.52436584222515,1
133.62694382638537,130.42392419377342,181.383664466226,176.0438350753399,129.9792986911451,128.25736062585239,1
131.11976889043146,134.5023415713558,173.340646297492,176.51245125843613,127.48030841660301,122.60900802787607,1
126.20057491778194,130.30543488402628,173.14370492905752,179.80414636211339,125.22428712122077,125.81170291376112,1
131.85589651429694,124.53444623965828,179.76399561092217,176.32850852097494,128.8934708666414,122.39984859983653,1
133.3826686523175,124.65025056056446,177.098886000614,176.38087620707987,122.65835676544827,128.53882043917048,1
130.6064656601241,127.19195178731584,171.8207980310104,172.8129456116172,124.4910547745953,126.95826235345342,1
125.54783290558686,130.49761226975943,177.45461926694048,175.56603541683768,125.60156945946943,118.21870694445413,1
127.97801733267428,124.66010337879649,172.26488853446384,171.77708812386362,127.09992107130785,124.2781073926813,1
133.35203679899877,130.74408111246146,175.27331058967275,174.148079261836,125.91147964902225,126.33199234148672,1
132.11387101402642,131.79181910248718,173.07159994575446,178.71264972355448,124.74006101460868,129.06420237068045,1
131.6713917342509,129.33216861069425,179.95477362040066,173.79647693608356,126.61988649242213,123.37755267052343,1
128.3957039633962,133.64371270729825,176.76297919205481,172.02075715077376,124.93762581160767,124.38078731471309,1
126.62894608954923,130.47775572302876,173.54751293314672,177.8454839760563,127.97228737661457,124.55932198805179,1
127.72540932108562,132.03565598859734,182.09157448960306,175.1228160884847,124.65541608992132,123.78712417503573,1
133.99147203965174,127.8970471625809,179.2945902979699,182.07039078149876,126.24401389754614,121.19760709506029,1
134.88279685970414,130.9129345884545,182.57593824837338,173.15166984497054,128.75832299903738,123.27965082533282,1
126.12993998562915,124.84898144686198,175.02129906784143,171.8491032634418,121.0677595934164,121.14336852083008,1
132.23857056773872,132.37402077471776,173.18522627762755,176.5878749707608,128.01615686342956,132.43995973221007,1
133.39097204731362,128.5379717368492,170.7466877167823,178.56231679867668,127.45187024485864,129.40351837028416,1
131.51020217036339,128.63517664830292,183.4575354611021,170.46692916204233,125.77740920073688,128.49938791881155,1
128.59206076635863,134.46781719515124,177.80430276037157,178.27400855797873,120.28881251825558,126.36496776756597,1
125.00258589069254,136.1083821477116,179.62681857648556,177.18541982991655,128.57780936683432,128.9460422127775,1
131.0997000663265,130.00266908951443,167.4496739771591,177.58135214873863,132.81415762779451,131.3328023329845,1
128.92522911473685,127.41793052013067,172.40847746576557,171.60149561820802,124.34807530630452,130.2674621220619,1
128.9625663552252,129.01568083735057,175.30531604983938,180.03433407684014,126.14225355821478,129.65859410879472,1
127.11609651394122,126.70519608696375,175.16378632785802,174.42562170833787,124.48158965764534,126.693342756533,1
129.95720078529087,131.57877625708778,178.47972780312818,175.17094121882224,126.56638528780819,123.57201244460848,1
128.6449844983479,129.01521756777404,178.86356953623178,170.66099599053285,127.4311167096018,125.95121252363771,1
130.62121948192313,134.79390608642777,175.8952835476641,170.1478151254243,130.7431149211362,125.2197968132643,1
126.62220119555442,135.62535590049657,177.16170901684623,176.0301690118164,128.17420476030554,125.15478409575016,1
132.06687723975398,127.47127046102617,173.54120671793095,172.95883722725452,125.456477326657,129.8093777704045,1
123.78899952125204,128.78657305975426,175.12522318067164,176.99284596823907,129.37710784623823,127.9569547738971,1
130.17618331054808,132.40910271084581,177.07038024064641,173.3528357998935,128.86418177363615,128.29931708052652,1
126.14172903199321,127.8796466769728,174.78563628492523,179.79286977137227,123.30252169563772,124.54465814588919,1
133.21697941702396,126.58750800542009,172.20856073654946,175.12084252321733,124.54275774788506,128.3501881055745,1
126.7600376433372,126.82591122443203,171.74517694885793,175.87865647369904,125.91236613788874,129.30658076114597,1
129.28851267768314,125.21063469362875,176.11222787342476,176.8962077529611,122.92826440924982,121.32603359099397,1
130.6501790863668,128.39685587580612,176.6245282729672,168.70893178135515,122.89558928718945,119.88367568916729,1
135.59748222227933,128.92937751561524,178.75053343301312,175.50309578107854,120.06014806726728,123.06407831748074,1
129.9742757797459,132.37268807445457,174.63989561122042,180.66806185921013,125.99861733349432,126.13065826220505,1
128.67457864171496,133.53628717748177,180.46931684485628,173.32703499421265,127.22823692336793,125.92997600021039,1
132.35434912351127,125.93809363390116,178.19760530279368,177.65306086994133,126.93208896300973,126.10029722870742,1
135.83994876873868,128.00850421967996,176.5472443936464,179.94169345182513,124.99740358103831,122.17330992429326,1
125.0918446378891,132.232661633279,179.01397640523365,175.33480651098404,124.71514400676479,124.4681664588219,1
128.3607712789711,132.62987914852513,174.41500542348595,174.38090966340965,123.28525151268445,126.31232548133623,1
134.88296692426886,134.3598526489398,173.68847932215454,177.6199581050985,121.32848217119906,121.53043793789945,1
127.04002112718493,128.24082661832608,172.61556124131306,174.20235615600444,123.44129204176815,130.6962768173035,1
127.22884833660743,129.75905350994685,169.62366478127228,173.1741399708609,122.65906896841351,126.89657731731015,1
130.51683979203654,125.28827220346345,175.45982096736344,171.28160863976197,126.47221879281147,127.32679937917788,1
127.30054598014151,124.75845659011696,176.2142570067615,174.21543003495796,121.74893990467832,128.44357050830698,1
128.36535257327137,132.33985447099727,178.19234589858544,177.15316953057277,124.14595141586501,123.66150701834346,1
130.60202969165047,127.768281031721,174.3518536228252,178.57298582977137,122.16474606423564,127.65279596449142,1
122.76252513270882,134.48043439370946,176.52850984778146,175.29045745802716,125.12824031913932,131.11783004252013,1
131.22789532513107,135.50881421991016,174.4448782722876,178.1889333546271,126.21912471324816,125.72782963435169,1
125.02206358402573,125.66876664584085,179.94430599107972,175.10209895283057,127.47210726850162,123.6428758750656,1
128.10046801122033,134.37265449326435,174.05810087150087,177.6202458881591,125.93026803286155,126.09159356763442,1
129.800098290216,126.1242567348738,172.59747443583046,177.80241946593338,121.82621446187075,126.7090824572197,1
128.13622901908036,129.2831909898018,181.5879912778442,170.9974955499164,127.70388832727146,124.03757577854508,1
130.2877164318993,125.12035910475907,177.88139347529258,173.20253711041963,127.02731753314319,126.20487015749201,1
122.48779086784178,125.89052493787852,172.03062057248022,175.68312575134092,123.70614117655126,125.2372323843368,1
127.23861263263021,130.51917703298412,175.4966705632515,174.9567871588028,123.38193166567397,124.54689627803037,1
126.01668060446602,135.95219649139182,171.2033912174982,173.7234669512578,125.18255892842903,127.14921122720108,1
130.92221648455796,127.71213801602326,176.84245760119805,175.72962212226312,125.4891132365902,126.09102133977407,1
129.06256176088561,129.3741276738399,176.68916572426593,176.20670808940696,124.2888062910759,126.06759781998142,1
131.8366154657247,130.51765752804496,178.18465463478594,179.21701914200617,124.48528455682796,125.83824791843703,1
126.3736047980778,131.02373245412002,171.22276477661734,174.96322916606695,122.6351567988237,126.79477905283765,1
125.5009622385636,129.28930516456975,181.43775535793532,179.22346935628366,118.80135531465763,122.30148545575885,1
127.82210663548257,125.01365711485917,173.53496755194956,172.35927227611148,128.48970730645658,118.08171454034664,1
127.39681266762065,128.84383102456007,170.8682782366115,175.90955521888247,127.88654614340945,124.28642563590779,1
130.3886884006092,129.66904826777332,174.24773421626705,175.5010164054946,127.57100173710661,125.74125147239907,1
129.66317347090097,130.22287926570326,178.03442154890524,175.78063348835204,125.10048778778601,128.06519858148778,1
132.62818964398218,133.46323618998747,175.88649273402174,175.54143982841907,127.48308622254389,125.52608572068974,1
125.68815756132292,130.75058898339847,172.62035894171333,176.96116787737157,124.42947303469109,124.40982824655512,1
125.4142156025977,134.09116156672184,178.24557333049788,170.9018301987976,129.54896884190217,123.9809697411017,1
134.36020529159012,131.61932566081546,172.39221768490557,167.65117026999027,124.16789894260147,128.15843809619489,1
128.49395223767633,129.195214766228,176.89075701325385,175.64216678777092,124.06403356491808,129.91953276768686,1
132.07433183541755,125.05975759692468,170.87807572173583,179.3058079599498,124.16231149960915,122.368185776322,1
130.0244014240348,128.04899485846462,171.85365858438357,169.2189581875099,124.86919699800889,130.57085664957495,1
127.17658914672485,127.61402237219157,172.0208436315649,173.98285315089421,125.38579162253927,125.73730332875402,1
127.82762199345458,132.9094927583971,172.86093791040787,175.57217664971444,122.51602269945245,128.5668392914265,1
133.67735695606976,131.30978608776397,176.07470647044642,179.48749256155747,129.68846052674866,123.35314462303394,1
131.59262680480035,125.58622090922307,176.99669669176063,174.86461648653648,123.03092668003542,127.48987143357373,1
135.04005047577772,131.93310928394956,178.5077164560605,176.93774956119026,121.61989186165701,125.84016969449208,1
127.13423832515333,128.55220249639166,174.63288861903615,173.48680777923033,118.84095153998126,128.01820828968815,1
133.23938203229525,133.5373431389822,171.8809631426119,177.6823109845983,128.9480776697558,123.17228866210495,1
129.11211549121836,131.7677855235564,176.4844727732053,178.98049562240692,130.3192575901607,123.5970786390687,1
127.49422822095796,127.29831357123578,173.63431901784975,172.66158804664593,126.71503948587623,122.2454233332228,1
131.24892762939578,128.7395151177123,170.06919944217177,179.39335453574108,125.44537095904134,122.85586780119809,1
131.348640957092,130.1516652168524,177.8041952452085,179.0553256490481,123.80904333836378,127.4161605694859,1
131.23842305452223,126.77576760590533,172.4113483201047,175.12153931755373,122.97445181098847,125.71952937393893,1
123.83769073707697,128.08685733045195,174.11885857603878,170.3317502737255,121.68068613777132,128.37521889663253,1
130.154135028446,131.41406840561845,173.79515961034986,176.90331295994238,130.84442871970683,119.36662077654937,1
129.81117225305113,130.34421390927386,173.4608155120597,175.64163104409195,126.72563716384464,124.5372443299077,1
126.76843589812736,130.42630632698888,174.28511923639127,173.53765001846588,123.95176725732273,123.69966323485852,1
131.038089690776,135.093279168907,177.28633943405404,170.97250220330034,129.54117910553742,121.74983656066658,1
131.54137315192918,133.3765821739306,173.891309862301,175.83397350859426,123.30501016177469,124.12048688123262,1
123.74583184922959,131.14347616622666,173.05987233995796,176.51559814323375,127.05975620982656,122.00414435555281,1
129.56892260726377,130.09955703999958,175.44832797281126,175.62868762164055,125.23892611452317,123.16177563103976,1
129.46494328112425,127.03584693781131,175.40316878766077,170.97265256166114,126.78602341730742,127.93689736947137,1
124.58129457535841,128.650509165647,176.74756806067987,178.91683015310426,131.3209500874454,131.20920294624284,1
129.0958139780256,134.4413104304009,175.62419348562395,181.26870849877605,126.31873477127507,132.1285733370069,1
132.7784162112776,130.28924528316153,179.38127655450873,173.8089156383977,122.08284301805512,125.57018902603184,1
126.53929018645826,123.42837597127945,173.48726823726324,175.4302270539293,123.58924866669508,129.5084788093561,1
133.50639229917454,126.71529613468326,173.86578894609602,173.6325512221167,127.13490139009802,125.28820205549714,1
129.57498993441604,127.02740166544548,178.22000277905215,171.9064404996891,128.6506873628559,127.08975733282539,1
132.25689652014822,133.75703763819598,173.06934350004715,172.9580453655191,123.6125535759326,123.84599778057843,1
131.08457967786455,131.0454174239971,172.49827449815407,170.2425560240608,125.58292165666944,134.73608138037073,1
130.7143162822885,128.59862733008885,180.9151554023496,177.99993143256688,126.16465214409641,124.55935236691792,1
130.04221664060864,127.14909643503961,173.66696973462604,181.2194596704168,121.35156393504315,120.55270543591334,1
132.15645571143781,129.2435047177201,172.12919985812562,180.29524905485135,123.05458030443269,126.40473633147452,1
132.5116669488503,126.9993653576348,176.75732770900615,173.80392031627375,123.43156489212743,128.91539018467265,1
128.81217397736836,129.61618169565548,174.4280525427594,173.77852511908432,121.34992781953436,123.86393616069907,1
136.6625836199756,127.6236136709803,173.22177586831575,177.63754527722958,125.93295993295496,125.82989009306633,1
126.46642176567104,122.95895927823206,172.95350710306764,169.9029169861472,122.55150434262156,127.65468599643641,1
127.05469508638964,130.31244020989465,174.52281632497215,174.92330620940783,122.92131497598162,124.13270869726725,1
130.48569834936134,133.54891129125525,173.64809877711951,175.16448462899373,124.6817142473834,123.1092535537493,1
128.55878161922647,128.63844171336126,171.89915007208538,173.5035323228594,125.02457194150173,120.53472912695402,1
131.1537084021035,130.58819281812615,178.8901223694107,175.21083187190746,121.41620557570411,124.51903707433831,1
132.03447578763078,130.09969303196152,175.56971517330598,172.77551660686888,124.0045731749867,124.03061868066469,1
129.03643144775575,129.26238600239736,173.88548564660854,174.14920480215446,121.7926509307918,129.73686848843022,1
133.36705759579505,133.70389263593668,167.76331073328356,173.16998476066382,119.86059972928749,124.5062420981854,1
129.87615975879172,125.61216419936301,180.54054161254277,175.81547686811268,124.15146305897157,123.46544512288744,1
131.14126120180939,128.1108694502072,176.30998990170343,170.64701988804146,131.1041294282001,123.9587604486002,1
129.7741770001426,129.07800281434703,175.85520895650023,172.07512595095594,122.23288437742552,124.95914696542361,1
127.986392357817,129.50405218669846,174.49466265940683,179.200598880049,129.1972799279415,124.0713813347714,1
128.43603948776283,128.2536258463615,182.17436819790382,177.64704325167108,117.09095249439567,130.5817184636479,1
131.27666480667511,127.23538115528154,172.50532820658282,171.70900148316892,127.10996994713585,123.19396123924294,1
129.86301628863623,125.02091255416995,177.4725905607909,180.37886084484157,127.15415746955424,125.41719992981822,1
126.26882305012582,131.3219040077703,175.7513189410613,177.97086381425154,121.51351693977503,124.26157014980913,1
127.55098509609013,130.42092625181166,175.972652364591,177.08257719107388,123.73916767772333,124.36716554628954,1
131.43123805409397,133.73979685238098,176.48850050366235,170.8955115574103,128.9398170019039,122.99171315398195,1
129.31740744730743,128.9720860111591,173.1544614390155,180.07444121765886,119.39096000857788,123.42899578758694,1
129.760325402354,129.21613029747854,177.3797345944962,179.74100523176887,127.87339099959672,125.0840106364647,1
132.76303145551745,132.48055293935016,168.6353273116891,177.68342101500372,125.14288603198965,120.32486562300551,1
132.0781775128755,127.70012052588356,173.99869073678138,175.95115633883606,121.17057003841627,124.60311590416833,1
133.32669791012836,124.45453152019145,172.6853657443298,175.0947060290425,127.26719099431949,129.0992309021694,1
127.658953344654,134.21322143157053,174.1142886723344,171.61598677385268,124.75039380928561,122.80923708197368,1
130.42936282382902,130.98019439433813,174.49833441416027,174.25258818686905,123.91179121172222,122.3696752913842,1
126.10361514369922,128.72873202346176,176.86701555998894,173.9076901086304,128.9651886354596,126.94585393658355,1
129.79389985777186,134.33033565760542,177.26582788889394,171.8393546794086,123.84586045876641,122.3248976101183,1
129.29470190581205,133.95886531307428,171.3952986030909,174.32223710944854,124.69157729855513,121.81233973870262,1
125.36197556689756,132.09794950551878,176.30967216791407,176.65510432905984,121.31627421462477,123.23144191490762,1
130.14980454303273,131.81040337564735,178.66597216382988,176.56270352743329,132.97206606971784,125.65178106958119,1
138.02705023425125,130.79439704367581,176.46929728149826,176.9291541559238,128.73932275725468,125.05162701939581,1
132.15051284615907,126.08480569383372,176.20128603292918,174.33333530070055,121.93417947218569,115.54952890862242,1
126.20362948234279,129.9073017006125,175.33307398188134,177.2677981784754,120.81963776513395,125.63157832893451,1
134.00469183544539,136.63095097839434,171.77248302497554,174.9121467152344,123.41847883761487,121.5363714996258,1
124.10532438167827,133.99270042359237,175.93050386584952,173.94398366610267,125.53322380083942,122.9850491777112,1
127.59041586578766,132.73905752344817,178.250228020999,179.51156615819224,129.39230153026134,126.66047182103259,1
136.1279215733894,132.6151387804436,175.20494372430753,175.49002919130194,122.9376921159042,121.6918797275201,1
127.24414299178217,128.09088970822606,176.57757883531318,176.78686146623227,124.49889458936737,126.60539242317031,1
134.00936964650347,132.14371552459343,173.7448948694534,172.15276855313525,127.0281550920029,124.77619059536325,1
122.61528017303984,124.1081689751242,175.05147236056288,173.2943984955395,121.97144289177172,125.19774324707484,1
131.74687088973988,132.90251642146265,172.1725977607469,171.3496921078699,125.48880746091214,119.96618573453522,1
128.94421794727273,128.8688089656736,174.23623326162667,171.59539154423837,125.60608568389593,122.13771026951467,1
138.88699456602097,127.25719776866151,182.1314282543076,174.05581319889663,124.5023040222416,125.02454914984766,1
128.56556617520266,133.13207275864687,177.63529976029443,177.52473605944843,128.11361706014722,129.41007368702012,1
126.40273602655992,130.927142591752,180.90522773249177,179.3143257983078,124.26685391303475,123.5510348714174,1
129.47988264939158,130.67233965553453,177.79341205889347,171.4868902047632,125.23090145658217,125.87852386715015,1
129.64691124631486,133.8763898891372,171.67688375835445,176.39298861280616,123.74351834686892,122.52386204557334,1
131.97577901744373,126.58353165479161,172.20826092321428,177.06722975523934,124.5094730450585,124.11098836229685,1
133.5625154823475,128.78706536946916,178.13271192486135,172.35636373148986,122.6047535240222,122.13295743928215,1
131.8100551009542,127.82802235519081,177.30140300031945,172.88352636496344,124.3114478473273,125.6548099153451,1
133.2344495121661,134.02986423843674,170.0581197362337,174.11525292182833,124.21173322782862,125.2246573370155,1
129.0340941807473,130.55100319247,178.05570091174968,171.44918224976067,126.21435250991539,125.05501390866044,1
130.32932392303758,134.21647798952694,179.96063868245417,173.4462611137527,122.342161891036,128.41143317690668,1
127.43401003903438,126.25725816900808,167.8725016775162,176.38705644703228,126.09479863973877,123.2723211037388,1
129.97693617122792,127.08756032837523,174.38774153479778,174.2398738019101,123.08158689338353,124.19596990329096,1
135.55980201165184,123.60538844056032,176.79503938802273,174.31541330589278,127.22332307630693,123.15980677421312,1
129.93734090297826,135.8786875894927,177.79165889633714,175.49038844020762,127.13738357949019,124.990263255299,1
132.7720889968739,133.81283382053513,174.38154040628538,175.09004212618882,120.18263278677323,121.92643288139611,1
132.98084203648227,127.47834494672546,177.99281534706103,175.00507837808965,126.31859580379788,124.30795987037654,1
131.4058938106454,135.10954270994216,172.8471459451003,177.42642703848304,128.86247352918664,125.10656905667942,1
130.75385977080163,127.2083100514594,174.646027963743,174.40715555850406,126.08505887667546,124.05101244012079,1
133.85366829758584,128.51699011289577,176.80780141355146,177.05956308766184,118.61993909190062,125.87125669664596,1
131.29463878499075,131.52969634018973,175.15246825272953,174.66994808783284,130.59436320856807,130.96353254335628,1
130.20824936037786,130.72571931332646,176.54456726599497,176.8114498708529,122.25545799015492,120.60130472882186,1
126.274041186132,128.15628966448529,175.53933212307786,174.48858798184344,127.3992609055662,127.14534932844582,1
131.53504786402354,131.2631111303388,179.24244150138455,175.50130881272946,129.8400175387834,127.70647952562186,1
135.1320268743818,125.66630578523596,174.43200740637243,174.03359962021256,125.1102097187346,124.27381490127007,1
130.95007838758346,127.88100681998962,178.70641682525533,173.38040809819472,123.12254167660457,126.44219344935125,1
130.2526228047007,129.4821042882947,175.07588695589203,172.45641116719202,123.95841579104187,124.53385194479782,1
133.08653724769303,131.36588981160838,175.25971770340504,176.00671964187788,123.91488261190305,126.437342637047,1
132.27669668568294,133.68799540981416,172.14445083861835,172.66877755661872,119.40280811117188,122.75763193559357,1
130.17120496022295,127.43371071471697,177.7924938522109,173.38848476545206,123.40342386817353,125.40667814090096,1
131.6576950044532,126.88480385771253,176.61477884806249,174.57273315854195,122.99417050053415,118.99321006890347,1
131.96072607118901,127.24638612680317,176.9456902841274,172.40318288456626,120.99637532954382,126.44904821335953,1
128.2597186122207,132.9106484529845,173.589616334674,175.8644640685974,128.5895956965462,121.06020768512758,1
130.54033361511426,127.50343472151397,169.55004071954752,178.21267489565855,129.65655030123466,129.18961314045157,1
131.89694966306712,126.30547004755552,169.66815722113893,176.961991143675,127.1622398042645,119.28947059782686,1
136.33869344178322,127.3100725779713,171.81041318476238,175.27892472059023,118.49104671870231,126.73401311863873,1
129.46304077543888,128.91776031775953,175.91768741450267,179.51252088093244,128.33744327175754,122.40906148608688,1
125.26454785480786,130.3488780721988,173.3875438927765,175.0166888772865,122.44963369205422,119.52334408975136,1
129.08077713396435,125.60657479535556,174.6550438812735,175.37537063819664,129.17329541859118,122.99227393537527,1
127.59886936163016,134.55005936766494,173.50681216178262,175.80780103962172,127.20539747295703,125.0836000430662,1
134.26790859049913,127.19398994783592,179.3900929257852,173.8365957327174,127.83227137834842,122.52536052056828,1
126.77571276385491,125.70449064617596,171.31114042867762,173.42023102745026,128.24048758205174,127.1226914499951,1
131.24621745049106,130.20462446695126,172.52734127772194,177.55360763854,124.40322043560225,125.97202035019376,1
128.56578414511134,123.21327030702594,178.88780489723536,176.93613278424786,121.44414901464023,123.41884504096835,1
130.81554217278122,132.89861786266178,168.85143521511594,169.71801118197837,125.70574299170937,124.76554965291206,1
128.04983257768063,129.00377444932417,175.85468301134176,169.4204324140906,125.70847290929026,126.25351512023036,1
132.24793536181187,128.79130716674513,171.3815045530192,175.12012372538152,128.02953430098898,118.13599251307626,1
135.65891242170952,129.71483457488162,175.3969794133655,173.41763679318106,123.8353475767081,130.97391635232844,1
131.24148396159853,128.28452379132804,168.25883058802367,175.12916382548704,124.7514840843186,129.36663965878554,1
127.34801510955724,127.9912132238137,175.8624934214482,180.61658238059994,123.61641309801199,120.6054465892269,1
133.70796236871357,126.39337042885539,175.20774344041197,176.0906517187699,124.15993498898364,123.46929281180091,1
128.17350230965678,125.4453722223326,175.5843010795206,173.05472626062135,124.63886866524729,122.3440949091227,1
137.0070390569523,128.93174593443223,168.19848460653827,174.95228798702522,123.67707637350931,120.5276010532219,1
127.71893798629,129.62891351958316,174.97429883209878,172.5964834065549,127.26432428781241,125.44439298062873,1
126.62731925369654,128.40632344837226,177.128993052759,176.00506162012562,125.2572499290992,129.11275125589827,1
132.02179039527465,129.09658246484972,173.23946265952029,174.24314469410547,121.8265929020985,120.8342526925627,1
130.3052421376095,132.51450856564406,179.28880744981794,172.83907775302882,123.62837578966224,127.87865447075283,1
130.67071290984094,132.64963322361496,177.34937885400663,178.22936256977025,131.27237687166541,121.8182525766379,1
134.32977432911636,127.25763267849159,176.2158067723905,174.05804614356953,123.9459857535486,130.42060788158946,1
129.80678143081454,132.05310657453904,174.02647002938227,168.5461755938576,128.3409318968819,125.11526269771367,1
130.75166395653096,129.35636861437717,176.1834102030109,173.12783016107022,120.34221785839355,126.06205973781304,1
128.8578446181602,133.22935910703606,172.23238924023457,168.60814927812154,126.05933715837374,123.88179698709263,1
132.17724745608328,125.46440892050343,175.40209117759207,174.3904083899863,126.07897721582601,127.8448068652757,1
136.28280431800542,129.61922582137427,171.41371825054904,172.0175515893745,128.92111896600218,125.06122263904558,1
133.23409119301246,137.61413187416986,170.39468324549568,174.80829272673435,130.16409649939823,122.8786012661794,1
137.27981912374884,135.39086744713535,176.31563433804268,174.89120294904706,121.71270707063451,125.3741130913919,1
128.94741605869706,127.99525432742644,173.44174718418265,174.6003546314768,126.08656166255632,123.759816749606,1
131.12084288537434,134.000758809542,176.3359802959306,170.85273958446908,125.53290896520406,123.1448146267232,1
128.6720238244376,134.77255130351665,178.94574856808273,177.9274341261454,123.75136885997844,123.75355418657712,1
130.03680388614453,130.3771329901081,173.85009455209914,172.84012222419813,122.79926330537249,128.18473744141696,1
129.60179232701864,136.16132370936415,176.8616058185451,175.18918812774413,132.68921436858204,118.40863080786374,1
133.10678397031694,135.17295033371062,176.2038829033144,177.12530435847916,124.12777037431226,126.16631161429198,1
132.20784854144588,132.2874623453063,175.76578151653663,174.56110457084677,130.1637965842948,126.40473215573009,1
126.15623639765255,133.6735103743688,175.9797872945876,183.30346669774684,124.61003694204845,123.07190264596711,1
126.28101491094132,130.68763623636687,173.52696203982822,175.4596956778996,122.56402299852901,123.33604370696722,1
132.30489876852164,129.0216752104366,174.63941741836467,173.93637439017138,125.18712939395402,122.43584188527616,1
136.48882231747461,130.50992237721775,170.40866027979223,176.47493059954377,123.10450083155368,125.29048845798899,1
130.91286927768985,135.01542251791975,178.33452528903342,174.89674999166738,121.28955422065742,121.70439186655135,1
129.43149843530142,128.59575350470288,175.03403524034803,176.8570319071743,124.63525697539424,124.67787996678196,1
132.8063557891621,132.89005343138214,181.9883804780165,179.3145410787331,128.14694321463554,124.91204486634838,1
133.15003894997847,123.94464082934151,179.1780659859543,173.87761458081283,124.67828093698,128.82777153528548,1
131.052304730235,131.93552086880106,175.7387639932561,171.43395530740062,122.35317446154353,127.22811500385028,1
128.43099412739693,131.13782597824607,172.87383227898084,173.3190641838466,133.07952273570297,123.2350984010663,1
135.39108783074525,130.1691030837603,178.8313557742907,179.70276231437757,128.95214832803458,121.2192437267859,1
130.18931448148584,128.11629065832815,173.7953960064113,171.2721228001877,120.8683375351732,124.29104642337045,1
129.9934115306789,134.15026996338156,180.2038202957611,171.22604931849418,128.72480467293764,125.18500800044029,1
132.26901877186754,133.16796529996074,177.64762764555527,173.94574178013207,127.09345148330033,121.63842030629253,1
128.18750117458774,129.99004360834317,172.89228410700133,177.8121083098321,130.57401962322265,127.49975890010715,1
135.33295109073373,131.94123654581983,171.09530332759465,175.4684375066307,123.18938312822716,124.31849686036155,1
132.43156329087088,125.90065558958557,174.9213150563339,170.89662250639321,123.20760919061608,127.47779020275573,1
129.3460363399733,131.58736068093432,174.60051006551788,175.89663704768708,130.1421946841386,123.81366687549833,1
132.85275960209964,130.60291173275968,174.08256121070949,172.33473741581122,121.71082022841314,125.1098679966495,1
133.2348249388629,125.88353761087222,169.15723757332384,173.60307916148645,126.651172923175,123.58920548453669,1
128.8496344042761,126.5639018216123,171.94412680918234,176.31600916434215,129.1410557423987,123.23042159965738,1
128.9862868300453,132.09656943761536,175.51950451395945,174.9556066219805,127.31190471944366,123.97865438189832,1
127.62206234187768,130.24330427089723,175.12036772219724,174.661416114328,122.96011044245454,129.5335005145004,1
128.2544678083785,126.48070313046854,178.3718159043735,176.16411901443274,127.12482802039669,125.503098622061,1
129.54226902834327,133.34588425150392,173.38395425260597,173.2587539329571,128.5242779186333,129.7172398241875,1
127.84747656162523,132.2000170680427,174.75784701149033,174.34556129032651,124.00010964438255,134.03227880523838,1
128.08627593270194,131.8409968384513,175.53322580176393,177.47773404775612,123.58394155016795,122.67082875609721,1
125.35607723838787,131.6933075893725,174.28600452669548,172.94951904158765,125.55348486634135,129.67854136453784,1
133.04005652385004,130.2018481247497,174.6798258523653,178.63415043487868,123.81385180648725,126.08942727613227,1
127.12559551061314,127.94378642168033,174.9292345042098,179.1304163167094,125.48440630975355,122.43381420667743,1
127.95596459783069,130.86703594328375,177.8907461868508,173.0198684343454,124.41954576874498,125.78156745453056,1
135.14465286285164,129.88136662787062,176.93806137571084,173.2702999487007,124.58029460313551,120.59513811120686,1
134.54675430714371,128.4479544043124,173.80532505225247,174.8788455587307,124.41401718479135,128.93694119957811,1
130.60828823306124,129.81546166839007,172.44562542689388,171.4704739474553,120.89118626712495,122.34228324315528,1
127.03375914198058,131.32523599355056,174.41672675711948,171.8430923469896,124.17101736667087,132.33935175811288,1
127.12218871397592,130.79047233578993,170.8759002892243,181.57744544376888,125.87461164686995,129.47463853304265,1
127.42369897907224,129.82415791216692,175.18089297646833,175.1478999166107,121.60139109771976,128.90897150516503,1
126.64494759851308,128.09369679911984,173.24002344407572,175.60672836016096,127.00575150146511,122.7569648519302,1
130.7471170553375,129.39191219393513,173.1844702152706,176.61420794881772,117.99980780167077,124.01414092575408,1
129.22939132465712,126.84805836847285,177.30495715408102,170.69518652725552,124.66625958681416,125.5922954338599,1
129.42682895441686,131.51198595639295,173.21291516785968,177.41538665480306,121.15152379337327,124.73770713177606,1
128.75074270204067,128.4700656016601,173.4671198962788,175.60429759876595,123.82744607108776,125.02217760371634,1
131.6951918755529,128.5510041691277,175.6686451398207,171.114697022014,132.60818592806461,124.81301314156772,1
126.30877026957643,133.65698099279018,176.51247689126902,179.52482902109614,127.74862701840857,128.18841644975512,1
130.95927612932437,129.3523210395572,169.320324608258,172.18357115558132,126.23244742400803,123.29292702565246,1
126.09069812154522,132.71116703692067,170.99048968131987,170.08139084134442,122.85124788912935,120.50058275262937,1
128.91360491610453,135.02179825435292,173.9891931999129,172.01828856150425,124.2019668915345,121.26623618229151,1
127.87460575782642,132.18154533283663,171.9797456482174,176.95553023443267,126.47767001645563,125.80989399434056,1
131.57470917491645,127.7751364714198,178.89823464790788,177.17287160255324,121.70361881773196,123.67013648629728,1
128.09723585735966,131.66694635657888,174.40021342902963,173.47906125296927,120.91423466712499,125.2457533079745,1
129.74297295102033,128.2946472219517,173.54864762705543,178.68519471851366,127.67511103667873,127.14873432216058,1
128.4114967311013,132.34168603406948,173.8222246902028,174.81610906605084,131.6479607313996,124.9679857103061,1
128.47013446157567,129.789565983953,178.38534980844415,175.13277343926214,122.92463210535462,120.73141367924198,1
130.43752129349843,131.0852971793198,171.11418624032788,174.7391082310973,124.00017665848611,127.94978215533962,1
133.5019894624288,133.45277186133688,176.2071430655504,177.60667130619103,122.96428961742265,125.7172590364742,1
129.21759276710677,132.3964704791412,180.15240863018022,176.47757784070052,125.72100428232424,124.1069088580637,1
130.80091580296417,133.35936895722892,176.53975458164618,172.4433306037924,127.40010718000914,125.45837954079808,1
131.17793696029364,134.4864714027939,171.6699982650043,179.98932848970858,121.2690093934454,126.51399034765126,1
135.86007064899235,129.1134907160854,172.21102824882234,171.61785932300046,121.02359691140595,128.11707694512373,1
127.57219012591734,132.0015809036568,171.5747138691121,180.8592112051462,124.25419427398018,128.2388080427099,1
134.0291380864319,128.94027362703483,177.3345969830272,173.16979896574597,122.69768213958757,126.53767157432756,1
133.073367313517,131.2675402912513,176.36297899273657,171.55119668166202,128.6253234008349,128.84252954034667,1
133.8557340243221,130.876704611444,172.98777740913548,177.52563113911995,123.9989290244148,122.92950757813098,1
134.57215425697356,130.03050051065068,177.40278753034715,177.0185557974189,123.90596391323623,123.59888474649917,1
130.4586926619761,132.7000397219989,174.53473177816932,174.90759156266176,121.64279504496375,123.30189259891579,1
126.75446677798047,131.09025781469992,175.626235745772,175.07252798469162,127.51955117779548,122.00861024242292,1
127.09392249672261,127.80302050218003,178.81121322183722,177.85927869255752,124.4842133157612,121.41913074574477,1
134.43136958361566,127.5759640867784,175.40265504564076,175.97327217986629,128.1372337526714,122.67887075622922,1
132.70469776877687,127.37950132559587,175.05187455639037,174.72568498030338,121.59901136803023,122.27680125464569,1
130.36954234444605,130.01405228162776,178.589782041488,175.78744729547262,116.99265899100045,123.39488272213134,1
129.48320269662474,132.92801131373153,177.99355220308559,170.11916354492934,125.9121776253344,125.34607809012707,1
130.34819480486425,123.76607200920598,177.02815562885448,181.94656433230972,120.27551885008806,121.88828918717658,1
130.2886341589933,129.2073971024109,187.64959227148003,168.012017201069,122.3979210011149,127.19340140601363,1
134.55143010152798,130.19976731348092,171.22725268472982,173.91981859240056,127.77242255934743,126.9791849253678,1
128.32844086736145,128.9325828445775,177.82758764954337,176.2575710810941,120.45743804904107,120.23605632766308,1
133.36555849393713,127.43146280958295,174.42192582895785,175.1600926287498,120.55562941164108,122.730344508458,1
130.98795051779462,131.50221711547667,171.81018816749207,178.70555989848003,123.32238928785499,125.17099845046118,1
128.43545393989368,129.57215152754006,174.36196099834834,173.95822303493824,125.20076092598529,131.12312902110585,1
133.73926487981316,132.50443917875552,173.17499004879616,180.48037252520112,120.83006235564193,131.77032702086998,1
132.5994717875101,133.03647650041185,176.11168347767256,171.67687963861763,129.45257046308345,125.10757804182586,1
130.52844090732728,126.2132755682536,175.8261977928875,176.7661584808968,125.92661019766483,126.20022317222909,1
130.5664393875705,123.7403457096549,178.24344790259835,176.67853922700635,123.87518302870022,121.83003153796932,1
134.12257697763144,129.7260119562701,177.24106963871836,177.52008680344375,128.74946280035945,131.7898647440462,1
132.39722543154232,130.53480227609475,177.44151845299874,177.7242810321332,123.51875310699492,117.84091587687888,1
128.2186543208173,132.20064964587002,176.20618053861978,172.7790784076456,121.81121910131915,124.49355631874194,1
133.76726563125808,134.14239686922153,172.39063402189694,172.53967890314667,126.44599830672288,127.7896496490797,1
130.09646716478133,130.97149994675803,175.35286906580208,174.54530016641726,127.19420722931282,121.5934412167978,1
133.53310420089116,132.57641596614715,171.1951453116919,175.1228831044717,124.39739311636983,122.68468068827079,1
129.18440445064783,124.45931592310534,178.08284125944172,177.43371427471783,127.2186324473645,128.82898609816908,1
124.1906201353645,129.13157299099572,173.1306668916026,169.30165519041927,120.96764277224077,125.45747616463773,1
126.65729879878673,131.51722500080518,172.55448313819144,178.43277348412235,119.06191061845344,121.36219661323646,1
130.16792694881548,129.22028209311415,175.4883904534937,176.35198796946244,126.17740304429148,126.37065333781244,1
128.75442010103006,129.75078713863633,172.2173517595485,176.2098715031068,131.4931298432303,118.48142398224819,1
128.5291618791012,127.59674041477321,170.21298683058816,171.8270795068586,126.74785803538896,125.73035090027449,1
131.06944236198788,129.42071315078908,179.2966268381633,178.8520001701809,127.77580517366732,128.86466492216508,1
131.47288885209167,126.19576285889916,177.1104655884948,175.1450846035332,129.63935170225517,127.12093607054467,1
133.1426399454348,128.7412187457325,178.32153217074202,175.8511948218007,126.10068048786064,124.75947122922399,1
132.66040257126207,128.89659783727086,176.41253600971396,179.31556706922802,124.33763858710853,124.98337197990111,1
132.2383796111507,131.50348238328294,176.4338768258013,180.7945129110871,127.67696129005628,125.9086622354506,1
125.833211745372,129.71280851072615,178.17678099285368,173.31120620697527,126.0594557115157,129.8375910006493,1
130.28924153930967,128.67990416667516,179.45443814467075,177.0377499605456,124.84801827549724,121.42442094023548,1
129.95283310934195,129.31547869518087,174.2933797314557,173.530781342242,121.9317385599214,122.23208916602,1
123.53571549275354,132.1722133052405,177.1311855811876,173.51642220963728,123.92350949093064,123.52024654143959,1
127.61093534261559,133.41135211038159,174.7988059156164,175.9451073718652,124.48359608210103,123.35247594253502,1
126.01827304889751,129.18925460496558,167.47373057807738,169.1957177565402,121.2202287427344,122.39995186553105,1
125.59309711422944,128.98288436173354,170.1829335404038,174.94880113894126,125.95111424612094,123.96033934890811,1
126.49144201875666,136.81169221115385,172.69910891603314,174.0771601157977,126.22455763131069,124.86850180351018,1
129.12066444660857,135.49520766349033,172.58865391818475,176.13273814854958,121.32712939358714,127.88678073299404,1
130.53023883721764,127.95364452598523,171.59857135540065,176.13262391192828,122.21520965012925,125.27830347158904,1
122.4256244091219,129.2150331428733,171.98823465695153,172.31233832919216,123.22854539467488,127.8197182069021,1
128.4654110454958,137.95881364288647,175.05773109994635,174.62940060194717,126.43687957083543,126.6750401017041,1
128.45139247838935,127.90828140097462,175.64584919113523,171.43193749619317,122.43537347095703,120.19447106865157,1
127.53738656868109,123.95565098909334,173.10017216350786,177.05891491720587,121.93661961251775,126.61923085574307,1
128.96494651683247,127.8485431601405,172.3117178357308,172.32873746811018,127.14473681263749,126.73339864488696,1
126.69324390515007,133.64439381145596,176.2323666443758,172.39232021720207,129.8147012086951,129.00783661898478,1
134.07667800746992,127.01154424487257,183.58044068016386,178.28131025391795,129.68661608853597,126.25264399368206,1
130.854572814179,129.67011761040894,177.97551661186216,167.57264742116413,129.21901069385814,124.1089411962803,1
134.86832159263932,126.78253833756807,168.46741598936018,171.55635673685413,124.07756503002365,124.92607487837249,1
122.97841134140769,129.26065002846806,177.66527601412378,175.07864026645683,123.80243941356304,127.29087211889299,1
131.69118532407182,130.16543597195883,171.17941824920328,178.64917748914928,127.65226148708385,125.09694302339182,1
127.29445812879513,129.42348824630494,173.73415044134205,180.132043130905,127.44318265886677,127.73072330684317,1
125.1628150223955,131.0196904361445,178.82406737561845,177.42123454320114,127.67623821977433,128.87569829053314,1
128.9327085422559,130.68897741763286,175.25458860616524,173.0181696213627,121.57732659861584,122.71356059964084,1
134.31000577877506,127.99698452299387,173.82597357649612,173.2705695089619,126.52772258154303,122.5597857986394,1
127.26496860730596,126.2206091168831,177.60462051274013,174.5894269953924,123.31514482722999,127.41663980986417,1
126.39353466997272,130.80523111726657,175.8856379709337,180.19589942429337,121.51569722491367,124.25788954651611,1
132.8359554645608,129.48876190320698,172.37782662657426,173.65383968396822,125.71105380739729,128.95430273772183,1
129.44001199500133,127.78732949815867,178.57498785837552,175.79864789707753,129.15420142249377,120.15337970608577,1
127.26219579973495,127.06294730628106,178.0844826282704,176.36722549843503,120.2508173906185,121.46217360632546,1
130.702450570307,134.07965308568095,175.9658691977313,174.44744643981568,123.39781407282933,119.81623172158362,1
133.82104391828744,129.36998638979742,172.4783243602125,176.13260331159756,126.149019476565,125.01402938603093,1
131.9186000003313,129.35219440800037,170.57168159904947,174.38741433960377,123.9140550318713,125.25464913782685,1
130.92087285721055,129.41438388608856,176.80408503147092,172.73864903619514,124.15891262474818,127.15348993837551,1
134.64578069136533,129.4722353216988,171.6392976874292,177.2296391227547,126.6475811140105,123.78362052938238,1
134.65008782807814,129.96771840137157,177.06116923738148,177.0723486253538,126.44087026916469,124.25549796758055,1
130.90855971318916,131.09456150828134,173.00584599586907,176.42029518844896,123.3881855694484,124.94139865669554,1
124.6869287508323,129.99688881561173,175.13083837928468,173.39001649399341,125.38010569508812,120.60348001431981,1
130.59015181212604,125.26272111120583,180.2616138678715,171.62147224484715,126.3564615153832,120.25676768190198,1
129.58739496311043,131.01079123517488,172.89372381990492,174.6189444118696,124.32504288686621,131.7688145078804,1
126.98733401160428,126.76925792658913,178.20069013122347,171.87609369152497,120.21199279046105,124.52018564925115,1
127.0866737423023,131.38151815980865,177.60380867118857,177.00179671725414,123.99248037239111,124.64587088607153,1
127.94081584024022,129.86367718383767,173.71928903830752,176.2956544182667,125.80203669333933,123.65111033872253,1
131.34822068068124,130.69038128790453,167.15220328630022,181.05745095636863,124.62077497456544,125.57225037579835,1
128.74519560042017,129.61561213648915,175.67938364641853,176.33820229908622,122.09006973154311,127.67763014248129,1
129.90339807682994,132.79571076719517,175.7027357973843,171.32076187690268,130.09187016546784,121.0111230637942,1
128.72039707998897,133.02460100516703,172.79969544685468,175.04428601881278,128.91367447004333,125.50470457639011,1
125.91424123205796,130.63981876615478,174.62292217911875,173.69215064087516,127.33404323853566,122.09095158157777,1
128.85565223115117,133.77704199330825,177.16555537197007,180.3750687973894,125.19636670672749,123.95983366999683,1
134.19277824320017,132.01583760602827,172.78027248698587,176.10594841051173,123.83495244152951,125.73423431878142,1
126.65050658499754,130.41720502408083,177.52699086504734,175.26762984506615,122.139931218843,119.6957491605433,1
130.6934743365723,126.36991498167444,175.17169247073997,174.45393179839283,127.02561303936837,125.04066726435306,1
135.83584236254484,128.8380458963891,176.30549389266096,172.29965025555467,121.71626698214376,126.32509489517956,1
135.0598681496542,130.9888708045135,169.81176786246934,177.45157342720736,129.91701926618057,130.41247474671698,1
131.23790997778386,130.66165167499358,174.59580511990765,173.33511206763518,128.22466714970776,133.00117398460918,1
127.37657174360808,133.10237553455167,175.18521072439341,179.29598477984555,121.89614771762025,122.90086114648796,1
126.62122110811758,132.6914443791195,167.21740387221058,178.76426339624356,130.6745502780156,128.39346484944045,1
129.12608564565488,124.89840962508593,174.09237873050355,177.19782484728918,125.96612261430151,124.43279396311868,1
130.59218415920643,130.50767062434022,177.28446559024934,178.4585022654506,128.0573666810037,123.91635018856354,1
129.73362601301127,134.8793731415449,175.31125068478883,178.0699396105605,127.42539547247588,125.08111202755616,1
127.365729787877,137.59406737656286,171.1403673662649,176.9578770247815,125.56088074370342,124.1694221140246,1
130.11608859724439,129.6190927850418,169.5284634640267,179.26965856954456,123.2910027836374,123.16041176719547,1
131.90524994531208,131.9045816227362,179.59759781318024,176.86043834984036,126.20761948566182,126.35098800659036,1
131.38349609255044,135.79662056109137,173.81412828620768,173.135950880234,129.40494385890088,119.85396288231868,1
127.32131550116837,135.45410124509542,176.78019372834245,178.54630127697186,123.69908154856054,122.18477940952286,1
131.5791913245133,134.95149034187955,179.02999457407645,174.39705593702146,129.78568675994345,123.83485657776488,1
127.56511268478232,131.73602643578133,178.6482739275765,167.01783206775082,117.81324648595161,125.77361610064672,1
135.168301570381,136.6452385214342,175.60694382847922,179.78914446902837,129.12235812952298,123.88885980005979,1
128.4907629427628,127.8628440015127,177.04399451721682,174.35872811433194,121.51955467829235,127.90786696770638,1
126.3414604047275,127.9831821978223,174.02549892237238,173.38395305645986,126.19557460463463,126.83854528372561,1
123.84997697753849,137.8340363826384,174.1864986683224,181.5431691296767,130.53636322807503,128.44445856947965,1
129.02431675024923,129.37242731734867,171.34689405361323,173.10228181036723,117.06943963380216,126.64283861915527,1
131.440750516338,134.31155387189682,174.67543942440946,169.2900363340043,126.93394236509859,117.99603355096124,1
128.0720047744438,127.71612692273925,180.6603646099916,178.14857163606268,127.94491176977307,122.54219031694221,1
128.86090535914227,131.88551983726677,171.20536931798745,177.76931025431173,121.57227338965319,126.03871879891328,1
132.35486868556032,126.52032582455136,175.9525072970777,174.11041612364377,127.5608498118369,123.37130651858749,1
129.27353293019954,128.0420140036703,177.78279832316287,174.46037936358763,124.7529161518515,127.91917883765186,1
134.49820842705628,129.98452539508423,177.87992960989686,175.37485657539634,129.01158284661457,126.66460081397037,1
128.13329269357988,132.75452698531717,176.8793664543342,171.44835139143643,120.20319786698695,119.61902594993228,1
135.87327606923105,130.45618196624903,177.24079981575363,176.41956287115372,123.55519173802126,128.6191065672826,1
127.63970208494966,130.38852634928617,173.0531596405733,171.9068108011777,122.77383891572806,119.9578741022535,1
130.70106046798043,136.647296035898,178.62354066066928,175.49493744408167,127.06101947563263,125.27747762537457,1
133.32771821731492,133.1755594530158,178.8172840148155,174.9724534965712,126.64920346417459,123.021501010796,1
135.32755615776313,129.14334904348505,181.34009534659134,181.39943510271868,129.8906431312586,123.60067113181616,1
129.4417361721012,130.75308561886604,174.90448944329697,178.2934306341657,126.16296286789888,129.68579168790762,1
131.49480546929567,125.66286676455218,177.68075819201442,176.86591498087174,129.5402748544289,120.4717951274899,1
127.78320250725508,129.3048113732303,174.4006664930163,170.44715885930853,124.12148120247801,128.245392034196,1
128.63064158619557,134.4737373733658,173.66434235190448,179.43443399917967,127.39412525970991,128.90251861947362,1
135.12818902737519,136.27609919029825,174.0297367905029,173.93270729910478,123.51109394077494,122.7861527413956,1
126.33586409346752,128.89949964326811,172.12088273144025,170.83218446427682,128.15559739670198,128.08044007213834,1
134.78043496156113,128.95909017055058,172.35636710670988,174.32640447857176,122.26401363425983,123.32891273704209,1
132.8783008893967,127.99856806152356,171.7649236943339,177.44227110039685,124.42859769127237,126.50458053907056,1
128.8188872147448,127.15071998453405,175.59036482229857,169.13872762696684,123.97630386574654,121.12643508145638,1
126.10343205009697,131.47075720646652,169.9713380275315,172.4322754034716,125.73988855913251,119.56318904245816,1
129.1221527017085,130.645516754554,176.1980797674409,174.24918646962237,124.00954399269786,126.53246501599074,1
124.76042484357308,122.97259633766288,171.8684755653382,172.28352937387137,128.06228382707815,122.37719148364202,1
127.30193481190608,129.56785007539452,177.78496399562758,174.71378069179713,129.61264632612892,127.40919678733356,1
134.14317189124236,130.0026384477483,177.5715082003775,171.66645997579894,123.4433068796494,130.50191319711377,1
129.84909646625042,126.77958464486152,174.51768212051522,179.170878352428,120.49217557753282,127.51213630509704,1
128.47925323181323,131.08509516551638,168.49236656747735,176.9775905161123,126.80334750358716,128.73169232504887,1
129.840089097679,129.81893975075195,178.7919853184521,174.7902408991355,123.66656223186531,119.55034864814006,1
133.37275185153607,130.6155044997853,174.69957573274186,175.35606867827832,121.36076865359,129.81754922284583,1
132.88781567314487,133.13571002361917,175.63988694529522,178.71575093214182,130.861692551494,125.66014069374506,1
129.33283785603612,132.72893700324772,174.6229945249217,175.7240554603163,125.09356671339134,125.97347171559355,1
128.4718385064859,129.3146728868952,171.42972515902318,175.83223008439387,126.3548865661365,121.02139058394728,1
125.21681934386562,128.97670844642766,177.61928363573082,172.42969841407503,126.74057815099941,122.4575935040374,1
130.7992525635547,129.50091167483592,179.84218080070573,174.75387314798462,129.26827689624236,123.10799053651269,1
123.16084996939028,130.88176366189043,178.5254780381357,176.03621938500206,124.2530473105549,121.39883320079025,1
128.26655239634573,131.44639481080688,176.5710366781257,170.58088257095622,121.9756946825501,124.29143837160078,1
131.59423040972956,129.6830649495813,173.96045699352842,177.18360283723774,126.53622685460964,129.99355918324162,1
127.39415177674424,131.82049538775115,178.4961624881635,172.5595558744606,127.80570300022123,120.98227951029773,1
126.80444555507091,133.90633103689132,169.10372196398265,176.73963934651107,121.42125629131579,125.55386205652904,1
132.35131836424716,122.8170198921992,174.89176686360284,178.2443925853159,121.48022597486128,127.8957381716201,1
133.21972899312541,128.97982538107024,170.65210601640345,172.01490305408058,123.63511822875454,123.71121940079422,1
129.25364029010007,128.55310374700676,174.18628605271184,178.26848664020298,122.69791034507692,126.33930115340738,1
129.0928403573444,130.68701622079774,176.5947172182291,174.97542109242548,121.26051903865216,124.66846003921965,1
130.80999456453645,130.64379072883085,170.45407163626592,176.20000433152728,125.94776619375725,128.89804642679803,1
131.18648702230072,127.9523575784889,177.4172781059899,175.98169121868276,131.38701086189064,115.77470745843442,1
129.92149926547688,132.11155822813038,178.35167488075163,174.2451477382532,125.87562209597007,122.48615155832773,1
130.02184636893355,132.27705890461132,176.3662441973149,173.08633776591358,126.05291382115783,126.61575947516289,1
130.99937903222101,125.42674200224522,176.2909103271023,173.88916156625112,127.16374405843524,121.0254408726825,1
127.70060932501113,131.61044724255316,177.38256902939312,177.09777431726053,130.32942401363033,129.1865704144608,1
125.89123785842997,129.9992730973562,171.83047517250748,172.00335233183836,122.20016719206431,126.79367642640383,1
130.68744151713358,124.27091319003813,179.13207749574337,169.2037791455806,129.5684186155046,126.18546386848499,1
132.14381500643606,130.6069184938338,170.1117974706618,167.11849519365995,127.00805649414316,122.38347019454278,1
128.62987072582203,125.03298389701247,176.77952812463624,178.16579543975772,128.16405387524222,127.43006459344393,1
134.47666681583658,128.71784923984637,171.57362177494858,173.0481173848605,120.28692300043312,128.81629859837685,1
131.28520200176482,136.41097423360569,174.4238019032665,176.30409419135592,127.46356668787564,124.68420777931803,1
131.1632629361394,131.63841544649097,174.36428665127679,177.49499783095968,127.38182879487174,127.56630606317357,1
131.4139793955239,129.91614997321668,174.05073610378653,169.17070998901218,125.64359470051042,122.80760136329417,1
134.9930641395683,128.39025866352333,178.83712468511632,177.92976370056053,120.99311777212833,127.90506518267917,1
127.65237057879582,129.83031348404413,177.09744691464383,178.7122160369161,124.15940565391743,121.52478338153198,1
125.66844286038022,132.22363478683025,174.7590463676473,169.55294268353083,124.36056885777626,124.89378011565373,1
131.26159182651506,130.00429090910322,172.69322324162925,172.72333044632816,122.61078230674478,127.07580485454571,1
127.98916146343542,130.8109324628703,173.88570397190537,176.43913204919028,126.82563387328655,124.644987012828,1
127.98238357558122,131.91331107519127,176.4398207137156,176.43157004484803,123.81328016255897,127.85960002619817,1
133.6020664179586,131.08736993346673,175.51470871893704,180.35290025660166,125.94670242376286,123.93854258734137,1
131.11560723712225,134.6841079640457,172.8593219301861,172.41720157390603,125.87595774377185,120.50799137762725,1
122.04800932572068,134.2093500391423,175.17878175855734,176.41841001367868,128.84375532867452,120.01775690640534,1
127.58474190749527,129.67542807837964,178.65808375527067,179.1890783421686,126.54036771887326,121.92339596992701,1
128.84443481252814,126.69046999679115,174.97108393372946,172.66157714521643,126.49826713699005,127.7774007323607,1
137.30124406344433,134.3872642360153,168.43315334062845,176.9468110402179,128.4000665432868,123.00718450457833,1
125.61303212619374,132.06083890848117,178.23901376206408,168.40165875632675,122.35176752884782,123.2761942674842,1
127.18824077847098,130.01476352756185,175.54538484928185,179.4881960570793,124.23308821972428,128.54655396817685,1
134.20091101353015,125.31044590822584,176.2902368195838,177.85670461677364,125.98605526634238,128.4261117019235,1
126.54941902475618,127.15370691847899,179.70293859082025,168.54871553679996,124.1520240480036,128.577269663219,1
130.43356396427401,130.8219358303719,170.59160737970043,174.73409210192574,128.5188837964564,126.80084510220644,1
135.58246883245266,130.61707894621435,171.70682212231642,174.3246342298105,123.75208760804927,124.59619680286356,1
133.65016772376362,130.4857231672225,170.9668584534218,175.90504208214017,126.80793727613255,123.33968798089293,1
131.81036973668068,135.3248258212004,176.66605029165177,176.37626423056682,126.56093460608248,127.30411219773865,1
133.0723945502489,132.8148114204815,172.64095552400082,174.43830427242548,129.59095807975353,129.26299417087935,1
126.58568296539735,129.9124525067703,175.69663008382918,171.1101847073474,123.87267229641064,121.43713480368201,1
135.14956516517913,134.12817881365584,170.21676958708645,176.67919263219179,124.7135068871369,126.12765287656269,1
132.4053675316793,133.92549820433982,174.20558915684444,173.29027416125106,124.69049900960417,114.96840273888189,1
132.231760899536,135.5530049343294,175.46210506973736,168.95967530187116,123.1615867915624,125.90049174503841,1
131.05737248178292,124.42714417654031,176.50461373229237,169.50183460076767,121.5677721319536,128.32477733547455,1
132.86028539296277,130.01988724600218,170.10948523979266,174.9184043482216,124.86261904866944,126.28498954763356,1
127.94065436586705,127.20732556095618,174.33114996284962,177.06057973138084,124.18629800620228,121.65040330899825,1
132.79446065147292,133.955821129634,173.59187348538012,176.86444438746102,123.16470166038789,121.79269509307855,1
131.05657697887978,133.42843653515058,174.5931117581594,177.81925489036158,126.04627491108165,123.68608479825177,1
132.54769727804012,130.13339395695186,172.26238225037525,177.60684783275386,127.91340494032187,124.4194335678025,1
129.60439911881832,131.81500701300737,174.64225585851125,172.74815685207636,123.5819128762829,123.04330346806503,1
134.2269145017314,129.51532309532013,175.15243164446312,167.24940731702648,128.89174607513064,128.80404458809423,1
131.59752675679815,128.35255128799832,171.56719016734533,174.47018949478542,125.35913511544655,122.38232326534241,1
131.77234888004477,130.295546616141,175.98935924791328,170.83438782861435,129.95113609850887,122.66369907017206,1
131.67777833990073,131.94199642250226,173.76128039296108,171.76016058855723,124.33542388468203,124.63181208862854,1
130.3347891467711,126.87229834231869,176.66882674973309,177.73650332148702,128.66676034134088,121.52882113311158,1
123.51789047457821,135.16562257288842,177.63052522409708,168.64489921789453,123.23290249773781,126.74850807514562,1
130.18193299045822,130.36242090327553,169.9153936093525,177.12235474636853,126.81891440123808,123.03107219884177,1
129.4678823027857,131.3290665110009,174.35599357088185,172.9363131049606,124.50789953481441,123.65996306736062,1
130.04922842882084,134.42243346361437,172.81553839786716,170.21660969527943,126.96852925336037,125.01770505476681,1
131.4182083740487,129.74080404614617,175.3540198756851,172.458582309413,127.25313647760984,129.13209881170818,1
128.96937771650326,129.72471614856022,174.8387912298392,170.25478710618728,127.02186449532189,124.10770017098442,1
125.9585190531112,130.84949804429525,174.6832840089175,170.38851573906223,129.30006201218848,128.53031432280656,1
128.44199957647606,128.51506856830028,174.4266613098337,177.67038316518457,121.33341842486831,127.0409381999529,1
126.99245941712742,124.99602141580486,168.24782022719077,176.34510231758534,120.1560714818898,122.72148714091472,1
126.52257510132708,133.0908724587888,169.90889271562938,172.80366633880973,126.1349183371449,121.01020836015364,1
134.43447999075383,126.01471165166112,174.31826485984976,174.80286252885185,128.0489998068841,123.65486637077525,1
131.6374770425702,127.87399687629974,175.471123903176,173.47206610142464,125.79536163834942,126.38494777724452,1
126.0649823829702,131.1731862851296,173.6667515349754,177.34656109708493,123.20994973670088,120.24795127928027,1
131.0215236884769,129.14251528357656,171.26977639005574,173.71512091225296,123.90670962829628,127.75659430244072,1
130.3238462441119,137.92200644461275,177.85294904636416,174.15769047101742,122.70705300604722,124.26466654827935,1
128.16177735701248,125.87336482770925,171.45927648473955,173.27784385202864,123.8586847783491,123.60891514708882,1
131.52154832965448,133.1529427911613,171.1582698509629,174.42843500818267,126.93505171993289,126.14684936431833,1
130.2472363242961,129.5873202243037,173.65011547876156,179.92253438682866,123.28980766556482,131.63711344222168,1
128.90319381126093,131.52301005375287,178.39779028143397,174.7154182003983,131.17920555969164,130.99779733366614,1
128.77948766983798,127.64647178105687,175.31894341594673,174.83475501502676,125.11976119601775,127.05742258181029,1
132.94310492276347,129.66769422896635,175.1171722827504,174.36692158272285,123.05685908237258,120.68408769244758,1
130.5552053660007,126.87147622364924,182.1725974553335,176.54651188705623,126.14287124945919,122.71296244747504,1
120.9622329248884,131.33732343727434,173.72259944453995,177.30690385070758,122.5075543886416,119.11451526106362,1
127.86671554471451,134.0371654903615,177.5143896059266,175.86834810362407,119.37235222465704,125.24837295089813,1
128.32345077622023,130.70583836300838,175.08715605960353,173.60630583995535,125.14033684899111,121.32449107179274,1
130.21451915908082,131.63204698677492,176.81356712915488,169.51080197118182,123.65402191897995,127.54628115727043,1
126.2298604114126,128.9980703931725,176.52915108931555,171.06504409989444,122.15831637513594,117.55053346983475,1
124.55541390503679,129.24497518917164,176.60597939838735,178.78958012629857,121.33310397770543,123.61174907394604,1
127.20088070818444,126.54818833564056,176.05772565342255,174.09262793647193,127.7140695218632,130.81821540820255,1
125.90612784342662,128.02650671190534,170.41679893123373,172.2604764814227,126.7913058978184,120.24798658257872,1
127.3702645608505,128.38668359326385,175.3481804212694,172.8334634645631,127.3054126503116,122.66649738783342,1
130.2157193514108,124.44556276368137,176.7526261069359,175.62288637733502,126.733358646763,121.08373334047285,1
128.85604890387867,127.17118459791915,180.5790791675093,171.86437795658335,128.00882867640874,125.8445119888053,1
133.7470590683843,125.333466009564,174.57375236307215,175.73390918387264,128.4233396826669,126.91373645501015,1
130.41702229204535,127.01798063971016,177.98224368287714,175.71309961567238,120.15808090318028,124.85994129919605,1
130.32387102374574,128.8827317031697,178.65897609846994,175.4169561833216,124.96860756456756,129.79182772528554,1
128.98463266611103,131.03478417886782,175.3788234138466,178.03750436232113,122.4544744198522,127.24144651643661,1
133.2316984304225,128.67020752924606,175.10771362244378,177.3303369161544,125.29065641849468,125.55366825128984,1
127.75618757439995,125.84110236690574,175.20632881427716,184.4025670069227,124.6358768506463,128.20964416638023,1
129.4351577334307,127.78790276071003,176.85375967068094,176.34140480232963,130.34099635727,126.3867605316875,1
131.556744042762,129.48916910906496,173.4920589467632,175.9471027780644,122.8481411706081,125.80988506058517,1
129.11536197879875,131.1902792069281,171.56292007197897,177.05970318244246,120.92234732317361,124.98068191772214,1
127.72196200430801,131.60262760779398,181.765244126695,172.6097195877269,117.66877570292455,128.03776135143661,1
129.91723442638067,129.62797723259493,172.57925746351853,176.64504902968682,121.68577304542066,123.73253465794946,1
132.23434436048066,127.11036591293517,173.28500643256132,175.08641750696938,119.87097767670991,125.4238726885519,1
130.5476129610354,132.1805389968669,171.4818039645242,171.54371611347352,124.05068237248398,119.78455986811973,1
128.096426532772,128.28478503543937,177.6395818495827,171.48554684042915,125.08342667964652,125.79146886162636,1
126.49159697120798,128.942403988174,176.2932070819016,177.39165407155204,120.46523480947226,129.79281175236673,1
133.70479436372065,132.9989243853761,175.0061536702746,173.30368827276726,127.77583887516882,126.47174629771966,1
128.4013591931682,129.44621717918517,173.25916633440326,174.36600739757108,122.78268567932298,127.36507738749849,1
119.08601854812922,127.37034640635781,173.2466942511403,175.8247213236609,120.52420749758879,127.40045021330783,1
129.7359480154891,126.1876689323826,175.76744755902098,174.43705259222824,126.11143415134401,121.376028016889,1
127.46143175317277,132.53334550297282,171.94264315653834,178.11729070417823,128.469968931217,126.33103704375596,1
128.75892968284026,130.60982338603833,174.88014608270913,176.54744491495356,124.11364124654797,125.32468594157,1
130.90042327024088,131.31463674288025,174.34266100789725,175.97007856396135,120.9111380219705,124.30522382262991,1
125.90271588882591,129.83912761518368,173.4471227770456,175.680992190301,119.82739057313253,126.92452733656123,1
131.14076489748555,130.70996666922483,174.12749387490177,178.16321490504896,132.70437791324778,122.4005617729072,1
130.858660232641,128.39305527025402,176.27131792535857,177.64704056805226,124.07950446752763,127.13084158518157,1
131.38250130645767,130.4576749090335,177.75497895151423,173.6929052154554,125.35269269150918,122.02342654745561,1
133.37263395791564,131.60142519680576,167.03563544111134,181.272953129999,126.72107433699149,122.37948757392988,1
132.40837792466255,127.91668597019776,169.7555590291319,177.50473694242723,125.14663716208736,128.48892892695753,1
125.42220184329965,133.83321639447612,172.2455358420159,178.8309802663878,122.92431113069719,125.73769657032439,1
128.08348894343203,129.60902130177092,176.2688783344747,173.12377718742235,127.5134038975848,122.09447379450013,1
130.9115080030871,127.50178574424254,180.8812748644365,176.72698717754417,122.9768793676808,127.09243768280787,1
128.23351160694529,130.12455944031132,176.10390592042344,175.05938495156204,127.0585998077138,126.62623496602127,1
130.74297122522913,135.84279441018643,173.70564604622257,175.06457623820657,129.47879733577759,122.2199781397664,1
125.63386828849974,135.24847908072425,175.92620195552516,176.82131968677953,128.6738032327263,121.68341776073454,1
125.36282169736224,134.41478224532716,174.8804300058955,174.1821363311897,125.98696671274892,129.72939901760424,1
132.0337537351552,129.14491144217084,181.32647014313784,176.42127496175314,127.16417284939916,122.50780990166072,1
129.120368968555,130.21947565144802,178.23878739720882,173.54550794532983,125.50624413311522,120.48268268613882,1
127.79224612276734,132.34823039538333,182.00185427424236,176.86452067974625,128.42509063372484,123.81500107085232,1
128.99235509447206,132.27738942224147,170.38198424453776,176.19734509910987,119.44956805463406,129.28548443166594,1
125.94165907854385,125.33911170895368,178.2008493308857,174.1976379412892,124.14202338355169,125.69177159753423,1
129.23556268978933,135.30727558173837,171.76849079197575,178.1941945727297,125.2813689734303,123.54377519945263,1
132.9639066365963,128.05341854886493,175.43031160906196,170.9027095362155,123.09263892199331,117.99668275039917,1
134.3319483763365,128.53588799817356,174.8443327019233,175.3446872791203,121.87495415066938,125.8636192249386,1
126.80969154398257,128.0406091502455,178.40396260682624,174.79396426113485,125.41772995937178,123.19817353058482,1
127.92708852953942,129.42607764210257,173.5241895368715,176.4954422770673,128.84294269431908,125.12149146464974,1
124.91649627046895,133.0800248568404,169.20609714490303,169.21930149203837,132.53048510770535,124.95256004376485,1
127.02084809647026,128.01299953832807,176.99900590293734,177.19592797511518,123.29345050384558,124.50817523711446,1
132.7684209276798,132.8896023420361,175.74826235217017,177.3295543148454,125.43480482148144,127.27587146412692,1
125.79142485787077,130.66202165917773,176.15884143798516,174.45037453770124,119.74180409407019,128.73038021716462,1
129.06613209152704,132.3721030820482,171.51121119594504,172.05285971763743,122.83478929379773,125.3880696158505,1
126.51731156807281,131.05289534188847,174.67140263725926,174.65171864520931,125.42805301635481,129.04713255595146,1
129.0799690480238,128.51918624760904,178.4110200098925,168.75547602369605,128.05592032404195,123.99652789833803,1
128.93764698013004,123.34692803621687,179.20186816909575,175.35654790696006,125.19948404237836,122.0942391104033,1
129.5644042278849,133.84391249650366,175.6373203270264,173.25422506025126,126.99997185993774,122.59264107991754,1
130.52965394326915,127.21101213619889,171.48672549972318,178.1170039746325,123.42933981506783,126.45928053553064,1
129.21768818851336,130.48427331916415,173.67317097587343,181.2814656768584,127.31923930375598,126.86501614851582,1
131.41621975837302,126.34941403546111,173.24647423156276,176.2292614762015,122.88107419665658,129.85314306419343,1
130.53359583121033,125.16775579966645,177.22120684379973,177.83338641650514,125.62452822570737,117.98391653828139,1
131.0874340805351,130.40910122463646,177.92535293338833,179.98846716167594,120.04181103333748,127.8161923441439,1
134.70330606453666,127.34124278770767,173.11647917886546,170.56352756055347,128.1002904622979,128.4723701603651,1
127.00149737966603,128.81954530016483,176.31000108785878,172.84855599492803,125.49829513420867,126.96895466477025,1
126.67356407163417,130.1012817900545,174.5555726613232,173.61106872021605,123.5933583519785,126.53913475464678,1
132.54752400932804,127.3833917898887,178.7072149252131,175.015073863064,127.12203150695387,122.07179892607128,1
133.24813461591444,132.65179123910244,169.50365891881057,173.84399850502712,123.78268743028089,125.47232053801795,1
132.9335598194268,128.99082174315757,172.63902325472986,178.8007835322447,121.28441991162623,128.02463063472806,1
129.27644825637105,131.79575003683635,169.96531935227205,169.09789931532256,126.57234375692993,125.35528592320667,1
132.40526054991167,131.99563498427753,173.5110137803212,175.21871514147682,125.78326511134334,122.02038158662182,1
127.95875371017799,134.1963968858021,177.3042400177891,176.48293013666378,122.32240545795123,126.45551014118658,1
129.77594752550152,134.7508951415139,174.83000257783144,177.78508096509944,121.01822264080243,126.29254748865584,1
123.07226870732023,128.62945843757717,173.3958270757036,175.7331310401999,132.46451418734043,121.35467890858813,1
127.190763652136,131.17645886047995,173.1290057788079,183.1258618233738,126.5897906655213,123.54203117064324,1
132.76245434217233,129.0818910867291,176.56882561693232,175.54310255083882,125.02310052332639,123.36545552169349,1
125.66569399811631,133.56293314129033,176.75849775435682,171.28306412506478,122.2556293245294,125.242624704872,1
133.5690684019557,132.29109175647136,172.8012719899654,177.07089539848394,127.4414183738979,130.03355857108772,1
130.74998515859158,123.75352923679046,174.02950105723687,180.30823197907296,123.68675180201822,124.37005298374608,1
136.47841195992322,131.22524267018463,176.66250533734873,172.2086534402131,127.12695384433856,121.32620952495354,1
132.54199183098325,124.26395522331883,172.9150646007232,176.099719928482,126.92567095888826,120.22518657955594,1
126.68090430937875,127.42730439131883,176.16466692263,176.36002141251527,128.41417605986837,126.81925964877536,1
130.6824883929834,128.4757099140344,176.55033159082157,171.52914250477292,122.52020326366335,126.56339717054111,1
131.85892069697405,123.80441267523969,177.2423611240353,174.38405960442387,128.84908561655283,122.94544803543265,1
135.2801696548419,135.34823214618154,171.18533183171817,171.6454198485838,123.31682795246928,122.61432432089397,1
127.44288882009364,131.1956332523542,173.36277119915894,169.23937431461113,124.92395651303731,122.50984755002526,1
127.55120922425944,131.07090658761626,174.4095766390791,176.81137056158542,126.30240888867327,121.48725741931084,1
136.74808610951158,131.43141678019634,173.77719217667092,174.9610197228161,124.43059581380474,124.93754390095442,1
127.24323790644576,125.72060940412308,175.0724843046205,171.48781879838012,126.29869559679548,125.56315713933495,1
131.5875752052707,133.2703065391672,173.17729353915547,178.61753168659777,124.13515800189887,124.94556660462617,1
130.77891096635614,126.2610879784686,179.53813723542197,176.39089674967107,120.11236813154757,128.3216661556852,1
129.54494257499942,126.25220656642688,176.68228061993474,178.0578099726309,124.74726361378933,125.14023478422597,1
129.9356243646793,127.87268073000232,182.3935204833465,177.3120906477721,125.56881512492708,124.63795771323048,1
124.58106084029383,127.54901257588146,178.89920338153817,175.8686907103921,123.79079123608693,130.0901704355791,1
128.19631447515337,125.1586607263716,178.2243009922604,178.93515105195382,122.53505074611473,127.69982868551259,1
132.03996096257632,130.28961966166796,174.62412040125696,176.06855483639558,123.17356134219668,126.72174578148804,1
128.03106107906294,135.8151418307794,176.65767296086668,182.49504222068956,119.75812681792586,126.22355023187875,1
128.59980744102094,127.10096216547319,168.68277355627413,174.37628069558212,125.0580256833361,125.49520194645459,1
128.79297110411642,126.88299534125247,178.0460937258898,174.8950735032781,122.85298230218199,128.5817712892983,1
124.39606318082744,135.82016244350447,171.66504119439918,174.4653193091853,120.57208308344617,123.22663750766675,1
130.71711043618183,130.48900229196937,176.81546348283257,175.6048627018786,122.77865685908455,122.91399351071779,1
133.36960726151312,133.38334381307882,173.2586934264222,180.2769304665647,126.15689701904155,126.42190240806819,1
128.54680256899084,126.6409206042657,174.7087991867333,169.4382243094476,118.34680431104587,121.61084097877756,1
124.80408546011273,125.25717511234615,179.98549879655897,168.74170591114705,125.28337903893937,123.51682260822624,1
132.5879797718488,130.3679780255311,174.25810855753483,175.54793133585304,122.91194158454269,126.50923657008357,1
124.83494668316546,127.5591605479469,180.83187310339576,175.98553728734157,117.1248309241593,122.91427808462373,1
127.91234003836828,124.25293848172105,176.81977267504195,171.4726656400807,127.0871909337054,124.98770951253316,1
129.19307083920083,126.68033492704024,178.6904467937794,176.44907387043995,126.662023725462,120.47821018016973,1
128.7019271960639,131.19890037367747,176.28028231092117,169.83461315559632,127.90518852117872,129.12133945752464,1
131.2947818187213,134.20193577764815,176.99006230155678,183.8518836563077,125.28635283877156,128.5793567357472,1
128.0261483983153,131.08103981003052,174.61307194064597,167.2934723246514,122.02193084865719,127.24278459284545,1
129.78039932300666,130.77654371069733,174.6131491493707,175.22484418510385,122.1350322051707,122.89441342446699,1
134.02987882079165,128.4247202507739,168.14612746014933,176.67471851440573,126.97940833702242,133.07093979425497,1
131.7729388198103,130.89614470540428,176.25455696319142,174.47338393878522,121.42448215880815,124.58020143500342,1
130.0625628452169,130.87716912161915,181.13100712043868,172.31971732290734,126.25745979514275,124.70869852828942,1
130.46615279490558,124.75490766677943,182.4074925378826,169.0943400499871,121.63029126902455,123.85462379214744,1
132.94724534441687,131.29639881382383,174.23543596859878,165.44098467389574,125.49444997777255,122.96293475512574,1
133.75481555438643,125.93886894941954,171.10066955148167,174.40731926880247,123.05366894514613,122.11079160805897,1
128.05347515193935,132.01258211708273,174.89817476747393,171.54688433074003,119.08933291713721,122.34500131422898,1
127.08505129148217,124.9761950831572,176.4876701310062,172.25241391324448,129.22506041372725,128.47637370399403,1
130.85604680246072,132.8099523160832,175.44660399067473,174.66038028032543,125.99765737418413,127.68504735944411,1
133.6910246370361,131.67444292191368,173.84840863244563,171.17930448804975,128.92115332363466,122.45748040982615,1
132.10051969312735,134.18057865099973,171.998985881931,173.9422795625603,130.6207328721779,122.30047639579169,1
133.99002767871366,127.27145803581189,174.41613516608717,175.59280825746677,123.66802273287931,121.3056613150499,1
132.03606655376657,132.61093973205462,171.62821763422252,175.99002899244252,125.8713965422151,126.90971002556269,1
131.57786218964785,134.58289126184175,179.19740093755402,180.79194586183226,118.73276172149218,122.44733894724031,1
126.90007198935216,127.1613338919077,175.88436335671256,170.19312038804617,127.94421832880886,125.19855708587205,1
129.9054824062971,129.64095269396546,173.53849609015083,178.8130746919656,125.9976585170242,121.53858655142503,1
110.90298548999968,148.75777171566176,193.88708999896795,190.11683063356625,114.40656231084093,112.53989102074665,0
117.70277102773242,114.24021277871461,185.1004947219495,163.00468808307022,114.83964342530328,109.75145583353424,0
114.59944859093511,146.1104792061326,190.29408440416313,180.42078212410374,122.56369761522652,112.9603245426618,0
144.44611781176232,115.50310341825762,151.52228269104396,199.286290605305,112.13680307387183,145.8826720999702,0
155.00184840429992,154.91182401803036,182.6044094834048,162.74284985597362,101.95454088925722,141.4604407124834,0
117.26063655468552,149.4117149469542,191.1643607610999,158.2394036545894,142.71664384569092,101.55771924023436,0
136.20338331299155,143.01613191069805,189.38480493284794,196.79523546094734,136.64293227011876,137.9162466918784,0
108.18731745191818,114.27550956186722,189.88649053611655,187.87057928912935,141.4716841200919,106.74860840169971,0
147.4368490750743,149.8760928594487,201.45681593873894,192.78580230238293,116.69630034544441,106.93330551850484,0
115.33082177409916,115.38380597252109,160.57774807917085,162.23077027640994,133.1868058219572,106.89846961130911,0
108.61678617778925,114.15350776476959,196.96442922853697,168.37951155673713,107.87507343959919,110.4770480173599,0
116.35014037525802,147.82865024876645,169.90918050905466,198.76738536068393,137.7999984095082,152.89223636033634,0
146.06131573428942,146.70509470038178,200.92556534001048,185.17508442572313,121.76622885325992,119.26863452856888,0
110.27008162496838,121.03826539069763,157.971184384479,181.83398200386685,112.9373816493583,146.60338532698566,0
115.11514511346407,145.5978070948519,158.50092144846317,180.12026306830998,106.25346659749528,96.04900963190273,0
113.77804011744377,141.50163592125796,162.1332752865422,194.02652954859855,109.52916734589948,137.160096804081,0
149.63388598651173,142.25032933937078,161.67252582309823,150.90705752697832,109.04375441337388,135.23174933553625,0
145.48191592363173,117.45492828400278,189.53587873856625,189.15466422078092,101.69809900916323,138.3460572963113,0
109.5772614465953,107.48285321581379,192.57396034213926,155.98879253801044,110.76777002649469,107.66176091184722,0
144.73041017060783,149.72160731766124,161.65376404716244,189.15394703844242,134.53711274034706,145.4107845288807,0
113.41004980078004,146.40532768427173,158.71426081770642,154.15707100101264,134.3117387954287,113.59418128100593,0
112.73303168595307,112.08610231865458,198.44332157650015,164.1396642089521,109.70789366999408,111.93917282447484,0
150.738691970813,139.25292265031942,200.64704897019325,185.53405681977065,112.10272082045317,106.18119791875539,0
153.33106622240766,109.88864571761957,172.01361241459998,149.09354391897537,130.16713368274927,126.90667296263356,0
144.3110233895104,145.09661631372114,191.9898051326057,169.69383487321235,140.33073765862406,145.46519547777297,0
144.42784202425838,113.4604984648859,200.58453074457418,192.24512647120582,98.43469821168271,145.72349911408637,0
115.12743196784243,114.03755091250552,190.72141437406472,193.96492331979104,110.66926977182048,149.65566008381032,0
154.32163902153138,112.49276475111432,157.8974545518818,153.74263763697823,143.6872365641696,120.70353654532752,0
113.64815701673956,113.03481973177537,179.5183393417991,150.75141761845393,97.71937850887839,110.3247396011266,0
118.09273431898039,148.1105470533066,189.4306427014813,171.85669849197834,105.04635822783717,151.27959587207422,0
145.36498252328468,115.4298398755346,178.83393846994926,198.15659805285745,131.90911897346984,113.0605394267403,0
134.3885387522613,144.13015792301195,186.02514088481203,191.73471424719503,106.31630869969611,134.30967889907447,0
146.0506898183791,106.23963813134012,160.45673799056306,159.8378669706375,147.14028982762684,119.10227025203451,0
139.93282368661554,143.330484728576,202.93507564266758,167.48338241451748,140.91309799307,145.19659496310067,0
112.19040071338621,104.70254630854929,187.44966458635852,182.95074210636125,105.8284562117774,112.10530504164852,0
145.60792536650553,137.35088199696787,181.2354429839514,160.7880644818727,133.43779189762344,111.13502296071769,0
112.8657010717945,146.9406200684969,180.51730622987213,154.6707408913974,112.54572388467574,107.07508675936143,0
119.10828288730444,140.580468913791,197.2706169750704,160.35488035312486,137.93519091656952,109.4916143046547,0
143.1876973161656,115.31373764260265,160.38180982909316,160.54014027086117,110.6692145247072,108.70622675536444,0
116.69204819069938,118.53191534136096,156.69194572008533,189.07609815581438,120.68991823242595,100.98753668696774,0
111.86812683149225,141.53340345670858,182.13704702959845,169.73391111621817,148.4942521766148,114.81184840217081,0
115.18048582195262,118.70789127142135,187.989809311454,152.53228691122814,118.09134026032785,139.88890087142906,0
148.26745987113156,151.3734075219831,167.50298849994854,152.62075542828788,104.93991441653645,139.09197172732627,0
144.52171027352756,115.05043231217627,177.8848195129656,192.0155474581271,140.9110474000208,145.10828179842866,0
158.46143005306962,107.558992204623,194.702184391898,185.23168220301528,112.14936405500191,139.66820572782407,0
150.57378848458623,144.86800625858018,182.15036627640777,167.60682933680644,134.7539654238633,109.55280315546162,0
108.07608954940807,117.07546852691138,159.26231660611705,192.3433669114747,131.21893097036116,145.11012312697034,0
128.7524801219152,106.41094479225706,180.74529653366378,154.5009130850178,114.92147783207335,136.17007471400282,0
110.67244883532476,143.9571187509354,166.0120294510924,152.7482392576406,138.64808582070773,145.47933695208187,0
152.36345582455655,118.52712333422748,182.2598492032694,193.17600907606325,149.20234054135997,112.22730111897921,0
113.73518164828931,113.59753917769007,150.98350331741298,181.12142237306742,144.59536861209446,148.24649076773568,0
140.2333960010464,140.0767782980972,159.60573458852258,200.5191480430566,144.22858578446605,133.82529661784653,0
122.09537510408909,148.581817593016,159.64460020377157,197.10120750826442,110.4818890487246,116.11776753700909,0
147.98235237709582,111.73336893741218,167.0916753462507,164.51168470580365,103.29244443841944,137.44894649635694,0
143.8659247474647,150.4917571914052,184.70124298677038,185.2051523918128,105.8416781813513,138.59010220659286,0
114.35823335439957,147.83653304152145,194.72645477098777,183.34790239743586,101.15116679081666,105.87556963010006,0
136.0281764647269,138.24844262125268,186.95825681390133,159.76820806316388,138.76285377975765,108.80957527470417,0
117.9146730900887,116.28165511494463,160.2047784239319,179.58225648222964,113.12124895646505,100.72057768714537,0
117.04702766834923,108.06345221759895,178.27416408733114,148.8344277678192,139.91928147968284,108.0967792428208,0
110.52168715533362,142.1988343353197,201.21795619337036,190.35360311225548,136.18298717301343,132.48166193103393,0
120.30100643809128,144.15074600352293,154.4955314675826,159.95011618857924,145.9194943793834,126.0102388815265,0
108.49458645441959,142.65721499290478,188.83338696860378,193.44680544483003,140.85365410526072,103.35332411777598,0
110.7003770105502,110.927955809209,166.39688746498098,164.69948937717487,115.71707633597848,115.48624556079466,0
117.99160932581216,112.16483740774245,184.75519946876875,187.9664496311368,108.52815908835717,138.53231948343702,0
159.9387926006942,113.70317007130964,160.15173583968834,192.75798371355242,116.28948122995646,137.75603930768958,0
145.35946621848473,113.73007091916232,195.9550931111395,162.07997441734315,138.89552370583766,143.56775661609794,0
146.2601538699974,120.68293444269469,182.66152657762774,163.39194851516518,111.56282906394354,134.46038141993637,0
114.08371538171448,104.12997877884219,180.5750307343256,158.64332572567034,106.06641098260243,102.31464053733481,0
146.57630768769982,110.49871583665347,189.8191132177989,186.41298061316357,149.95360049164984,114.73883552551308,0
117.78183658821472,146.50460363809026,184.0707256715086,168.99193536675926,120.46151492258332,103.82769816691517,0
107.06973412042197,117.90786215219441,187.7596945389945,177.8020821428942,143.68252441878172,146.7472485581144,0
144.72011811282243,117.01102886135952,196.10334795156473,190.9765484653988,106.6588750573142,98.80172115206786,0
124.09311526203192,117.47846633624363,161.79858899531882,149.45937572594073,145.4455263642163,111.95615354057307,0
137.51970284277064,146.3872193225864,163.89991606179606,194.2994776789106,140.25311639922325,135.66033243967684,0
142.95406352721912,148.784736685182,192.33147203411104,157.49661207406402,130.12272113556406,113.93378853220625,0
142.57752882945604,142.9530886536422,152.96298346974575,170.38552292734127,118.12901584101908,108.79451748066185,0
148.0617973551319,142.23869285872289,181.36596218534848,163.84103287433732,103.27365449209312,104.7761660181992,0
143.65490247304564,149.35567336471013,194.66615962020936,158.13111516611704,139.52822508834842,150.9990277796053,0
135.57700557463983,146.34990861575656,162.4375217138625,182.51986607363455,135.3871740086674,107.33337838440904,0
129.1647684436334,114.55495378363909,189.0261031032811,163.02601317146198,140.06697145703214,110.06504004355553,0
127.77106933314111,154.65208141894902,159.60847786821037,161.80368989643605,147.20325961140324,135.1273897856984,0
143.99772334462318,112.40148801593809,162.23493989625646,189.1031919467728,109.3795364578587,138.4720665334776,0
111.69320338386697,145.71637322194718,188.37196080038186,193.2149108662163,145.14234868855792,144.29044613081706,0
103.51853894347268,143.95158787172147,153.86236876616988,189.6250627320107,134.8991718961955,140.4202710466318,0
117.40467465322747,147.1349501058066,186.8205818142446,185.2987488481666,145.30230652834396,144.2087785972904,0
148.38694303915617,134.28321396925853,158.49496792838838,154.57879228016856,138.85711760622996,118.61277767453497,0
116.20147726725362,126.5201004725747,181.1579498734136,150.0817266473385,139.8892558132122,113.72235959116684,0
113.85205840650326,116.86313784698983,195.80381161551705,205.8123678399518,140.1488665570554,113.08480025162059,0
121.77475673948042,142.06454337762625,163.61072821891153,185.83924454776442,129.6106021749636,101.58579687358448,0
130.53081227962795,115.57037235480563,160.83552627657966,164.64417066862953,112.71087650000212,137.65516919176568,0
113.03947141513211,141.57610688764498,192.3691047382341,189.75074715981256,147.96993785925517,140.8274340762233,0
112.32204491948619,128.80055979933604,194.7742609192602,152.69227400534658,107.14185420598874,108.1765342072816,0
143.58200621361297,142.05988875689673,197.04483988029799,188.58355276029152,145.45180011008298,139.04999190155695,0
107.32417657619474,140.396542054123,191.31064960808703,194.99323087908851,116.17649978305691,135.41723476514835,0
134.41943933720643,138.4509546498204,166.29707203237868,157.05441473484987,114.35820004784976,105.77924482685623,0
151.05520454226553,118.38262773679392,170.67470043302927,152.72491688088664,112.20818542164739,108.86590281797147,0
148.21124604859412,145.9466430350575,160.08546093712266,191.91807131404695,118.89497042261986,139.23454450158187,0
148.05426434256265,120.22495256894805,186.76138333847757,189.51734824487363,141.1896178688321,112.21211925537274,0
142.32507618198355,113.81236991284379,192.15714250022904,164.04437100816816,146.73387358512468,139.19029928208022,0
115.93090914404327,150.81831066342386,184.98872291806734,164.09137284515472,108.6498883392636,139.43337669357038,0
110.90216310532692,119.55748015809867,164.49769675431534,165.4833815734904,100.42740469776398,144.08789356899376,0
146.47138148234686,140.66449929969224,199.0208337501092,167.36014189101013,135.3887216331219,107.95789590152647,0
138.8232231919567,140.4391634348568,184.11995405905643,189.6489211511105,108.7804203666472,101.20484646011391,0
117.12541992309491,117.55543611370915,163.46274183634762,163.2584105632161,147.8825262597501,148.43711146581134,0
142.28015580713426,113.59425499990125,188.80163740167717,189.8981298775461,109.46904197301309,117.23304466478541,0
151.90141273602916,105.15974208793568,189.6976370352418,182.21073526067698,110.26895414351684,100.38652618116492,0
113.1713684647899,114.98370246900528,191.30500928312634,188.5888218665898,113.91196698893152,154.85784155658652,0
150.30958721777276,143.2320865170356,157.4259136786368,160.02877554607971,144.0786167229685,138.88649842415677,0
140.7190672573988,110.68112340314286,160.26434912161437,194.78097961483155,146.19740946773638,148.85976133970775,0
110.23746402344531,137.42776652629342,166.665426023165,158.5559470182579,114.11390263176754,103.40031217327471,0
121.55447937302208,154.84611764035603,178.53085290371047,166.55977442204568,131.58649212808325,113.9993540500551,0
144.68212344731444,137.1039113571698,163.94053518219488,152.08993258553164,110.75108959264806,140.83888155185568,0
149.42234146423482,142.1689143653808,195.05735256624354,185.97657068564476,137.96023349898292,137.61876477862606,0
134.70339199164937,153.32430029056644,188.86832365666646,158.09573321529578,142.3569084322689,113.44620917265168,0
118.70385404027145,115.76444719852714,159.097389088356,160.03468814486715,121.17921064594533,113.09625306884978,0
145.673865350626,154.27315031399718,188.98270193403167,155.56669876063697,132.66902949370183,142.99053311212796,0
109.21646776141479,141.8370513584128,195.05262327918874,163.84387361462626,105.31156392463856,101.34049473078095,0
138.25814019687996,110.5993112300413,201.64253802192758,186.6543595562184,137.42528306259607,116.3089693149358,0
120.37228098589001,113.01663377128203,149.19220867751514,191.29965891847405,110.84957986971013,107.49709908501153,0
121.90243718316086,137.451876092585,160.54223746599226,198.2287714830001,102.6590099616495,108.29912219673021,0
143.25989262290287,106.09128646598579,193.05751147084422,154.35861772969935,109.85775835453256,141.90179948822677,0
111.97174917421103,115.93910735144857,162.78598278065022,149.84162034223394,113.07074918280091,110.65876702390302,0
136.8099735385311,144.8049138761353,172.20485415238383,156.5270479744296,135.64538039796057,140.81127110372321,0
143.88314951723936,115.96198073518765,191.1622171995691,196.6761698278322,140.25142439863322,144.9603636202532,0
107.59809937900744,146.36562351753636,156.79078736880854,191.76328701192696,100.02053476897973,107.87147664020327,0
110.45484434753237,109.48084464588192,161.64940073617439,152.27886127112677,102.76859460996117,105.47160086310676,0
149.216598676654,113.57967823134057,188.60544503513512,152.65067277232907,150.97462933700083,112.8490794481949,0
103.90641465968544,102.42575157584342,152.31042251202038,156.75755403404926,152.38124171075458,106.69874403306629,0
119.65511668249968,120.7594740049951,158.63671340994017,146.01699774745296,102.86676232464002,146.96917837413196,0
114.56247673262135,145.28895988757722,196.6527052739518,192.14776588952708,108.10072333238703,116.09535805904687,0
113.8856109355291,143.92801397100095,194.1309701445893,161.5168159424005,141.66495613731388,143.12385134494502,0
153.07275323472226,110.2919308689848,194.18173595555152,170.67746138470278,131.27640082482432,112.96018673484578,0
112.04997556818411,134.0429422516304,194.9895742609754,188.34472788079194,112.4336711879231,143.56082653771793,0
125.05201215617622,117.25271624731026,162.91989551277214,181.99069980220645,151.4888918005904,142.66417937325264,0
118.90221437377228,135.25903159558902,185.67077489460885,156.8228774798211,112.32838916572612,121.22938804440832,0
144.82042425578655,117.08677140431386,171.4630641442193,192.75965657976522,107.85186838883037,133.20821972643688,0
146.115612653316,150.25167558036833,166.54345838511057,155.8093418195917,146.98314475907705,140.79134256545692,0
111.38722023671063,148.6688880388563,164.005101041545,156.7223757623395,137.05325348287886,145.4106110959372,0
137.49569068128696,126.26133520471576,194.3462699891253,160.03282110303317,121.34402187573717,116.3246285088986,0
116.27507717441614,114.7412894160953,159.20623932059493,198.01736328822972,140.3542827964391,103.2448524383401,0
141.1514314311416,127.65555381120178,163.79715946612242,155.27460327390907,107.19618530371599,111.0669001892892,0
139.37073906864077,108.43116398683478,184.59622242829096,160.81525675910788,134.60339314140163,134.19298069152302,0
114.68985278603286,112.97618375102198,155.43172621015188,190.8020162078084,135.2554078990687,138.53471832931845,0
136.8124597210508,139.9970720136203,191.44045490401095,158.0880669799768,140.25373257783062,101.47346956194396,0
138.83013713192315,133.79845909059105,193.74129236251,167.80135825464174,100.79997630019395,111.65358368217811,0
117.44364742982405,119.89106842030792,168.6240004731761,185.38043712998606,105.31032856340013,149.9926879933435,0
110.33621108581664,119.73424350282332,185.80744606160107,181.22165889391616,105.20145352397388,148.8621290620533,0
142.25995327462107,147.8527733288638,157.2087760985221,194.38293231775012,148.2239563059294,108.15651757819369,0
129.51665988585904,144.96177894146265,189.765773812032,156.61706459717848,108.5831101281192,114.77421556599045,0
154.88423243137308,119.83760433086584,156.9241277103453,178.9284340061356,144.60753379097676,137.30191445453616,0
109.06308070650509,122.0816378213756,163.71819961868016,152.7011248837484,115.08982885817547,137.59293658116832,0
155.07922044946707,152.02764864374697,156.0430902689979,187.94839199930874,141.27055482147966,118.65332682123591,0
145.81967959296978,143.75588732537526,165.44902442529184,195.99733452905815,137.7711993053561,107.77098652750315,0
147.0469338912665,115.42468636685037,158.27782212381325,190.57253720799497,113.00598597023601,140.1918247566952,0
148.98117705465577,142.609929499314,195.4947085103968,197.62292997242244,106.9695274931002,132.51185922537192,0
107.76347779790144,148.3435201200046,161.8477490558316,182.3728643063526,111.16840623322841,126.75373279006577,0
154.50369325280386,110.65107248124366,154.4477210375119,191.76445466973223,138.52905095126124,147.2242186960782,0
118.45377040966211,148.2303933825098,190.80586190723685,180.5797386265168,143.15306130706801,152.40337520352097,0
119.84840144792,153.63953991947065,161.2401831449556,196.22227423090206,146.02044708246265,114.8095797140441,0
104.28779126362092,143.2993900917516,191.4844524247542,159.35058864554534,137.12935796925345,127.07682416091187,0
107.99202597868157,109.52312556739928,160.3420678989065,190.3237851890652,106.4345313910925,123.69129590580637,0
107.90743856884649,140.54273223312714,159.47996499352408,147.75612104926753,100.83403772704926,107.57964930948475,0
119.86586679228756,148.81240960996664,194.41476982718177,197.242458941793,105.52365397900734,92.05338450258274,0
145.3934634483905,105.66160877849819,200.1598730430479,154.5982710049812,110.46118790774051,102.27935133172724,0
114.08493124066311,120.04518208897753,166.6063237027307,185.55281184038412,144.83002972979241,138.85716027184654,0
110.73487839267483,139.60606784831856,185.9925772880866,190.49508123592327,136.312416028311,142.43977988097305,0
108.33858551712547,124.37428918757223,165.54831993877153,161.93918572037944,104.63287707663147,106.62155612979561,0
114.63984354270045,142.29399367777364,160.70782596109393,203.6479641953045,133.22730535661188,134.68405448405733,0
149.50485509279062,148.21645485813838,156.59513496717622,161.1301124000753,131.12646920885214,104.27071552665079,0
142.2720055633103,117.61491320729037,161.64223826333102,191.76500453124183,102.1756011290555,113.65482248324888,0
118.54894999067662,146.09593966495834,159.75239672050168,159.62401610137138,110.65061707770758,134.08372444636493,0
154.91334361306843,122.69973077169337,167.21713806977084,153.92616943265944,119.89393406808028,131.58090633336295,0
115.33214372434105,115.22501576150977,193.30570426461173,191.0941324381503,134.4920571554024,141.10979258818398,0
122.98392305621732,107.79396493672124,183.9999881051393,165.1004111679116,100.78211019673292,136.26637301664908,0
150.00179508776,150.2776592581138,157.88444759984498,196.5690525120838,102.22667282112035,133.13107651997495,0
145.7928507462293,119.3240809527657,150.1678008664602,157.0366401548755,108.55389321567087,138.9802460294273,0
154.40790281471303,115.73528632228644,153.34289520943491,196.44083133418064,114.84296835693111,132.5417417926388,0
113.99172790384655,146.43018084795884,168.5173972681328,188.20232613440297,137.7983982900074,107.27608809309051,0
140.15254858792306,120.69385262346432,154.73805209618595,193.68785323787165,110.33318567080863,133.87285197730858,0
148.81952830711887,135.93634813023172,172.87997124771786,151.32993277854072,138.5914983843851,145.10306748839432,0
109.10813624516491,136.7839801028748,186.15443624902906,162.44635943782393,115.89985334496633,107.57291859433924,0
148.05948092374865,112.65214625531397,192.08140902731898,186.27493036584238,136.91459587301551,110.95845322299105,0
118.45102642637404,142.67718570275585,183.53549155027932,196.6152701731514,153.94549504395422,106.23722564188961,0
118.41656521697418,144.58806830275506,159.8792575201848,163.68615802330973,106.177693755401,144.65257494663337,0
130.23904852924716,141.77990603409282,183.6762559630209,167.5471554733792,104.84657447099787,136.9393874333654,0
112.59677637345511,116.09580518956199,163.64442155406044,164.34843495130983,145.39334537810836,105.50512530879817,0
153.03066693079367,113.95233073724216,160.3974258482167,160.93435111034378,137.94863745034093,106.55607716037329,0
128.99545996538404,101.67365244418419,160.2444997807067,181.9396992911123,111.50915569240286,112.7540889334539,0
158.06349939617508,152.23432267808687,160.08998962755246,169.18266887496807,103.56976232181258,112.50350647898672,0
114.75212907901002,104.12024688099943,150.1294253648713,190.29583358475128,106.29610665841075,118.78980243870808,0
123.31338969198717,119.7757050635913,154.50239324512802,161.65419296235237,121.42807753671423,104.33014335368959,0
139.4192452701412,113.68970266586248,191.84727323461308,174.24662240159577,142.83422800691645,103.75718579278562,0
106.7849130927985,154.14633863640287,163.66078672766378,196.66123542294378,139.43654893756735,100.77044673555191,0
108.54643897047177,155.02609815856266,159.61034843309403,199.97988670521613,104.68746443450297,112.16439930662135,0
117.76722900692367,108.73903520317855,193.10900514262016,161.72591794953152,130.3439226519135,149.79180098264567,0
118.87471205979159,148.7885621088349,192.62557249487946,156.11389855266094,133.0745395895612,138.8954623858577,0
143.45714431259347,141.46146923516974,146.59245816122294,191.47112474443628,144.05506899480406,125.84693769097929,0
143.54769587056026,121.16165663856665,149.94804106587637,191.23548180607463,107.10190934583397,151.5754305262878,0
153.30896643523104,163.20432794111113,185.40221203359698,164.31677355854902,145.99967403870372,140.02217095447472,0
109.32280050067226,145.23270469798197,200.21188078749367,164.4668748343979,147.75256248338323,142.7100275980272,0
115.0025420398367,119.3863920957975,194.86651859221752,158.02916996873503,144.6902274603857,132.0891288022584,0
152.86478429145868,142.88850413037986,186.99088642432105,199.24980664211523,140.53837551481382,112.42970165282394,0
144.20692729778264,145.48712503057675,184.11893098875896,153.5934618932772,143.2094397449437,96.15155721614659,0
145.90344625154955,104.76749658717023,190.10858127268375,191.35468405267284,138.9293771984353,112.31549910542503,0
113.08863649347306,108.98359893486679,202.8340438879147,197.61456612189875,108.82596520725872,137.99285687940755,0
144.61055445011291,118.64645445515673,162.5659667885949,186.30290527445965,96.82942154282537,143.63514371830718,0
116.39386465519902,113.36420512676636,194.75097723361375,158.18527745966733,106.16922215500121,109.00549495596123,0
121.30527871222264,109.49860680236078,179.8450330175134,160.8303061225361,146.01395622200667,122.46710754470845,0
140.07370507491956,143.61215210868798,152.43828031657787,197.1911792751568,107.5716998943712,109.48585122655399,0
123.78173470975447,155.5000627909893,185.96045945277314,196.004799248903,101.71034051404712,99.09810768108407,0
141.29128130740426,112.95082281285147,147.09750085078025,191.82662357963102,140.52618914338507,108.953820199248,0
125.16212060098508,148.63205969143226,180.89452345272596,160.03171387375485,119.38600501530111,134.90415943505624,0
142.99342005174708,143.30982997658086,149.08628169484155,188.7452686590203,140.03629909949507,111.57442530029343,0
110.59995406694007,116.9145593368026,193.99612049032265,190.25953018927862,140.22733784036913,147.64066707676955,0
114.08670526303095,124.630715867037,193.82193486537102,166.45809252735464,104.61223907834892,140.55521535458058,0
116.33768844162913,146.23390052138996,157.2594101358962,163.65991286253146,110.85200626972888,111.36150301557262,0
123.94650081430727,120.24012220272525,190.62954102445042,164.86257905852062,107.38163616636712,103.63326159509815,0
106.51022336106661,152.3003342709434,165.32830654148617,156.71114758962008,115.27701888177906,138.3642773698105,0
105.19467870920317,139.3850256913966,178.88668714804075,155.4305704155728,113.13272280411725,108.23843426830635,0
145.56678492173245,123.0910291594633,164.6504065267738,160.0706998502656,145.08951486553792,141.26040130013337,0
115.70011463014254,139.28236731329963,158.04019820571725,193.72548152596588,135.46601142999683,106.81217074522314,0
112.8452423381917,117.96087992440359,189.25914561154968,158.8380820607804,127.86457142535663,115.83917407465691,0
137.46885051270223,144.05574687124124,160.42199828105677,151.21863366768213,111.45653748169411,116.02002756998256,0
116.89934672609812,116.8517153310578,162.38992609731406,155.8129542630206,108.23715723808102,111.10857750018154,0
153.81723880605517,148.4991213206804,194.54860492991915,167.39637156263993,100.25071961855939,142.92352953734533,0
111.40855392236391,149.61135148209658,187.42951468719264,186.37343248326115,139.93009231943128,136.28375884753132,0
105.3831441589139,148.32580487901757,184.24826977994934,188.64410826762952,144.4148157035575,146.81313083340447,0
148.15486827689637,117.93571116271492,153.1049156019052,165.94866958549207,118.33301708121552,136.66563097324996,0
141.85542167345932,117.54108406717167,190.9691313098819,187.82896299382188,104.02250120388956,143.68250113387245,0
112.0459282263416,118.64925932798802,159.93260714385409,150.61378658460615,103.45083007216533,107.23091540130568,0
157.17765946291888,103.70521668775194,179.83666165717372,165.02606024425995,143.67427224656856,105.71194196445445,0
115.08286774745365,146.46561775673644,185.36641279805661,163.055618328606,103.25222229560285,146.52923820066573,0
144.21940229026472,147.25321078848842,183.6625221290455,196.24341789751136,133.71044847108183,107.35139993468047,0
105.90290162789375,133.96915430856384,189.24815868371556,160.80770868747317,112.34991455215508,143.70230203983294,0
144.51867851054072,145.70165600868512,158.61083683450974,197.4296512281233,109.7242619049595,108.75221196036867,0
138.6131539134742,130.54336078663368,163.51119795708365,165.4500248016588,144.96621847948435,113.09844128711191,0
116.64446231657678,146.95314419917096,162.39139663977858,193.71743238782946,138.88617718421196,141.2600757287984,0
114.41797124060548,146.1950444400175,164.02767301493634,161.24117696550124,136.3146371437448,138.34482536025462,0
145.98940307752713,141.75298595176244,161.88573438953532,163.5492749065517,106.53794748099293,109.94716377399023,0
112.39767699176853,142.9446730912531,157.11343663006178,175.8570331447155,141.38545175909633,136.32615013799818,0
108.20044469927262,115.34658100405098,188.16273791251487,170.00712245168634,142.93416073883157,104.11118028445141,0
144.37951267375843,144.30467754017948,182.45614939127685,152.6810043287399,115.95008476395746,139.54326534189295,0
147.43090539456912,150.56576705109956,186.85381893224218,158.04182750947479,117.29349957474822,142.18599226703654,0
114.61713737135521,117.00288910047274,177.2729551487771,164.94242936406098,112.78379863613088,136.65264057493957,0
149.9108892011718,123.52297634621505,188.9858414535553,195.20524956686472,146.03020824336173,138.56218405189156,0
102.57770045779154,143.95138681345102,162.97884700908304,156.60920461801146,141.67300256075458,146.988919122548,0
155.77573859870697,146.51654911707936,199.3855854874603,159.0582341947034,153.2849557485775,140.54304837289908,0
116.8344222441475,143.28058610201577,196.47393760211415,188.8746311786858,100.01193223133815,108.67289544095804,0
142.78821152169616,115.24246014948582,158.3880581848745,165.1874314063937,108.6703916104737,111.77921699601106,0
145.87013156187464,114.46825057319613,162.2429116134117,190.7757692083961,108.25543157467708,109.78232589161746,0
158.94285040737796,108.52891190869641,192.9086443914004,189.13467871676076,101.8197874400455,141.00614298434945,0
143.71836031161868,110.32213201964551,196.51743199681306,193.3789875206748,132.36874820463947,148.44698472907697,0
149.03022029871605,120.64511879255483,191.02515116714972,186.53308688062071,136.64084242306018,108.09367276255267,0
110.58322385654247,116.84306144649237,165.5052324896559,162.97674723761372,137.81262339177616,141.55758482289787,0
120.14271686088965,141.6072971721739,165.14676648528186,184.5670465316893,138.33698186439713,141.62000147865922,0
124.11923195456284,149.21703375316974,163.45702462423247,187.6207252991215,106.7404988340811,132.06846285412718,0
114.97724974569711,142.2007936876794,193.91530722628949,163.2979745554503,145.7997685227284,111.35322617024917,0
117.77025560048538,148.99737591562933,167.53686262248314,193.72710437549839,141.03872047723138,132.15775907680572,0
107.4196121417859,133.37652796254565,182.4740432175334,157.16605014345646,133.0161968965827,130.94240714399135,0
124.5696932485097,119.16265891822371,157.651334346113,164.21942044204212,132.94066563994704,113.73635044212695,0
143.3236113341808,114.74062071850449,160.8642920999484,193.86412445492272,105.84606393216269,132.688959095293,0
110.8732026930241,154.17119668666808,195.30191763877173,189.2479029286252,140.0165525226849,126.60265651862876,0
142.1044587792282,120.17267871537524,184.71971426447817,181.5846269316151,107.88471525724643,129.19770984256684,0
106.11342325226616,106.69604359519604,157.053197658832,167.0115699674571,144.28054740873011,138.03019678886636,0
145.3419933002037,153.78236122649884,160.28271884810314,188.65637443054644,145.32540949883307,115.53840736137808,0
127.24731131610841,110.05903688083858,196.7107663295958,166.89934761260858,142.56219018305939,138.1975862745403,0
146.08002072136242,102.25868145895609,162.4059537819922,190.83473128869576,112.42723036375686,110.39511918726026,0
116.9530448552923,147.00467369062596,182.56478806091732,161.9479835413992,109.5583153849134,144.5837703854438,0
146.12104486243817,149.08614635129138,163.1558536869321,164.8448637839863,105.12544534290245,107.0686548798376,0
112.36550480510394,118.30813428592616,160.44468235770822,180.78291426548452,137.19243803078012,112.7130386419708,0
150.62709927608591,143.41462179011432,193.10722207263646,163.84002235153196,140.92013440878262,136.85071125135747,0
145.64246365855524,147.58373998066574,182.98726266437677,198.74146627718895,148.75847597140108,102.43069133259397,0
102.62719541839715,115.6396409149972,165.6320396372897,179.26159873544688,138.47745360877178,137.84144517597605,0
135.45951047145883,118.54981075145889,190.02091615165511,158.62838008411313,118.59769341097382,111.79008033259882,0
118.11074269038087,150.3900462825295,195.83842231473898,178.988461425443,146.56850822730013,112.62450485110399,0
148.0786855371531,116.44527897052066,196.79453974022607,162.82724990314978,138.96280512592026,114.27850079987343,0
153.5443025083212,118.06935566549473,191.13287709418537,150.33289987262546,111.76246457471989,109.67386534888946,0
115.65123485425234,146.0686622443758,161.9477555604883,181.55698524148394,143.31696375112716,108.94105675736398,0
142.78330982196687,113.22427084876568,154.79979987667863,162.47714244549366,141.42495478272383,116.98036106328007,0
118.22280495701773,137.70001292679714,150.85655945189626,186.49608400303302,144.56788073864794,134.67354857347559,0
110.86141955027911,137.3621048697096,169.2344859918939,154.49400076994678,106.04079870633572,106.58494888586424,0
136.74624902897173,123.32952688622238,182.16549494359492,183.3688283561023,143.73371100366055,143.01182521089436,0
136.57245672439902,108.33774128542731,192.59872448806874,168.83960689859163,103.61963968209758,142.9194880038126,0
145.44120251208943,138.60119052628997,180.3002408440572,189.82478194041227,137.30302694871332,141.25087447130988,0
114.40088828661204,137.56259622126169,199.2711106287814,187.14409808280817,151.84749306894153,108.51415026277186,0
107.36156635322838,119.79220903388827,149.37324906272912,187.73845779713963,111.3499695563763,102.81501233419804,0
111.74073218217612,127.94280895285446,162.2965379101584,158.9450219607401,139.3587383027417,109.32924154286287,0
141.21498120853073,116.30608007344404,188.4063042251892,187.51259168840107,138.19524626914304,113.69195203258663,0
104.10308514553519,150.623826796749,182.38421418438804,191.46204868887315,138.3818536432221,113.4072114812771,0
118.83887308568958,147.03855621112734,151.9509104861182,189.73134150583948,99.7611413565906,114.06388652806864,0
116.52021575607696,143.48231833619997,156.93452172402536,190.04865265992714,111.17090628132527,105.4698894875066,0
139.96959773579692,117.00197025022895,185.8781160974407,193.01652276381984,149.83619383592725,138.4170819007725,0
107.7696717734029,117.49310253664574,184.08682204521668,168.3705797661256,107.47148777191713,137.27972714682602,0
118.44871484682076,144.25834745676278,152.76413314532996,184.75168109721972,140.49432445929804,112.28336956840047,0
150.31301640510685,135.3013346042129,161.6334172498155,190.94707791439714,106.28088793110314,138.7883819452633,0
144.45788194469858,143.07440856148816,156.68726894730597,187.77449957530527,114.96524068733072,133.94954137481065,0
143.10984957430807,106.03493842687982,160.28341333577328,188.24485405188108,102.06411235220354,149.1031715820469,0
117.64492169124091,117.89598971034562,166.55360432363568,190.11709628232222,118.76366031997343,140.58382404006792,0
137.25494694554948,123.21459090427282,182.73979860339537,157.5977784813005,111.91521000938123,141.31109451833137,0
142.8619564412354,105.60394444180282,186.80259080497825,167.39706734626608,98.89570131487184,130.00250362193654,0
148.67892829732483,118.52941823426725,166.57765485063973,163.57998287348943,131.9548848536041,109.9203529382329,0
156.3791325977312,109.06478434805189,155.299795416419,163.05058170713914,140.60126009978188,111.8978482253191,0
116.27303200857932,122.89314799572476,160.27529114362736,190.35720088346034,111.41065527903258,137.00069865071814,0
149.22795352383892,136.85307155586804,157.12262470572432,161.74076557806808,142.38480507161808,146.43657688139015,0
143.6374981086894,113.37025007600536,169.44698212183877,155.0451907005975,116.72285675552352,115.07439736707268,0
142.17626911192542,118.20688717663204,196.0220038877664,191.99301311949054,107.37067486892869,104.96717213705887,0
149.73656485413483,149.59612156062772,160.07323249382083,192.44127717962806,110.13993400738227,146.2438765310713,0
115.41651585243062,140.74927504661284,161.7707692078373,172.74632810289893,147.97899575836615,104.84926636067281,0
136.57440590428504,117.4410034685995,199.14591292547655,185.88725565361304,116.26537441093801,138.12651329568547,0
114.94028814475534,119.14919552114563,187.06868710276865,203.74308652774346,108.54590196944267,137.61590348959382,0
126.48773133411405,149.0062199778601,154.7666883658321,174.7120335419606,133.71330220477512,133.0647860125466,0
113.64135189627437,137.08982410628687,188.83498107429682,168.85810877750717,138.30521100478026,147.14754335129786,0
118.4455073904066,136.8767266819863,196.26537441495495,160.72695223885313,113.62888131760236,135.02600672018332,0
121.1888933136645,147.66822623431239,161.21415112347321,161.54408720670688,117.44214063701148,139.73178754035436,0
145.82132396977576,118.79251839780608,167.38671579379255,195.57487050101997,108.38375500979184,102.52943209956923,0
102.05536592996631,120.19155482411512,161.856222979492,144.31786910817658,143.32973368029877,112.70516771607092,0
125.75238633112761,147.0556352045117,189.30248164324948,163.07520198920693,111.10491813348204,119.70767382802201,0
138.61546534488957,139.701987469061,162.74975958435869,162.67099731822475,102.54735409969535,144.4498376022925,0
125.66618643871445,148.5772255307253,198.32197731626465,184.67829970180102,139.72714624992005,112.32403838170615,0
145.89679664314218,139.66419986752143,179.57627621137894,145.89381647412984,144.44356761594932,105.3775800220601,0
149.43562774259811,159.0602186182851,183.26635795567452,158.8437599507905,140.9144678313198,107.93771190569096,0
143.17194653367628,121.48843586886831,162.89151190966552,195.51790115625565,112.80597110021354,107.14745151922493,0
146.19868761746855,114.93969664819322,186.93007625067762,190.39716181237517,133.58600517854745,146.38663160940018,0
115.68694620836011,111.06117792955503,182.2465520338112,160.99723234924068,107.36552281016615,113.16193487896963,0
122.1357213913883,151.91443108701273,163.80463898537346,193.6845647560179,142.49889544667158,139.7802485068991,0
115.64603363520581,116.67733686642251,191.8651332420248,153.8934281936846,115.60244537766523,113.71233566591636,0
114.62000653098909,117.607038503368,169.0403259964414,200.57295083954426,119.04419114654047,144.36031323929316,0
144.4678004336243,137.47299797796447,195.11152849705454,153.8325643494956,143.52747852488363,112.74912997133967,0
116.03765839909552,145.31414650347656,156.03704638292405,191.37933504060612,112.51193198936112,139.36778737669647,0
143.11686983001582,121.72833469020625,183.0930085986537,164.70129352846752,138.27485953796338,141.1190713931464,0
107.40364860224476,142.73557443383424,168.14639540615246,189.61177979844334,99.76560476344272,106.57691055431025,0
109.87058114458016,114.97458457965021,184.41816313603925,158.05841905334634,111.2018201465048,133.8882195237369,0
142.38472318505669,113.34123700503085,157.7451593643391,199.15830708816748,131.35602548448804,135.08617350243483,0
136.33975247536122,140.5504997148018,192.78341245813564,188.2905751113275,143.6623873212883,143.05802659897907,0
148.03060536957696,99.86747247523486,188.24133621306046,162.5131566847156,108.1892030574089,140.96597717620656,0
136.15573509075375,120.52194981965954,162.2497062714904,168.56412717727665,100.96900291952561,123.04615132926179,0
148.36943403248492,109.3107104696935,155.59855284601286,156.79124403680677,135.17329165518845,110.35175980662876,0
114.24689314399838,134.19717549790258,194.77814650336822,158.2376441019274,112.15947496853852,111.93247438223467,0
119.10316625646232,143.58276626180603,154.20211357163652,185.8463919932648,110.96538098945787,112.46699972779413,0
141.21404695982812,101.2219784435549,188.46458160991227,158.8913519196673,111.1281109675314,118.47187838259346,0
138.4802622327492,124.62441619677462,182.5583208135892,179.40949231246208,99.81961278509992,110.85651503998132,0
124.23465539902774,115.59788409911572,157.49373498330903,181.95958932071457,143.12043322189314,134.03644919259088,0
141.57475936467569,113.8849107319165,185.18172602468178,193.11039292670378,141.80772316439322,116.34446236412273,0
156.4675072433496,109.87624687422982,150.00701763303275,194.12046697206247,107.86610470850549,136.25783850172155,0
126.72993910169511,116.19387101782348,158.35040693698684,156.4515104712004,143.37645407662566,112.1017552295293,0
139.1149059856526,140.49500407973193,186.59928460386377,159.6241554757159,110.75726611703716,134.61319681610922,0
118.07290062038956,115.71625329321891,159.0834138179011,157.95168994772266,107.92815550573005,116.48542005079047,0
141.18205241213923,149.55497515500613,194.3735634604665,189.79908671800956,110.0600282598722,99.29057218304357,0
142.80641574190417,128.55413692588567,198.27970715660115,198.91836500680967,147.86309279468654,136.12525316916202,0
143.79113665146053,117.6249911050216,185.46903064421608,143.4360577365738,144.96820777171226,109.27922612845018,0
139.33214955230662,108.88671370136234,157.56612509751704,164.03133591427263,144.0565029533941,137.9958163141951,0
138.40623144877202,108.14176654050962,200.44390711560365,152.86443031816975,153.14119922408904,109.49098007408924,0
144.44983637779603,114.08207282221161,162.38810620878155,161.23923741549436,132.88556832855053,102.03884358494025,0
145.57478888149458,146.8260364024381,188.8043966970516,157.60704789717332,150.790983609171,137.4700500771123,0
119.30008429605992,146.6702727885287,160.21865361886503,190.8288746903141,107.02202707918644,143.32177873912298,0
121.464320692498,151.3170791872956,192.94577089238055,161.06915508518733,153.93204704859878,141.7150100145628,0
113.75159064515215,105.3700440892284,186.04785060959114,160.3810700912738,111.07591917936888,136.99000340583575,0
120.03921379010087,124.66625643906508,195.49032806783603,190.41829680632017,106.78614130153377,101.25926845472364,0
141.8977532144084,120.03402083920669,156.94745594530391,157.6060794038437,122.45920783480408,119.7104887990359,0
113.0497372502714,158.67753892556527,152.05002563213608,191.4325682474967,140.52876647668148,130.17931838797958,0
148.1458207728997,152.47447844497592,159.1673750876353,153.40244514928196,106.59823049582845,144.713440005991,0
154.59480861241457,122.17009179490114,198.96276051098866,164.33905799620172,117.42343891863041,139.7578213740018,0
108.33195637536102,124.10264385801179,190.1209294319371,169.60184288820483,142.5433436915454,143.58746983796377,0
114.5675946591304,146.70840940521992,194.02938159997112,181.90323085333736,115.16657269038427,132.0975552783442,0
140.2685518528566,140.00665001416198,181.25533947557062,195.73391292445015,105.57624094060114,142.4640304225825,0
109.44071909359796,113.05485720444008,193.32805438152252,178.85449778317636,114.99055834695805,116.72296835328584,0
115.46047500367898,150.7126940138235,169.30740347525722,161.68231668806786,105.72673728951385,139.54473454713556,0
153.14204994433015,144.34215527909203,189.07110138477213,170.06289690813554,142.73701336951345,123.74808244312565,0
143.43154342809018,154.23146217735973,157.11169418377605,186.19750138537816,119.92251288190859,140.00959372977275,0
117.13368799281584,146.97619295941584,167.50350113646147,191.07750501710495,117.83608710049091,140.15907683804647,0
113.39621332879551,137.54446253820785,191.13526400883194,161.16584484604758,141.1345767459693,112.14697143044901,0
143.12478642859224,119.73819297113498,155.13608967507122,187.39833121735785,104.73298083020826,105.155048082622,0
114.29932161517348,122.59979395005566,182.96199886528618,175.09392972408074,143.49126008382623,109.03114454306082,0
153.60103018420176,130.66657029938492,163.16859611160748,174.25581170045245,103.6490529583063,110.06570949675434,0
145.68798132436018,149.6235999897355,192.78568214979845,153.84293815776897,134.57790166648414,133.402652194188,0
116.28704560306468,145.1332572454866,163.61897504575205,185.93447507811246,98.05033287400663,115.64528081379952,0
152.1291044007804,140.49184723700216,184.59111123038403,184.3874044974331,133.92046717115736,103.67606572798152,0
115.2721635676465,115.8642944293564,183.21413226871272,189.08821299234015,142.7113631397658,111.61272830222273,0
108.16552454168567,116.02613408407977,204.35334821819944,189.9955691614653,112.56008657100708,116.90166444057522,0
114.81956131853087,143.90514872553217,154.14816754149314,190.24786185872222,106.42357173000062,140.40279841701226,0
152.5944162693004,144.37878032783775,195.36027522953006,194.8895508320711,131.47595242154608,105.39201884517377,0
114.71846172002942,111.50403197379167,192.36334476057928,187.18964122697446,109.38074946994004,115.66548740954998,0
122.29290871426088,146.65043148688477,157.98404790020592,193.90663092928656,105.65827589349192,149.97404280432542,0
139.7854477603127,150.25901554368846,192.91633730556958,198.72779945702015,145.16942605759175,139.80749749529377,0
149.34808940452876,141.30957306278452,167.28846918360819,164.56665490412524,141.82400722715235,111.46841736155636,0
146.49013852802767,144.31379767805723,168.34408075384152,193.7728102739434,134.86595555744782,112.39602911116242,0
118.10307489856704,147.9847512375756,193.0846181991818,182.94228508569012,143.00995654251685,101.10465210825178,0
144.78541678285748,109.51218507197149,193.47872841529573,198.44678949843265,117.0183692604891,108.72042913195227,0
144.9298478847409,142.81589224954493,198.1146721694182,194.1989171007661,134.32217190781466,109.34528602752121,0
153.70529259333028,116.24671482146329,190.7455035720854,196.4101133601939,133.07981167425137,114.31853316408974,0
126.03432960060005,139.38100891569857,195.02390626404448,192.31499506681658,142.83148348300938,107.54783286365887,0
151.03290279673573,142.83262085567102,157.54442197003976,190.4593185490851,117.45570898164526,147.09291256781475,0
119.03775602116903,112.91961801483346,183.67251550983698,167.0186609565568,108.84177250190233,110.38850115968108,0
119.54087701720081,114.90573681974328,156.6403526689103,149.6754275166929,101.6882958987422,133.06167581348836,0
147.5316926465936,115.88950264151394,184.89604374700957,186.92453214544767,108.94974492122006,137.7619687132395,0
138.73464534912821,119.19524587283534,167.45581617016938,160.14280679267932,134.71157872329877,141.58479124428754,0
130.5778632571376,111.6028513680222,161.18983961906116,194.82511531746172,121.09520058418322,111.00554282539584,0
117.6844280244496,120.14220501689425,184.82799022338048,183.0487499253707,143.86236986973228,141.94496320136463,0
144.2423465060003,119.4233272674773,155.6670457220297,154.6246946925045,111.88709008796842,109.75822642259959,0
137.69104036482733,139.96100388451637,186.22910222810094,160.87611218010224,142.63443254707738,101.60250784402356,0
116.88872690347044,145.59298983254726,166.54880423457251,159.84878243648518,107.80243928166178,113.48983424131691,0
112.66868966324094,147.44547762771927,186.8616076875457,159.17002329686403,136.18647629245666,130.51735147723582,0
148.1060892780652,106.28341868868606,192.2166033346559,158.39413778588494,140.61790436042452,152.2250123911137,0
110.36285935222368,140.49036252989487,164.4153941898947,159.46524155713183,113.61517699793787,109.20605328422609,0
114.37532747120031,106.16447344952407,167.52752512365984,194.88184928970227,117.28878847593693,128.5472687707199,0
117.58468655569379,155.09681395721273,189.31785230271936,150.55967619953748,137.65614778290055,116.21597619599619,0
151.30586076329612,119.97171033553985,182.08337954000348,198.83264021106442,106.41308538551031,136.79919255372485,0
126.53012635911756,144.89999480976877,193.60042970646074,153.73472465846254,106.43007888195335,145.31028950512106,0
109.97318482852864,120.33221424733443,198.7661013256985,192.55961698800326,111.4971914855237,106.62093767954167,0
126.77241618990641,118.31693036557219,179.92084149865047,157.99568414588393,143.60393475996588,100.55743824390083,0
142.31255521089892,128.89311507415715,203.50217221206987,156.0453054344608,114.96019607799572,143.22586192473133,0
115.89138618342308,150.97990582262386,201.7359792401826,163.71939937770404,110.59042413407242,140.46461351754908,0
125.93667227667092,134.18575323915212,199.599439447931,192.6502100297855,103.45062311394398,107.18883977986198,0
114.43666083847388,149.10547980301868,156.93067734880145,202.52367479275375,136.62333846346678,111.21524063715552,0
116.35101746172151,117.64434755499475,161.22048065090266,183.03128444802985,140.89774196381168,137.8167133711771,0
117.31196769740195,141.34905439835438,155.82899239929222,157.3574392104713,101.03723649574536,135.16806463329613,0
142.60581242769783,106.48166261772923,157.22606488474483,194.10856504079615,139.22238682262017,138.3216703689164,0
110.28865583274664,111.64227943800819,186.74815812402406,158.54154183450663,108.09649733937525,123.2703577540628,0
156.96996309709638,149.87820864778354,180.48750123581843,191.72288540908085,139.55813590176703,138.78043878928892,0
104.72715066684712,114.85569733283974,197.1553315836512,157.97362718761465,142.21737483905113,111.80941073420811,0
113.61936403226359,138.39727671622143,162.40450821161258,204.5295400896853,138.1846089818001,106.14200386051654,0
133.7111525162465,148.52390480776134,183.18290765438627,166.73233482055292,113.32218005684035,155.62758167782275,0
144.54154457090576,147.65021406018204,185.57496288856404,194.80873797206556,102.39743912922205,140.82636624807267,0
147.2382715307329,121.86429065056473,182.4098516375746,190.12221556674123,135.2385890582486,107.9880898492943,0
145.60302353835473,142.40254464439,192.2944470117543,195.0111450753974,110.5458639224013,111.30604544955885,0
111.7292665498295,110.70012624154198,180.21478671140753,201.1733393861899,144.83354175378278,114.71743676071053,0
111.34696992641484,120.8346209491033,189.65400917942085,160.4534959455191,115.52641335662729,114.24993811108655,0
153.46360762265607,132.06345330547433,192.56951170268673,160.21486841419755,107.86225808553746,143.37930355060354,0
155.25498647781427,125.42139390742747,183.27233545711755,162.4935962170716,135.35970821746906,113.33615529549806,0
109.41592202186386,109.64165484810368,196.15484700395675,170.0806328964715,137.01837067639644,143.35912533075077,0
149.16703818242442,119.3660947087496,199.26760082388014,159.86532544750864,144.01306591661336,99.6522702322446,0
117.83812634567967,121.96390650104256,166.08993888741185,189.4269848518942,142.07286641428,133.81180670881386,0
110.2810859225939,122.55896032833616,187.1573250605641,163.89865027109474,107.4840476947943,146.61106030254138,0
118.37319126089173,142.80319302440017,149.77965276036548,155.56007023919375,116.54208547960638,98.55331958314997,0
113.53335597156452,115.83895939262172,151.92378114423394,151.36249141493778,115.82363556208044,143.33371966292486,0
107.51195262121458,146.23958057153433,167.7596589569563,164.83722548322152,140.38972807863675,136.14814346357736,0
159.173206411741,133.11531789529647,154.37309838155645,180.58137739708835,130.88185928439287,112.103580529289,0
116.6321313216242,119.59849173406535,192.31493468832102,165.01373194084684,117.82990014050051,137.9237069925514,0
152.69717199419586,143.0593880045158,164.81843540526384,195.7704982292354,137.35146501842158,140.43093020335098,0
148.12955077508622,128.89612696675724,165.60336784205987,155.92944761554904,105.77377521133442,138.6587138779627,0
113.08114185328014,117.44582104289134,189.4629547154094,194.59992176800714,110.91172186868769,132.68298269059946,0
149.01387319247235,133.77289135889652,192.91501417571044,159.8111935471764,107.60323852717092,122.92838056437097,0
139.73881386319115,111.43718077743215,188.44858915945767,184.5051279417003,112.42516030265335,135.1220931947625,0
139.1602410875203,105.06247027895107,186.06598373460957,185.8825033098525,105.50209686222718,121.82908379686444,0
116.69440044963122,150.0209626111189,158.77588166479632,189.6003364285577,138.69890355473163,116.88222490187228,0
137.26772037418777,150.34222053544516,165.4379920679283,157.70040985249636,154.65867042645257,131.30818354032957,0
140.01707344042327,120.8126792032148,150.21654100354928,169.81775146552343,146.8841873017349,107.74573258915377,0
151.4484759167774,114.12387609217126,165.73225059697802,191.51201811303264,132.6769850440642,145.66327894185915,0
137.55684852359167,148.51676859752249,194.33082608756186,154.05032810155944,119.45207155994763,111.20860356704702,0
144.04107676006635,131.76039465475353,154.73150043443505,189.33823237154658,115.69806181960193,150.78662470395128,0
144.15307822719123,120.44314727051537,166.8992980701327,151.67541028102823,110.4271192365581,112.34428398029691,0
110.28346397078514,125.9841528569244,193.88817639404175,155.09989004555095,110.68077209988556,143.76599265904727,0
146.38599021271241,150.00934527331214,181.3284197179657,186.6316225627898,113.78047457279013,116.44176823315996,0
113.85665825582292,143.09150907981814,189.2315913469513,190.09783812762785,150.14105565884364,118.33062466088244,0
108.91653676780221,138.77542437214106,171.8939808237614,152.74758000311675,140.31636631212723,145.62809826406317,0
138.21926735419916,141.9199729446083,168.77670061355164,164.32813814052784,135.14992277195967,102.89387366563763,0
148.7221619327051,137.0804810420077,167.94698030799105,183.95732242570946,106.21842548068999,116.1516868936691,0
112.28543731371548,116.46215664277302,194.0994532574932,185.47364393030836,136.75568064139384,156.30716248708075,0
144.74188547035675,109.12970462866114,166.25119303351565,194.4550415687813,133.06689345545115,138.2905181025449,0
146.29845788804505,152.21953746371838,167.15046075116678,193.57026203939455,141.30293748722238,103.91966312257021,0
146.44109675018126,114.28304627160891,190.72933490730978,161.63610492093974,106.36766831170104,108.58326061360943,0
111.8033752781652,151.29077072531243,183.64983953389833,159.4851914715066,142.47926495088777,144.55764379765952,0
106.54922149194883,122.80546167328266,184.23844048677745,181.45187680044646,111.43753500240419,118.58383127454881,0
121.44485232187078,145.6601214367942,192.39925054984883,194.07076655723176,117.82962782105349,143.65032540527505,0
147.3737163802109,140.93180847747794,185.31145076969716,195.55166808618415,144.5991906844033,111.79919020864253,0
124.45866539571189,135.40778529681572,186.78657582188498,158.04175077572702,112.81419891669394,141.79348169290532,0
150.66561261393932,116.20244334522107,155.92311719283106,165.49782749263133,149.0405039114661,103.70008940905275,0
153.81185386931384,146.60458674660612,168.56055588284227,189.39986896086336,133.2116592673902,103.95105097166528,0
139.26074430392237,106.42988270615574,158.42020478116945,159.84178216079326,143.11515105298466,116.4107583309847,0
114.06524740903171,115.88029368669669,183.99701717551224,183.61677209900708,113.4252270304484,110.30473808858825,0
135.9325454807176,121.92771894245612,188.1153684740001,200.28332692931804,109.39769867563574,134.95376949206576,0
155.43668242748225,138.2215888670056,155.22943655705183,196.08201627154332,142.11082655376848,102.17169320055747,0
132.03932550810293,119.02588444866548,198.77140129796328,168.0319720269015,127.1309938652996,114.21993644433417,0
116.71746505562396,142.0214537153166,153.42737891823904,196.54956944080743,105.05374391257965,112.0067226489645,0
148.24509243228383,157.92855769890403,152.03932927599428,158.9341443970878,111.00277421028557,130.0332131117417,0
140.34593662319014,117.85217151970612,183.70269179055455,158.62510738718882,117.53780869775368,112.07847223859264,0
153.41849025454468,145.17872598293644,147.39454405011267,153.51002985176285,134.16469149495657,117.30891338164741,0
133.67950799561714,141.04536659423573,185.15924662757567,152.93275932790752,138.1925887556852,134.21730768799762,0
121.09455826706235,147.39651771547446,191.6621686994696,192.57125156734355,135.91089598922605,142.00045861619657,0
129.80636920632307,142.09590599399016,165.54942926809622,205.76501926415418,129.48974604466497,114.81040391902869,0
106.95849298601472,113.352678159152,192.19201321118413,202.91599762313223,107.39879985062575,109.92899384673566,0
143.8223204680344,119.5176479414733,164.631969045543,164.6471889781306,116.49993991598627,109.85089645872372,0
151.69929761808882,107.34593208347005,189.24228911216775,162.9261883901358,115.75279181381357,138.31306636549212,0
137.25148488803606,115.29952779497818,161.9243307066585,188.5709238364129,109.4669148816217,112.80960654749394,0
139.44619194510895,147.53539741972352,173.4193889438544,158.98657258390628,113.71050546820503,112.42323622267587,0
139.50759553284246,136.02029585720516,186.07394890720798,159.6314467440378,140.72517755687187,144.30618207614933,0
119.73801343125484,146.71564969109497,188.06167299952764,159.11778527092437,112.66837876980496,105.68887977854747,0
139.46253175548202,123.7141730070766,184.30716284597375,191.98361964172537,133.004373318033,114.869322555311,0
110.82759325202974,126.04089709004646,159.3839129598923,191.19441878142914,146.34645999061473,102.32740625063323,0
112.3673900906115,97.23323149680849,185.66438706180753,196.10476265286798,118.38157491416452,142.67571080514654,0
143.3003402427794,144.507474233685,169.2077361777173,200.38267355240453,133.37453502917288,143.02891811174595,0
144.20327015959677,134.56565111019677,195.60045630258244,196.31488090702226,111.75880646848212,103.83403996393271,0
151.00037590974264,122.025540411072,189.31262752472526,191.22196359103935,140.21971304034247,105.18799930245628,0
141.4290073523583,105.28548213880255,161.30588244506214,165.7078832384229,119.02833138238488,115.00099835844955,0
145.89062412195327,153.0087965782595,163.3359533881509,157.86022711088788,144.16326306407643,109.14829870052549,0
120.42899364958372,113.23091562771619,170.093649720437,164.7470018270825,104.91619633453482,105.44048331682905,0
148.7083443051822,118.23055222642066,185.76707576129866,154.21713641672957,93.3863630760746,140.4904886911545,0
149.21102304487727,151.49435229176828,197.85478966801475,189.11397480623648,147.25867537099376,141.21397730263715,0
113.02785360022693,113.28991792691615,167.6966666476344,156.2059627770611,116.24240937727203,140.65551609655293,0
106.93649688020093,142.22066134532966,189.66815501415223,163.71791340433992,111.49846778580759,132.03555075014145,0
119.46987490252178,115.98485556555576,155.31057142843093,158.64247945327367,139.5739740043867,146.68654182567164,0
150.53518827247464,103.90069828245426,159.40334992557914,166.54420338089312,113.9120102083954,119.82588433404695,0
117.00628555771144,146.4543490970454,149.65731516181265,204.53110909335282,114.3254949529678,111.05312719592932,0
143.1185942210339,142.6323162512294,188.14346100360535,160.31432019149707,143.9007013299389,115.52967871034011,0
115.33287356795269,121.15683943025277,155.69575796216685,150.7479074648317,139.2808272119288,142.05418181799732,0
137.74319730732878,119.38857284708521,189.6837412975951,186.68854939463088,140.53946969570956,139.94766109836516,0
119.24044046935356,107.4099929123105,158.41105661458192,192.46006796129288,111.6947436455385,112.43369962900418,0
140.1689805499037,147.31311435645827,155.70374358472648,163.58796876851136,119.45685667462645,142.06352397187302,0
143.37783104281704,141.81357168806832,195.5220966592104,190.6523524223299,139.9292387321042,132.45135160775428,0
118.70711747590836,136.64045986185596,166.472826321212,150.2548290400691,109.08395104241205,108.01838074342972,0
120.26104316573092,124.91226594460282,195.94857395951627,189.72777171346752,141.5210237704593,116.62756997367514,0
154.70892017241644,149.24382873183697,208.37486789179027,188.28923464369305,141.0805638362665,140.13290284871175,0
141.25004641337142,108.29465601691348,194.26384772704677,192.22035475343228,114.96167838215138,111.72740559988519,0
145.74179918306064,145.65991376619695,187.0593124488997,193.98447387257823,105.82946766840683,149.6208130510848,0
108.89279947412221,111.89266372241993,162.88838057119432,156.87499158556741,139.99707510548419,109.35951783073219,0
114.77042674293459,113.90134693404569,156.5326242666535,196.97494492630724,124.29263882191212,144.1004582381624,0
145.74244214322908,144.58438150768873,184.0852840089695,162.75894012617633,129.95187834882054,148.0302963195419,0
109.80501964819473,139.33488540128153,155.93088107539657,140.1873388265233,136.9517556539348,111.36506739728212,0
156.60799170401654,137.04674338132753,185.03060476402226,160.83951585505307,111.55308304414703,113.97236774835048,0
108.1246230709322,116.37282014344831,149.98280410210893,190.98000263785764,143.93555344724103,117.46797511681316,0
117.20638523734483,139.8806062211043,153.59228533362486,161.75888465671295,117.03101924245959,111.8567199745565,0
108.24438434271168,113.91537112057783,157.34404038036698,159.62949252336105,105.12153660992045,140.62103683031407,0
119.23428183269459,140.98534122544152,162.0626060007216,160.47469836736443,112.68075557496215,111.08425834106578,0
111.62082362507762,121.35016655815829,152.50459380483255,198.51214340864053,99.31034575052902,127.89879827156761,0
146.66756285804237,137.21324270508026,195.7692488630042,150.77905035223603,135.55555436663923,147.7374212353556,0
141.76772765779464,112.30275943403835,196.44899007732178,165.146869375184,109.17356985654256,140.20220523841206,0
151.25704319230573,143.2648054884642,200.94912867771532,165.85889440529368,140.68023092876453,116.03337993399703,0
115.89486873111606,121.32386311437227,148.67699746635864,156.16134204041342,144.9822579348761,144.25442497325827,0
138.66912174529065,116.4091955476971,159.12325216285012,191.85233190097148,143.18695761675045,115.71582766467415,0
143.34327036179477,105.75748846547214,191.0304040725519,158.76699468108478,102.57306793734138,142.58237125388877,0
108.6898788464934,138.45286328921608,161.41853394386987,208.31311187276822,110.66489779089827,109.34108407014222,0
149.07277620900155,146.23738246034299,177.16276294151925,193.2240715882718,103.96244929652386,102.25418865656235,0
118.59713854272474,143.64367570886006,151.7484541793474,164.98635805266173,103.6371328079736,148.95137357362077,0
111.32424280037827,117.46346238475297,155.05547576998117,162.50915548507965,123.81965094362141,139.4333009879844,0
119.02156820244866,141.2427695007398,192.25257507682466,192.46927729308885,110.35956299036316,107.08038583928517,0
117.06612875848589,115.5092675699138,190.2738852802708,191.38696248167554,108.97541512276177,132.59427267086124,0
145.64459008194908,118.6076312724977,165.03181211729824,196.59009662013474,104.26623730481407,114.3380664695271,0
116.19661062326952,112.1410506530639,163.02966583760792,191.81918261658572,139.5480929672267,140.15764797069897,0
125.7448246347976,132.17705606077072,160.9796691140234,180.97440629663635,142.51329686503428,115.14007486450035,0
147.59133453994858,141.20642457873328,197.66359302593398,165.87131323515538,107.91088904167421,130.79112625303762,0
151.51764477289234,145.814462667141,193.50909729389318,163.20543936485527,138.8935222023232,116.34256028798316,0
144.31781609035602,148.44642476656813,195.7093991058948,164.1543712466245,114.52298940194255,122.6295372053743,0
155.01014420765392,115.23926978827734,191.00953011725665,153.03212740291508,109.5656702592963,106.12689680295027,0
115.20699763703105,112.86732236694556,162.06588930037768,184.59619463180383,148.19212432982968,92.78826211997688,0
144.4573117523227,110.3407591555887,196.86222398980928,157.17190488294355,140.1893906618782,137.64839658954668,0
111.91593216340117,142.46820568402651,190.3881513093313,189.61809519155182,147.11991682672613,120.57317407408269,0
146.501129073998,108.84355520838758,182.58120809234984,184.88391993624305,143.7374632288899,110.85473385351702,0
115.68528867450625,112.43943029027899,193.52993876182222,161.3477937619086,139.6207804851364,145.31735843966493,0
115.95816744150072,100.05728472465246,155.6320350816943,192.37226428424975,143.23521007383235,110.44398854750777,0
126.81283055184744,114.42832285268794,188.9407927907658,195.9294494347449,140.73172523020875,102.90941678409821,0
119.20000287027214,120.49014615652578,184.6610135708407,164.12044842014836,110.1980863707207,136.76460943694525,0
145.65621771473027,112.66458575117997,155.65059384841007,191.84609856610135,143.21108811644456,142.58553362841553,0
124.24173498574703,119.0812872003242,152.66183236071052,196.12143827725737,136.1352024079605,112.61729620180088,0
110.73724584380888,143.162681168491,153.01887643852686,159.74245691540509,99.78896390969715,103.89635916447693,0
150.2742063153032,133.31955232960013,163.0733336178989,160.80967383569615,113.92822174626805,104.43431693485779,0
146.2034138326705,119.94229974618484,197.32192030681836,181.55581704527822,144.69309630091604,115.29393351281402,0
107.66957939933512,123.65571075081948,191.05387875125453,161.9256590857772,113.70842221911174,114.5214288438595,0
109.14530025295264,141.39887173713512,163.49147196096905,188.66362518450347,138.74398070192407,108.00902291473668,0
150.79414288316684,150.2959649101024,160.25834658395866,190.30227959668525,104.58854583642247,110.6433343749309,0
144.38137426239726,156.39430473783895,153.9696961658154,177.74212577477988,134.02981513805037,115.20396478484827,0
113.98804544938548,146.33781813919873,185.5613787026942,192.13722515026,114.27725673458623,113.43116584268743,0
106.88059567799891,154.22347634612282,186.9443589967946,160.33183618642698,138.36529942971433,113.45818251306645,0
105.13001407170317,138.40923127715726,197.19405993483687,167.1379349028405,147.30726752453484,142.53704804670042,0
152.50398809910732,146.84451961850945,187.29115086312456,194.77687761763434,127.90611658988294,138.54152788383666,0
120.11154680982628,133.6257885548836,196.4143332680713,160.88395032131885,111.36394849507451,145.30362615999186,0
147.7680128382037,120.06817621896771,192.05912668790384,186.64744136543004,145.66611553951768,141.51715916888088,0
109.20605397222822,119.75222238718894,171.24417540917972,159.7711988476099,110.20787366590226,124.08985492611647,0
108.49204136235875,116.79370905286676,155.96103800531444,188.17914780283917,110.04307708834273,145.4583100416365,0
146.43616179280593,112.24115778971175,163.32781578718757,190.3586081626406,134.87573577096998,110.32916388770433,0
138.48190196200866,145.57742090042092,160.134763229186,153.18471315072932,105.83997192419112,133.32382930787736,0
141.5597347924352,111.52451389466236,156.79545285077748,188.37053443740965,139.13533678330677,118.57247571139435,0
120.37262390622024,138.61542359984597,183.9783612295504,154.6312655477285,146.57125403839268,111.44829102188459,0
112.72375547068002,109.79052089345166,161.95013867150885,186.59862159424264,145.45951964056403,103.92015644978538,0
133.51100181426858,111.7975416013753,188.41109613783325,161.25881464305343,144.96696022091697,110.35135686794666,0
117.34743782871442,111.44191540162323,198.31939552210923,163.2615088213465,132.70666683283528,144.2784420047562,0
117.10694056475673,148.11346964472668,188.67115749919972,185.73815601035773,131.45799494865693,146.80317698356018,0
105.2174759139102,141.56756445534342,194.49717040659652,164.48173179981853,108.26308483988362,106.08947464748944,0
134.67630035285475,144.5859789645999,197.6208328578793,162.1157161271854,141.94517647026186,136.584614829497,0
152.6719273205315,112.61114873408168,194.55294617250257,186.9761222331637,146.42595944344956,123.83624412967873,0
114.91884002088592,148.79650325058518,162.37444353199456,185.75278932328155,140.86644762071114,113.71365140553561,0
149.01948237407007,134.30897591374753,158.56359362437294,185.13556436873208,106.39550582656582,112.66260951965407,0
141.94151467431135,117.06710083615259,147.95929042557637,192.5499214279719,106.64317410413426,113.48476533818332,0
125.49533497685314,150.990298914197,159.4540491276112,157.7557632370434,137.4951672909729,103.00575705073649,0
141.2137095309015,139.23886897221354,186.53271542801195,161.62071944238764,140.65852634716063,104.32280650861469,0
155.77408791241646,132.76709009667175,193.70175416660052,188.2769349948652,133.26733951898998,119.22923104705906,0
106.16095408254431,119.51088280461583,193.58730990409427,157.41060977329337,143.91582834337754,111.82570023999132,0
106.64238376229227,109.69917412116843,188.48244222134707,190.6105398440335,131.56132232289448,142.4903174162761,0
119.96444798640216,146.7382762439151,191.33087363876092,163.1368836688831,115.19710692067049,141.4614676082417,0
155.40060026772784,145.5267388664982,188.22023459690575,198.8761471195421,139.86065447622906,120.68033864447801,0
116.42109348671292,144.92110789355206,168.2516617343469,154.47696648811845,147.6454790704772,142.43182483784912,0
113.70882784391428,145.00661600286435,175.63273254189804,196.44233136086442,137.3735119923053,108.8607747316527,0
142.12947725798244,148.48759479509087,152.22748456845073,169.32712169350057,134.9665362753742,108.80967644976292,0
105.63060482646594,120.37222790815296,159.53020408721417,163.33658736857734,141.43808826872964,108.13227918054093,0
116.59571715304838,143.80157787391295,157.87686357680718,197.53606153758165,139.93492095363362,110.2373766857679,0
116.34051204400485,149.9584243477075,191.35595519511543,184.18214383151917,117.80107170276223,140.93827678298945,0
149.91938535154281,146.37605036882218,154.79199458966414,157.6530391225481,107.57301574613537,136.8799435378623,0
140.95835999093995,122.15940813313303,185.67152966098405,161.93959630282305,132.41317531816242,102.48690121782478,0
146.59388137058244,116.82655411846082,181.48926441072823,151.11436893906532,146.87207618099143,142.47641529740454,0
136.39694358559257,118.78193381649093,149.52401036066985,205.6818255750439,111.64192027449454,135.79919097092846,0
144.03827807670066,144.95291981057875,152.38630036265326,152.90803946633224,112.72093525208624,141.4783372978106,0
113.29362715593678,122.39450059926273,186.86855756828294,193.0502768621981,141.53493481434674,113.51227714429996,0
150.1782881141956,107.38235909826801,161.92031432852482,170.18813177023466,111.69643559267868,142.68023269699634,0
121.6899852021663,150.19042476081754,157.26973760137497,185.05350454567892,104.88460125281911,152.25963049968908,0
142.3810511629915,119.13366816693838,167.5284270789442,185.30139964159432,143.81520111053476,114.41489166930396,0
140.25387265427628,122.83961616870732,187.4611190674869,163.79903515841417,134.7405679431297,112.72283740952,0
120.69390624691012,107.82944863708175,192.39784904211567,161.21088857294905,112.48547978651003,105.2238438709365,0
144.9815617730457,147.82513487766448,191.8684084081293,181.91326054506712,107.7414183750942,134.34644084203148,0
143.7475452747527,116.8393941879286,195.56273196244896,191.13238259137628,142.63545159916265,104.79309723455764,0
113.8348374848222,140.2195725962137,155.63749911792016,185.27664939822884,142.51994092570914,151.06698156881657,0
112.027604405144,109.91431840055644,155.3459004483751,196.77711974915817,108.04082472624634,109.24042299948884,0
137.85176220034808,132.79069805712146,200.62593575605692,176.54832825249673,136.48514064962524,147.27816834779642,0
112.7967883956654,148.83206551515516,199.12971020461458,165.53887631944494,106.18536606752757,135.06352692198493,0
98.2151954980603,141.1019017165438,155.90863805415145,191.10418478459965,114.25315474640861,101.8396378065119,0
119.4564784749241,118.9116591591611,192.301146710666,156.99200468195343,110.88045378344763,115.24197357972506,0
120.11010195630854,144.4450480741032,165.6213628416427,195.71284719907732,141.62308153135945,146.96259602242694,0
120.63121993923922,142.98215581617663,154.62219976759567,187.3354056294576,146.62353819631187,103.3118356595882,0
119.70228553728691,140.02419421231156,145.43850893061366,164.06944543701786,136.9234041899033,137.7875364773118,0
110.57460843164877,139.7424396183547,183.2212529991572,189.7848389835185,131.41747545928345,137.31869723106908,0
146.13522786343572,134.42978970050217,196.91145141570266,153.16044972693606,142.20263145529438,134.85109073282615,0
140.0715904764503,122.1007128296135,182.104151137731,163.8589918956594,108.89628206861397,119.97324796713443,0
114.30217437068885,149.52158972496076,184.35581463759627,189.16371262362168,106.36222446504874,138.1674049562562,0
142.357059857872,113.92256226787805,169.2236177049593,166.228608042549,113.6206099360413,141.31694639283154,0
122.39580805960384,154.93597818826936,188.09234878178424,191.4462448474099,139.02558297515404,142.47308903815755,0
104.90635351189215,145.52768698054132,182.53419762923878,196.60947346104348,142.3295009834257,108.81938136016878,0
115.44239732381445,124.32981174112246,180.91779565002847,159.54193370270903,100.4312075261442,105.11760223002258,0
134.4093234273438,142.56350722207836,153.29596144317264,159.83167891829476,131.34797750775635,102.72632507349775,0
113.90717905364363,115.71835561378244,165.29715680322616,197.80060689271585,113.96312299576729,142.57017141151368,0
146.03818973167967,144.5683021279899,184.53749972715045,190.79286901490866,141.69896927669987,140.32477057704432,0
151.50000080675923,144.9040699212534,196.51125171260634,194.03302111982094,111.00392517139714,112.88576411218686,0
112.82701055149735,119.91731685784856,196.46466822224363,189.60828585606302,116.88387976898888,107.24360526637787,0
154.48234688418873,149.21684266126445,164.87656985470383,179.87533522207696,102.87932544548298,105.8214266042784,0
101.2513546229441,153.44877326799704,164.64687702839717,154.24855354085204,124.49867711525438,143.49589218196584,0
142.24884026179848,147.22687135265176,151.25879559940114,185.06222828777666,144.42204567382356,108.00151287809703,0
106.63729523329529,143.0163976306698,158.80674770174693,166.55495847533683,131.5115688212523,99.12109516534018,0
108.59229298636262,140.5547115036021,194.14801943468214,188.68988070089208,149.23344773915332,108.65877978126336,0
120.0494874378535,134.90325125184526,190.17018216039196,156.26061106096506,140.4865217621845,143.07809421839653,0
114.00342983772732,113.46282733202749,157.2033329041574,183.0219562481596,135.8202332716642,100.21814222897362,0
145.6546746079031,143.40758712373585,166.15619485548626,178.61754973959586,136.6759056916839,114.07441665433063,0
110.26322181018375,141.15696741324834,191.19675126919248,162.8829604436832,115.63866082184441,109.9036233948626,0
126.62569660354883,145.00307639918253,159.54764064354595,162.59461520327443,107.78474526390053,136.93647593044918,0
114.19330458270696,120.57555497211929,158.75042617611834,196.66739446051648,116.0668734917599,111.18896360629383,0
124.042346862141,115.22806940144262,175.77592000388725,150.2218509492005,113.63062583053616,142.20141672806102,0
146.74398106052288,137.48316633713642,190.29223356250753,155.12594104238192,139.48321936542806,144.37044913990422,0
118.08770290158849,144.71059461203112,186.27068283144717,182.62151220428134,111.26638780287718,116.95971103766749,0
149.08230491205484,107.81057269072906,193.60020391352174,196.1698051277514,140.74104003319604,142.3212140406677,0
113.33845818092912,143.52842121108284,164.45493611626998,157.39130281273276,145.4376063690175,119.57494424094992,0
116.50490700515041,114.10760236616257,167.03876720089968,185.42341892224394,111.99679272327234,136.65568778469913,0
144.07816583985579,111.70223916659751,189.18213424726733,158.67119763032315,140.1345680270611,102.96504946857331,0
117.65370449768686,110.71638158193338,186.35935613607046,189.37766512416556,104.30112977831088,140.0362439813221,0
141.97934206275067,118.98600177482152,191.57349298093493,187.117552952237,131.09345877324094,142.07240221888256,0
149.83747784405827,151.13082940190003,191.47090777512065,185.30566671298246,136.6100666394815,150.005577078341,0
139.42657521708975,126.85202144991311,155.163937084191,153.64944174534423,106.61777558003003,129.97454597159327,0
145.45138763820418,138.65243585502364,158.45649818980345,203.628185575485,132.52122785419306,145.7448202321611,0
143.42208789285357,114.804947322413,161.758018604855,159.76229075137044,151.12884154235098,134.91842467447609,0
111.82311601965176,109.66897572635567,188.34383775666566,174.22097805103505,138.3153388406807,135.7936293552245,0
117.64404961847472,148.13622901408675,166.45196099821584,194.21304482630376,113.00343919733194,118.86749845491254,0
117.1073933601145,136.7294102903987,158.15539992195372,185.5926011484186,142.47422177704118,152.58389956552065,0
140.25365616908857,117.16778442817443,190.68385188250312,180.36228791092236,103.45565107570992,113.10944902996383,0
111.75859529746442,136.0327432083482,158.91462333795624,157.34520752085166,120.75130864421186,146.8326304827798,0
140.56776097801816,113.58558247382663,163.62180226397294,163.12086571228966,103.15987860906996,145.72366189978626,0
114.27213966984095,114.1880039629429,189.89492415653748,188.3609817581703,133.9026979171076,142.12947531281085,0
116.05544063960237,146.19546108011568,155.5671321167723,188.5996949668276,150.87214909581954,108.50537228496863,0
148.3350562880218,139.7364552535038,156.8793284212269,171.6628658612401,146.1484443982022,133.30296410376206,0
137.3314635589942,146.5366823554136,197.81940970480554,154.6149287672027,131.99257017000286,105.17071017385985,0
121.19435400558307,119.47196158146656,194.1368772417915,164.80666106180436,137.88534773213712,109.39181007896785,0
143.66219628295198,114.10754382167828,193.05085565649333,182.59791009928432,145.73532993067764,106.423416931575,0
112.50262940484527,112.74076967149179,188.92987175683632,183.67894172058186,135.9820922164238,130.58012389304295,0
141.26648576474182,124.06600393628518,150.61782232289775,195.99464579019076,111.7573175411315,112.66413083523496,0
145.54717978471132,117.40771860363736,165.0938664288831,187.6146703873423,111.11934263217645,116.09545253240371,0
118.30151280978556,118.45589477414701,189.55752217859563,157.57337435939255,135.8517297031972,139.92609279602704,0
146.1663653815518,120.29430811627097,156.67942363523898,190.21984868963378,151.24405204515597,106.76173267581356,0
142.02228084449794,148.5681732917599,167.45425903732527,159.49023503413267,104.82791943559684,112.26532045561282,0
146.24514869184523,117.30786682391363,160.32797212886845,155.48325142087137,114.81418020116952,105.23460692277537,0
121.73567510010942,146.30765930255484,187.95348130437296,185.14993994627963,140.99597679476074,148.60435069201543,0
150.23533038590762,141.48799293815168,150.36526038968537,158.6273470977409,108.64935960234791,149.8147636031182,0
112.51893683249044,111.0967685524353,200.05267555013162,187.3325359933634,142.40881304608362,133.25005506548058,0
118.69764645059945,118.17592672791906,179.00313186206606,191.86202847665652,115.94917627316592,110.318545575188,0
112.17561168191054,151.9101729665849,153.53518594655878,190.28569568641765,147.98643626378325,133.3861637080061,0
148.56395781457826,136.76262162268253,198.31249468592333,160.49303142725648,107.42399275218361,133.72319629627194,0
113.94659483466334,108.049536492837,166.34180327953445,181.07784358209693,139.17759800456994,114.88854945020117,0
114.60965857652954,147.19662035090354,159.6104798367108,195.1344866750503,114.65720691085066,102.20439127598735,0
111.98488086568783,116.50853483760267,181.47373533278568,150.03773260628427,109.45722296830004,111.83173124422817,0
142.12910563478255,130.64250420017993,196.91660732242667,184.54941746301935,145.13316695285042,115.24607279452728,0
113.2550205151135,115.38398150579155,167.17655275510106,148.72863506041904,112.0108040768312,137.6390767871134,0
156.35376416454744,123.97872863703866,157.5144669082828,153.40104954862915,141.0739014122584,139.78975450363737,0
104.67164502173428,137.45877952626736,193.68208928866142,156.3374122559653,104.24713972610883,138.31496655120202,0
107.99346805247744,143.8728316052165,191.30721892289736,164.04604640819736,138.08204790465285,145.25143345704024,0
115.55299801893506,111.28020277066415,191.59146545144498,145.8171640132698,99.74104939536107,100.81115025846167,0
107.23110249976078,113.14764992050293,149.04191786932327,184.12784189297165,104.13729371858977,108.14029087615198,0
134.35363810995685,112.01803633514473,186.07214516261155,184.54494788936088,134.80245722991216,145.70576800044532,0
143.58608797054958,118.41778780540938,156.94961001197998,165.79477169570143,108.99058951434189,143.94782765636012,0
154.10105465549935,116.97436806302309,182.3616716845981,164.63268803787975,111.31099968012184,115.30927904929118,0
116.72690750125199,114.22287411516241,173.80442247293092,161.4316814559142,144.56757517574061,142.08801426654094,0
143.68922531981408,105.02194454024716,189.06159243398199,158.47252683381024,141.64789297176682,134.9558002344954,0
111.49085584575703,148.63630547198431,151.45474625948782,190.26736175849047,109.395278873259,107.16087027874853,0
121.06121058497595,146.4622984508145,169.0773838251559,157.08833658489573,115.37468514342126,143.37728588710314,0
109.90576053746997,122.18226217551263,194.92681511530213,181.37865773244786,145.4929694255129,111.65916066800341,0
123.29687689484398,110.71551004522419,162.10577052206048,155.34361925171095,144.0877117922338,144.1673815507712,0
151.90372000914437,122.12840396773215,152.69639722613636,196.00900881213892,106.61481843353177,103.69187368982963,0
112.06823599285833,101.6509494728408,194.61544652391802,163.04166957499066,103.55567977305863,142.5823942306245,0
112.61468316803376,145.33526052441414,159.9457376475521,153.8438828470286,137.70277533648616,147.43764888103146,0
114.95490858235105,118.18563746674236,195.5176059093291,171.21422176314877,138.6601199405459,135.01543776915003,0
120.58448071671407,152.8726193463358,156.67388884661315,161.73995592631874,122.79271436699656,97.01699157377911,0
140.6593917923898,134.3460694501464,156.47876740938537,193.28669319358605,130.37635216450818,118.81401112062959,0
148.21694190229223,110.52318965201545,161.9283664010794,186.7584064707969,138.15685076741556,117.18441261919041,0
110.94639008555477,113.13658265997643,191.79080930412945,158.0396270357232,109.26093552496056,114.86261192261478,0
112.71874819665618,115.39691438651403,148.10383432125406,168.8540470299535,120.47101467418081,138.77590295669938,0
106.18962007110242,145.35457115940224,191.19532492976424,183.1434718946875,137.57701966640568,113.56408221460235,0
146.13306109158543,107.62342117613865,168.30361328156417,183.6087181936134,131.67098319574754,146.1808068498425,0
110.48477261897031,141.79580543704486,156.87825639596127,156.2155605643747,143.78321016861764,134.44684822533867,0
141.70256354731592,146.5590599346615,154.51864856869884,150.16198556231151,147.08089614092228,108.32430343775665,0
145.8733856477222,119.44623572302928,169.1742442810725,190.32318705924953,106.95334839368263,141.0764009540575,0
139.7320515959723,138.37121363735213,158.06928816111918,161.04634370227782,107.88972822205197,145.19758006093815,0
147.8931385737657,106.1786652680329,192.57959120488587,165.3583880576146,116.30061055313185,100.76103400050769,0
111.3467165493304,152.89836949920465,162.1597411625973,193.9716613936963,105.83835344299604,114.31092710126137,0
121.16451749384267,111.60578040690922,184.6350236203122,160.47343369142885,108.72310871118776,117.47206053646269,0
148.49855265051562,150.23767043569626,145.45432563284587,155.5775350020676,139.23880720629123,111.80381878719741,0
142.56070319079757,139.5813202273426,155.00043918824082,155.675514329047,135.17646496560855,109.80759939586531,0
116.07756468386725,148.02534462930305,154.35775913619545,187.32070841491884,154.54971167502399,107.30671395818626,0
115.61014515803834,139.8148750442783,190.76485044963172,154.45154296533963,104.27537294892805,105.69499410872429,0
116.4287643574206,142.98911148390496,159.89427244829918,198.00635478380718,136.3444212136016,142.84057714459365,0
116.58539903745832,150.24682055023877,154.8642586437274,196.00689987387122,108.05447436397623,102.93580239211575,0
111.10833918390163,142.1689533436957,163.43033741865352,196.65294674227158,106.39061879014707,109.0546847859324,0
153.9963420648342,126.0810124333209,169.71279125704308,153.4413304975473,132.5529692077583,143.19349133789555,0
105.45456179015375,102.64755417831745,195.23619040990033,190.32586211923507,131.9021346674998,134.7872363758377,0
154.4018218230223,108.91327447146087,161.79304286777824,154.13627694911773,142.42095881580485,141.21958364744157,0
138.30542356847258,153.62881113760153,185.8485721303517,189.49860230586944,139.71612986466175,137.27756361464083,0
108.9373108285915,153.6083695922659,159.40463806577577,154.42010882338917,131.68430742017907,97.56399200091073,0
147.92569263140038,148.0611388820065,156.3146609918463,160.02595090808924,108.64337221676588,109.70346599593482,0
114.60777044748502,138.95875378197292,168.3172268832215,199.26506327630847,137.3537871223623,132.25119754929725,0
120.2520019413051,122.06612227714677,167.63857583096134,192.30459404244323,109.78501015196593,118.22049340933805,0
110.24498741931407,118.49048937005978,151.03903421885414,155.41887181434473,120.92363436107019,117.12980518323563,0
105.57265018779664,144.1497558436469,191.7752904289483,190.31337132557013,133.26505393483598,110.33613370979019,0
153.89665575615248,113.0850428965449,161.66869812319146,183.7395288699252,140.91602122319463,110.79397294006158,0
101.31603779339336,126.03538478141468,188.18650236480218,178.91873888400735,141.55878392701763,115.28319079074211,0
143.2831318952561,133.89011131145534,156.12504754113922,190.14935645627338,138.05508458814444,143.155097657279,0
148.69109882802016,146.56285055831663,193.1184540448245,157.60184252544036,103.10460887725378,110.59177143328355,0
119.4900413858308,119.75142579413594,153.0236013542457,192.03554225890684,128.5793094463078,110.3808902732106,0
139.9503108227302,119.68436181150747,181.25069653513808,182.33687446673582,146.73586429628628,136.0171160705422,0
145.92671670304972,143.05379555604372,152.86440760446874,151.7916788126617,108.96406397240277,140.7909009870415,0
154.14394559841818,151.7876984713162,160.6064146397955,189.2930377535965,143.2128832527287,138.46949996819308,0
107.56993392753748,147.70032688565834,158.10724218746444,188.5768754750653,146.01579564918302,111.8957655945931,0
111.7159024873895,115.73722668178536,193.27527890699207,158.6619970942635,106.3782568532591,151.97562371231547,0
139.66085006686157,117.62881120079388,160.2718924492985,186.93564225101187,109.59336896378097,141.0095262393026,0
136.08079520732517,150.4262302469245,167.34699625364647,178.20011871153923,112.97294764207723,116.71582506014344,0
154.3524137965874,126.553251977206,158.9656636543373,182.80781243681898,147.9546921776317,132.77233097486277,0
122.08552279920902,137.54299718999332,185.29957760479456,157.6537957859233,108.6103436448675,139.6832564234912,0
143.62341178046134,149.33417180726968,198.88321455292473,156.1239056884637,118.1307766853242,145.3819160753273,0
141.8899306751817,144.48652053653655,194.5496659927872,193.4521825293768,136.16485312613534,113.78849671894669,0
120.83316535830308,125.28925171033416,201.84439535316992,193.18979696332698,115.12944717743599,147.15122732482448,0
111.44227828548817,107.39107417602143,157.25114043272944,186.64068707360747,138.8396699436734,137.19541599426324,0
113.5800064854717,112.8633000083001,160.63749443231612,188.72085576099445,101.3976556697187,133.25591988676024,0
114.54185937723082,143.41967607092795,154.81080810933227,200.99335810346082,145.476338383661,138.2208595522457,0
119.479026209319,140.78040508374616,193.77982139541072,159.1278503277338,141.84405609211257,129.42108062441602,0
113.92331118615118,117.94673193298385,162.4028486511328,194.72770423228658,143.09976930258492,116.63596165182636,0
153.25063623396252,118.06096992846435,186.0348982535651,194.1372263004794,133.6913495802574,99.210852001299,0
116.43900234507043,117.20858439386102,162.7189867146342,160.6708955125482,123.97379513355568,142.18542954599008,0
155.65648437838388,137.315667070931,168.35412693140316,185.68355081254091,134.08917517818662,129.811974949007,0
115.46733092752498,144.97789926249712,194.06918103060553,190.56091923465783,115.5165742576678,148.7174802727184,0
118.88300243524964,119.1209002575333,163.75991769956764,159.16607469087546,107.84119551271611,109.5418470494068,0
140.53342705729077,143.98638662517413,191.60233279761954,197.06373955385004,124.4612182044934,152.93263552966448,0
127.86302245061589,119.63180296331205,160.4550126841362,157.17920141618293,141.858117394334,138.22637282364107,0
148.70678829722812,149.28773308269942,192.4971909345728,186.20213110964266,139.4526966507354,117.08241940777725,0
117.69587780240252,116.34161381266989,161.15218354342247,191.99012318314925,139.5839243452981,119.94202792750039,0
136.1899717533279,118.41057478372693,166.48222727233372,158.35883093146424,144.92299275684198,110.96672224926901,0
161.4604505036442,147.7948604962085,190.3624174257636,175.43518271800005,107.6084225923412,101.78582629669687,0
122.15496750912673,110.29504578133927,163.16648674625813,158.27959783160316,138.61427958659158,132.15958427709907,0
120.33286312712957,144.74808815124132,188.175997303472,193.41983385475692,110.20075226950955,135.3491005127143,0
149.26600411389276,142.197972921086,163.2473837389254,180.86319188199442,104.99342218394278,139.42434858375273,0
148.23699282559102,113.92076436741424,164.37319170564504,185.92963082745425,147.29981879568618,109.33182985224238,0
112.26961691574063,112.30120906914965,195.51407643136585,195.6024591759805,134.71446347660418,141.70163061995643,0
115.45828714705526,129.9985535739487,163.5281027581619,194.58191394659352,119.32064113133814,143.42351389861628,0
151.71339221652454,118.67150061799542,180.60233891963722,193.4295337657313,112.00492966501903,145.1737755098327,0
143.78441278246828,117.55932648516401,150.4417083209925,159.48843311400185,136.49286734172824,112.95948658061971,0
118.16694343869298,110.29213841024227,197.59041619148985,197.33617580872587,137.54173861753787,145.70387800937817,0
117.99228204751998,151.15518541351645,184.92701136705517,185.4128933876371,140.21667075900515,107.67135564952817,0
144.49175307504018,106.25073286851212,190.53845457588062,184.55035694528556,112.36994181292269,139.76177270476595,0
117.81503855861222,139.313105708379,157.83906433717056,192.73746730907914,139.59770774403617,137.0452003503907,0
115.72299163544393,109.71231488098829,167.4282293156653,157.39369405155887,138.38792124222542,101.5151665052614,0
117.14045746337561,136.85196951336388,150.27361324671622,183.99864248122043,138.3205950695201,110.36090223996169,0
115.7570165695683,152.2249263901155,188.76489353509564,172.1073712850847,138.66936328005158,111.88925765932179,0
148.0920181870877,157.7014823222861,162.87890954034899,160.72216920612127,112.83670826342787,100.52887417819062,0
134.56399320942052,119.86258818328679,155.75080184441413,193.65881559219656,136.61553958698144,140.70824159619076,0
119.30057841671933,143.1390579814725,169.9044321753809,185.96396098073367,105.88031126309554,139.43074780655786,0
141.99420132861772,146.46242602202216,159.45074315901076,161.98772891042012,120.78823749633465,108.14406578097025,0
140.96749215617047,145.0001940160449,198.59999172156677,155.56859267669594,100.56422082563014,90.86000533333176,0
145.62987942498432,118.04161301095053,187.6622947028938,185.3126497309463,116.40092198098982,140.69807883599026,0
146.36679657442576,114.12913739007085,187.4803004285991,153.6268893172634,134.68849921372794,142.19792232377685,0
109.687741103864,146.32144147993355,190.7186002859373,169.5999636631447,107.62474777836033,136.42406275102073,0
117.15457913069609,119.49179390046154,187.4149721422987,193.6797480573808,107.33205057642913,113.9804254647372,0
143.5885122143646,121.06671310925398,152.05440206474734,162.67252391697474,118.84044796241972,102.87105347953258,0
120.82375667559738,113.22994315196283,148.7675308021946,159.18880337144483,152.45938730411822,108.76160183061552,0
139.6305106653849,115.17776183940637,194.46688449547196,192.33564095021393,105.81562564764005,145.766558034295,0
151.33510834209332,111.60980947451391,157.4813835351509,170.36609795332504,134.50243358965977,110.20996167865458,0
114.282420249085,110.54620247214717,167.06871582232648,164.94113974481309,145.62685454970364,106.37570955628546,0
138.464610357862,113.68165869913616,188.8417662337882,190.96965544715525,141.3105560629599,143.32951527679816,0
114.71748758751907,119.83271988509095,180.324439928959,186.2241242652276,138.13491326088808,110.23963179864836,0
140.54222340639947,151.12033960906732,149.9037399416728,200.11477027264647,107.02377331809228,110.97642701689495,0
150.88234643585082,148.56007506383213,169.42282656713726,168.852979577535,140.8403375726025,138.34943375876094,0
108.28975767730466,110.42636520153539,155.80137048638795,181.3767904729663,147.83163105031622,134.937118443431,0
149.6117807851934,116.81105496502549,149.85670428564555,200.76994247329048,148.5874321007296,143.81472618450013,0
140.1833929562765,107.87625832664138,160.75233014942748,208.06063256682478,119.0125980592929,113.54313422503304,0
144.4589602371621,142.18814793584346,194.87151406095768,196.42518283083118,132.98857525419947,151.49171040892483,0
153.47713523767672,113.86745319931302,162.71362914335813,180.93181180662498,138.25007960109147,135.9381041716309,0
123.0512374875962,142.56520790551866,154.94728900022724,193.72480356486238,110.93734462098992,108.85514561256085,0
138.7564366668173,122.51553243997908,184.24997304959496,195.68354871058906,105.85964332170008,135.9220533468608,0
134.73126919537088,154.99585648929758,201.1917963115032,160.45615813124158,139.25508060729152,135.53466182180838,0
149.9943856698805,107.2907077483829,154.66641194166695,180.26432297108974,122.01474908484718,113.01820551942353,0
144.65142808032545,118.16052342736067,197.13801164385566,191.5306780123032,111.2722490163081,115.44208748416321,0
152.18295138643992,114.33837913170424,154.71559132019067,158.19012233741054,151.8123520971417,145.762145228065,0
132.78350789874716,140.51160085190287,150.91013745405607,189.7848686871424,113.8295778332607,109.45839906130396,0
118.44451794737493,117.50073599303622,189.98828250131655,151.3462119413439,150.2102135233506,132.90957928672415,0
152.35809743334855,133.3093049842,185.5784527803874,188.39113238615886,108.9871513800384,128.6303497214099,0
121.97860292157951,140.39626665044236,161.64467310911058,202.401498860579,116.93610002966832,110.66774200952716,0
110.06201104450572,146.41197456866405,164.48265295799143,192.50546063886378,102.78232016772176,119.968539038193,0
147.57639086268415,147.61391248600074,161.7712524936298,162.81861762318775,110.55908150458359,130.9870695506598,0
140.50204423919698,142.11762524473184,169.32373233768422,192.5759381784015,112.32013274961946,96.71847144432539,0
138.13999568874902,120.73834010820802,159.92952289480615,159.93783523051667,142.90925048358443,102.53669540926035,0
153.4615865419077,143.6548902294208,157.94443667411815,156.40567814748263,101.14082335946227,110.91791307662635,0
138.51235794109883,112.76088364290668,162.29831179902635,176.4189433030346,111.70567139044167,128.08226157120924,0
114.57783252065671,120.66262881231137,189.20109041955791,147.55548129232213,120.5627616279562,106.66067497765123,0
117.77243515478466,147.3936177222491,158.72709236206185,155.2691118131873,112.79548671052088,149.01447449243005,0
137.3451411861368,145.95442316341476,160.7906050855836,184.64197773508684,119.59726684988861,147.68103007662583,0
115.47609260191257,116.46136142585883,187.67009805481834,192.49428626081743,105.38796589798282,135.46332835788462,0
120.19639306550897,146.4177535717097,166.90566018447396,154.82225863340688,134.9552274024137,134.80735212251102,0
116.54594586229895,158.4981373626997,165.98702714174814,157.95448528923694,144.86213065515878,135.24101276323952,0
149.38221066875408,151.1912022481718,187.9351218376784,192.52330443644215,111.28082421122046,143.23179919019537,0
117.22287150880709,113.52615155068632,189.12690480345947,170.29168847990573,98.96220178034902,137.62518133923388,0
111.0818756789437,115.00263503682598,184.7532912546284,190.99540385529593,97.94940073167598,150.14793363554477,0
125.72220400303772,137.98871938486548,159.1195383127495,193.42102894611085,108.81676811350941,140.51917668282067,0
112.90349383091282,136.59598166230032,151.14844857130944,160.58111040615526,141.2885527303937,145.99032994173518,0
143.19832214048557,117.36842322831241,190.07310479409406,181.752773111642,105.993077023661,111.72919436620926,0
113.21168152440727,149.45527629902807,152.0879825273651,191.35305063656944,138.343838730116,114.10455435207474,0
117.94043432774933,139.5287533649921,151.8483993574275,187.8499967652127,140.42332132876055,89.6634150034698,0
110.8230252149498,114.80560450197777,199.06040354648817,170.39329667696944,135.52521422496747,105.65196988947044,0
104.35668233837355,131.25492759392432,193.24257220408305,186.44653260931247,134.2403939795921,133.4643584804756,0
114.08084285725995,110.74062900037457,162.91552062668458,155.46389758763175,136.96505901567545,119.32614721349589,0
140.97842361311444,152.80532229730773,143.3014088686564,189.89007737406263,114.42307572964081,134.05198903072352,0
151.02744676042013,136.40884369697233,184.9403379490161,190.28489371692905,146.51868548983586,115.22263087603217,0
141.73437302750622,144.12691144442766,169.09096477431203,197.13681958031287,112.39260919563537,111.35777322551861,0
140.70076580700004,122.67123864733621,164.51916731683139,159.9701903313923,137.35848898402045,139.50843817930985,0
113.59800944674578,131.06065022972192,200.1692677114524,173.22844998059068,108.87639266926774,120.66140135831958,0
142.08526183670594,139.7165928080926,187.17814032964708,155.38236946575793,107.9270816699237,117.59354434532892,0
140.32526372312617,119.07028043408359,189.39960535858555,187.53780511768332,107.65918785166525,138.37563758518505,0
108.05354201073472,123.23123289352334,153.31828644798614,190.26963261963456,140.51809058785304,113.12141716843557,0
132.83206716063626,113.61734441101328,191.3455258475902,160.27680834666867,97.4511651578841,141.27178736791643,0
111.27804517454747,115.07692093301743,159.6242271324124,170.20715955228846,108.53875996638078,143.0815989340588,0
144.05595297967938,100.88629752614483,157.29448300291017,186.28531627556953,148.05896535256056,139.82205523701842,0
115.42275076787598,122.18053755976605,191.06830076976212,191.31932723367527,106.98210587537022,108.09501957386621,0
111.5631082151306,139.9747787873374,188.1168532789011,194.67264893865425,131.48524699718564,108.25382503408656,0
138.31421040632358,137.68230622660587,186.90865742510263,195.98985000810728,110.28404234499702,131.8832729624341,0
140.56432121119013,146.38728539957853,190.86308571045635,163.7992846059845,107.82092432175565,103.04272392388049,0
113.15799472766919,106.29976265578503,194.73676163131034,189.00394265048118,117.00544221338772,114.06487305412018,0
141.66506810084098,150.11040139525505,162.12543733601908,156.4941600128403,108.3179206402335,103.33662796356582,0
142.18413241439552,114.88081443863197,168.86084102812202,194.74092344113257,98.06818016019483,95.38680851465121,0
143.1656995300327,121.20302512883767,193.60423228842396,151.81626469304865,113.0515832799418,133.0735225134395,0
105.52050617280685,145.26317051763567,182.55343351894442,200.821988522444,148.79438421794939,152.487223222891,0
144.4995056993357,118.04765838265354,157.29650822277162,157.33213316615357,103.54155960855277,151.08398202726596,0
107.68975671291646,103.11119617047234,183.88206880106168,160.7619479908295,110.3787506155315,143.6950918295602,0
113.9054510842559,114.88016583664421,164.34274570056374,186.6842286321582,132.9575557212957,132.05898728242622,0
144.03573724234406,122.47438249038483,179.92280261710152,189.92748776029248,137.11896860136997,112.81746058967622,0
146.37325227692838,134.79149435236752,195.22507739599888,189.59091224241814,139.19692446543178,130.9924908231108,0
118.11520976431765,143.16036067637785,183.64468729587534,187.4232739906493,150.6060699034798,108.02927943500946,0
122.5006287933063,145.6360163218677,177.4491811953529,187.6685852367351,148.3478368641308,102.63636755928476,0
106.74111565037114,147.3595893337857,205.48913922495404,158.462480866741,143.30223092130169,140.71818067864132,0
117.52225617333241,112.7109567291436,190.64382458070995,184.5046900628359,107.14399231912513,138.3722713332236,0
146.1762963692155,131.0669734663848,158.86024057233467,187.96644603682458,106.72980764126105,139.65358966366236,0
145.52041407206988,103.99575974877352,155.5622727770216,180.08115071375994,111.47919143492456,109.55844923558156,0
117.01470978142419,153.09621959292272,191.09828861379918,182.15632334478673,146.9214887700897,109.39291251640051,0
114.04320275051415,129.37354010795073,184.45597859672796,150.97288206058897,135.49448168895668,139.28358388303675,0
145.07829186572485,106.90474400836597,197.06345123442506,199.0116042383795,141.376668302923,110.67327039728087,0
144.91147194530018,116.69076161329612,152.62247506037303,189.1625493423874,137.73026153919082,139.75948857352097,0
103.14773993652378,145.89463613722057,186.53474548181114,164.50103073989976,106.19331431378693,138.63867046191083,0
111.03098909909902,148.55873186254178,150.27365981952812,185.72589905768976,149.0579425092531,118.10910397076536,0
145.2791769950901,107.21306764005072,162.95308205697972,157.1398390257074,107.12131129092933,138.1766572142398,0
150.29671468601796,113.2358046964288,156.1253812369364,181.38140890537196,111.42204660964774,103.53776998473148,0
116.53366592314477,117.5837774322587,155.86071683684264,158.5519057474438,141.04280459153932,133.55322339699828,0
140.84313473238836,139.62553292203216,160.0102847570309,198.6717313541873,102.8148495598352,136.87957565468233,0
112.91160176579257,158.17316183699285,160.90728485330138,168.15375692101955,144.27778107333614,107.04658413660536,0
112.68415265474513,119.28501979133965,165.3792665706885,154.28836355040426,116.53742520542923,112.17523687701866,0
115.40326052463948,124.24858967342902,188.21541118990854,163.17466256098376,144.37489435052981,109.68071995073512,0
114.13369336272953,108.18074365024798,197.27549344941298,188.71458909194422,138.125887325808,137.64020382503875,0
144.4372703123038,115.66376826481513,187.64612160353155,192.64526720614472,114.38880985734932,111.01920741586072,0
115.00052340529179,104.02061585263759,155.8255292578117,169.71922858552344,143.49212077302118,139.37599414817885,0
119.33121050164934,107.0584570309481,188.19458945026557,145.337035800223,114.67685470672126,144.68162000423067,0
113.43406083693473,115.03081195669209,188.18604378046635,194.6196743084762,112.05855560356018,142.17473246118638,0
145.9183160775082,145.9814412084024,184.11992495680516,199.55171830201726,116.8650058546871,133.46216041754636,0
142.54501249917453,152.99596367469778,195.76390014737453,159.75771561582818,106.3752702004569,139.91928411889822,0
143.02938548459096,115.96968362065107,185.03981928123628,181.53752196436426,107.81628611484872,111.65724219535764,0
144.45193793450363,139.58096930558162,165.8461963014479,162.37783771236056,132.8080554865842,139.5385134844292,0
126.17754751453809,114.5654323116903,156.3463984273703,157.02864081494707,109.70766640958493,141.97973301428502,0
123.66963830265462,120.07911496244199,165.3331348345354,162.62721981019905,113.37668164974978,105.8141939090628,0
105.04769441036404,152.25323005829173,167.33898896995277,147.36618378459247,136.70838691179804,139.92859465526203,0
124.70147670924072,128.52429730228232,187.18449187006556,193.49435376108875,130.1438485285941,115.36857141605651,0
110.38741442450102,152.75748829845222,169.4838465617373,191.15237044756185,140.0694532083852,149.01153554414495,0
109.13291100863763,122.823118768951,183.26456850895013,176.01903965699105,134.8059383155329,140.0361639495716,0
115.97394346391593,133.6487257284123,172.15751072195107,156.9843634274768,105.81530235147646,148.67904666607342,0
110.66784846920713,151.304348871673,200.35521232938956,150.40883123251723,139.77328140769464,136.55778088600485,0
123.84043003543839,143.08689220189993,162.68930829246756,151.93881964927888,147.8448144819892,145.62247448280948,0
144.75646669382118,114.44297089448067,189.31018445188235,196.27567462785052,102.76785278366454,109.85886740931988,0
139.5989983744196,150.74449000985047,157.30021367122723,175.02058874185022,137.8423624374376,133.75778735550136,0
114.51849633899012,140.3077837101749,151.79270749195734,196.69366276220455,142.58667485285503,113.34373185965934,0
142.19602291413165,140.1169101993819,194.69581849157532,189.7803886356082,131.88287912631668,121.75480989791623,0
119.57359739861451,111.24197679004848,197.87363628036329,183.47104512825334,134.55590355881586,122.20405445607028,0
120.84560610246962,140.07274180743488,176.8878474493788,157.31447381214784,106.92264647633269,104.25574239176038,0
118.53866428663721,106.72479371339693,188.01369904803872,146.12532190153127,143.2623390550068,137.40122138154914,0
118.17732197060975,115.42035005032889,164.87996871220548,159.25488492163254,113.48714857060493,115.62300924991276,0
120.43874516311162,149.18715910699555,188.3144860498079,193.44246240988997,138.9198946838892,126.78244956099766,0
112.76678294329083,143.87004624768062,147.69296072577734,193.3333806982929,110.79844624566046,107.09954348644474,0
125.19893749861158,144.8793230064483,190.11160198245898,194.6151954192938,112.69512981676954,143.82109798315972,0
135.7350146749857,142.80392223585113,161.13340254525286,158.48612291636235,142.4464887917997,107.31315078172837,0
143.94104656834247,116.13002682017196,191.56060583484026,159.78294129417893,103.56466181528049,139.07282550762383,0
108.95531454197763,146.22950568426143,161.97220887562563,196.3292494213534,107.57535384893795,118.00229500597679,0
109.04131707588594,155.14277142347126,153.17545851191133,179.2933637297941,147.6912418670227,135.9847863740149,0
121.35014255727238,126.84035700501052,159.41151047408022,174.14970455463398,138.73134537856686,112.42015272028561,0
107.88376434614511,121.45396042755932,154.64252156798977,186.38612001434487,112.94085619545051,132.91182059732216,0
148.23082510179802,112.62308620784441,153.4875086627037,186.01431771537918,107.82582099125614,139.67797896034213,0
148.3112921311498,157.5557601129121,185.14875299375888,183.5270824909939,114.66283568289654,101.70754579450931,0
111.66336205808771,113.67476079757381,168.16671733350864,162.25820916050765,143.4256728578903,105.61737974265145,0
113.38941409431872,114.40988294409294,161.93219557167464,188.562974305658,138.1891884689366,136.27202762147445,0
109.87015555261232,148.58915366972175,197.56352206845628,190.93907610068425,137.22392341312354,141.78283436550478,0
149.1252715072115,143.31811800617425,188.79160531115,187.7073010884869,112.95655222083786,133.80903794933903,0
152.77591158236288,139.86497310801127,196.54115208444767,164.27084449626386,135.7693151569038,152.2261282709033,0
111.32346486059869,112.66595039195192,192.17609013841547,156.91816376876153,116.88332965923162,132.989422550766,0
150.69288293781312,118.50762301550341,155.96508156216868,191.9602396158275,141.3297057081054,105.32221098445108,0
145.82534395773436,143.86662074785332,153.12263134828308,193.84090871995298,112.11019632196545,106.30121738642858,0
147.36249143188704,113.92848308033713,173.3404096358713,159.55548645998147,134.77654561756356,109.42784368502103,0
117.68314533905638,116.34596105938958,193.11249667519357,206.55865764545868,112.08261580724557,105.95513119985958,0
114.17875783828897,115.3066053443493,164.9081430179715,190.2685919450377,135.98790173527584,110.48129868232736,0
144.00460623855943,157.27300785359714,195.00486980594914,175.66768625730538,117.97971187690489,98.32287536004624,0
119.1508627891957,103.12005860441383,187.48091373987586,192.24229480534507,143.73735595225924,135.38626259302487,0
141.79811103153742,110.51918482866635,176.69343096764044,190.4524244821911,149.8941563490978,111.69874218662918,0
115.77265209343167,157.32569171389454,186.77724846186607,198.60246058664313,142.1951970723926,134.96188148200238,0
148.1319290145856,138.95624859981103,186.41666284342415,167.84918221619043,138.06709242031266,124.51022020602974,0
140.88970922927615,122.61417873253134,164.16377859546247,154.41885322850686,104.4302584620289,139.80078969718033,0
123.08327319786207,145.3763292724164,193.55241815990223,193.36595213725295,122.41615840860456,109.22778325693105,0
143.74462746104373,115.33918914893623,190.61330586599513,186.1018903254948,146.05572336743793,108.78555253943857,0
145.46973151432948,122.98656525575588,168.62806238207318,197.07980417552307,109.35420307724786,110.34604181652907,0
116.2124396958901,121.65539353011087,152.47528426407177,160.42088179487646,114.16016913240017,138.95089181709554,0
114.68679509532197,142.35347405032937,159.9417474437351,193.04175674699368,104.50685646828518,136.47929522642755,0
141.9473920238363,144.86234982511854,188.92028226962697,160.5014198698918,135.18725113527432,136.20031836990242,0
110.91171310078747,143.3144655634468,196.99344814274247,190.19219203447756,144.50347531155577,115.42390822095452,0
145.85724643684728,149.17517343476968,199.14057366024224,150.37873956223532,145.67672837440725,143.86934658916795,0
131.69061170951113,123.12242318922938,194.69155887075632,154.12356432194468,147.80087466574764,110.44644118517925,0
120.06210525118325,139.0475236680936,191.74605697056393,159.65423027826003,106.00699578927681,138.9456601978153,0
144.8359952114671,114.16532457118956,155.57698985144145,195.17616768006178,115.6652243932495,138.20724966337391,0
106.14347962277363,137.07166449891255,184.9127050676368,190.1365569467903,143.45666887244946,124.94232837585977,0
103.73508353812272,145.2243723573206,169.49691919208053,155.69944872829876,109.01674506687773,134.0488032390598,0
122.93830187108024,112.1346768402076,161.50443060620694,160.7575503094129,107.78944942171879,122.94734609429396,0
141.97533324926812,110.0460977796132,158.43453661095253,168.66403485085002,135.37970730944505,111.77912441821542,0
124.11540882755779,150.98244666851284,155.14831387618543,158.20712449642303,135.22960229195795,105.9030302319103,0
112.85923814884076,163.841693018746,185.7274847809227,191.98887735732546,143.42842704217296,116.45340633973926,0
145.1698448665504,144.6157733981028,160.38383443034232,165.56288505408796,145.83469516562965,139.097070126992,0
115.76034732947682,110.24927852160197,156.72170111632002,158.95737091827726,132.44571104687378,136.9071967887748,0
124.98612659502264,113.88000209773813,160.18314588074514,161.504620970136,138.38227653633788,140.4848711274654,0
110.3479680579123,114.41444200739754,157.229937082124,194.82546135542896,138.3958149234125,143.50363828224073,0
154.27703834648486,114.37371953485851,162.41136747865374,177.50235229305395,138.32340134766736,106.71044335247983,0
107.95716470589252,140.44599339816858,162.66062011482677,171.2360052737783,151.345524279908,111.28545514784051,0
153.42535047547253,105.2189951362934,156.57525699142624,196.09781665760622,134.35536961708704,118.96225427550675,0
139.48010516269716,121.56669759764758,156.82820929829737,182.43135962833972,108.50651523185672,102.39890129134034,0
117.49127000749161,152.0404278143933,173.4672200901488,157.18986750321113,106.9735663074512,138.8623753965878,0
153.61691290992889,119.11868625949685,192.51307833436738,194.60201730949214,109.12396424202377,104.10889158349963,0
136.7673263429539,155.24056699559887,194.24006901893253,190.32666303398224,103.77519848739456,133.66332891856507,0
119.57501150405203,137.32338103182252,195.35138652094884,160.81345675870568,137.83063487803517,145.28657989108555,0
126.7304014263474,147.55900621495437,158.55848222247553,161.2327478801422,110.19614362359988,109.52593670127689,0
148.12578646465033,144.49421250460006,149.4042100063804,182.84692132813922,145.6007469771561,107.83826615142033,0
124.55418165735227,122.04109105473594,195.5515237046702,195.2229095273177,141.90879329843702,143.1436850707663,0
122.66674520728849,130.85439166572846,192.0108499183216,164.80091991340703,112.41095573997508,140.61917038305566,0
104.96569709979065,140.3384662853647,186.7840839487038,192.0879589523571,116.04979670775954,127.85087189641463,0
117.92830448305652,107.39233156676818,188.22582873237067,157.69715827925197,140.67284617893213,132.01241317837034,0
124.66542188680077,138.5015329924493,192.60903519190862,163.95750275073203,103.59501738425743,134.67238826219491,0
114.33157391661416,137.96860717680448,167.07308371602346,187.80206810993468,138.41243082915864,142.61023790426242,0
128.1612703296693,152.8058988515748,184.25402526934326,183.03259021034282,112.20150732535379,111.32065061611635,0
120.12602467855952,127.08260391055687,193.53010572440272,162.32191519038986,135.41960762722405,149.27675785510536,0
106.0149030049031,122.30920088297468,190.07258694366547,169.81790322621063,149.9656106931658,139.70672346260451,0
150.30366868611222,140.6889999886905,162.55567426975742,190.25425955057722,115.09652068610747,119.28058548929812,0
122.4539269971439,148.97285902753976,201.89593282380125,190.51323294304333,106.30963424927272,143.57657104492122,0
152.51472433630164,109.77040980844407,153.01513664770297,191.3338846584005,116.32630072482056,116.94447228877868,0
139.78332492559406,121.81666964988314,182.89736153458716,161.25503919250224,117.27363378834035,103.41395849756842,0
141.50372379585022,140.08071444594654,158.5163896510288,191.2942171412725,137.25791845887346,112.4980461749029,0
143.9256803728213,157.6037761919888,159.44243997343085,194.16144214534185,144.71330114726496,105.19946805902951,0
109.73629446440107,121.49470195428182,189.10051148086126,167.00838473043152,138.16055963505573,146.94902753582525,0
146.33786570530364,151.73176778771116,154.43481112994434,186.40704007445638,137.74440364849374,96.40991089217692,0
111.37815976418854,117.65402406885971,191.23109577094056,195.86982344770092,114.78768537024087,137.17226775592064,0
149.82780685069162,106.12941380659821,193.598890951692,186.9385531374016,108.6699882575547,143.0005370268861,0
145.73967327308907,135.84283336234262,178.4386992722245,191.945342766495,140.62665944712026,152.1833012635468,0
100.79916084501787,155.72185228663545,172.7484958330761,159.4997507170959,103.45880955111751,115.86894611019927,0
113.88750588418931,155.87424292327407,182.319711521969,151.70654624142594,135.68273362383013,101.57122009782327,0
149.29539701548035,147.4763429132437,155.37310115798414,189.30349796666906,111.09405786416887,119.17574165626644,0
142.68842477487664,128.80327311344078,158.38062635566365,187.7473437844082,139.05894689676552,140.1347837849864,0
147.0105586508659,110.29803934307509,161.8521401432783,191.51668215046024,111.55861294968993,108.06387301760816,0
150.7402192307905,108.58877600628074,186.2168452406534,180.15053721036455,136.2195335867585,141.07182912519426,0
116.99365458919642,112.02433178195139,162.93720069602642,167.07450999553635,121.73008115282968,99.68503870077045,0
148.86746211580083,140.57908671699943,192.39875847348986,181.6733038556952,127.40653820621964,116.25098288401692,0
141.46004884181664,142.0218775841108,154.59713651233227,185.46926305236812,122.25354702654596,135.55064645477998,0
136.151391431489,111.91230114270965,160.65687948494477,184.19267085605185,118.23396364905328,141.44435881817978,0
154.0930288408006,142.48575678801615,187.5340053883961,164.81222417402822,146.04833865426048,143.79503831064338,0
158.03614937256523,144.24588198492054,154.98207209417401,184.36330048700785,135.97761658933055,119.02087549490427,0
144.2294755518054,144.36077350968594,195.88353058282618,161.3104622323281,143.1063339517942,147.24381640444577,0
111.02372578569785,149.7338699928692,152.82211837430353,162.22112738021048,137.3368200020868,134.18755791963898,0
