left_elbow_angle,right_elbow_angle,left_knee_angle,right_knee_angle,left_shoulder_angle,right_shoulder_angle,correct_posture
41.792490261418195,38.10267617981682,179.01629032077267,185.39236764360703,35.275793457716084,28.17763023761263,1
37.603038593071794,39.74132219041795,175.62947812201773,178.56536362102824,25.013657049432,28.852370911264,1
37.48603523136197,39.48027862728637,176.70953310807576,184.009373421827,32.15581958009433,31.2608014573384,1
38.240104735417205,36.14698632227136,177.49304373771523,181.7724089751514,30.538319973324132,27.846203191139807,1
39.92139409625627,43.341712626533194,179.54597537038973,181.08914442346295,28.75009829536508,29.43894314480917,1
42.41835918632151,44.293550824752984,182.912431168526,186.38618587844456,25.759226318343288,31.959598484937068,1
40.082500199757796,43.016831333361715,178.13414403885434,177.71462453508278,26.929002816428508,32.16509847657984,1
40.236467035869794,33.851248397156844,180.03109015002116,184.80590092892862,32.550833432092,27.55291569078755,1
45.46718803479983,40.173521424430994,179.26831136756067,176.54534052056744,34.88538532371802,31.55803714290915,1
44.505946359364444,37.52089584665495,180.7853622142387,172.84760326449364,28.483979656051073,33.68763118415349,1
42.94285526515642,45.35774997874789,173.52151799655695,181.32176430370725,33.290963820364,36.101484793978265,1
39.605695314106455,44.41591713928781,183.82011213780743,176.18706374076703,26.802945395828687,31.893841600713227,1
38.77024503849791,38.5970693761983,183.3973043401238,179.10622587010005,32.08189463845356,28.71452573284993,1
42.26295817367803,39.986680177278345,182.07156248099577,176.80092543800626,30.268754214545176,29.708590668484515,1
44.50515640176667,41.702070661168136,178.19573398437507,184.3527527300836,31.347078168360227,31.652447309266535,1
37.1487794732945,40.47140837852758,176.97429962089728,181.5359762473179,29.27329703988615,27.85471319478431,1
41.16350902313697,39.17878516284518,176.411687725848,175.53328423926854,25.545471952440078,30.122724055500537,1
39.457706114922175,41.15950104235191,175.14276688039803,184.25135297612275,29.852561662696775,25.26392593827753,1
33.86211222936003,40.81515407446615,177.9293250786616,172.3156960594573,26.31290307944546,28.956246189918602,1
47.18373302307292,39.548521126122985,177.75092175669775,176.44269721724478,34.62419238103887,33.61143339512697,1
41.424207654707786,38.78802824102657,181.14401604669908,177.07074253186104,31.09688813766529,28.906812073064025,1
34.08049408142513,41.13006634166825,185.44325367698218,182.29226369445541,31.494043739140714,30.153391481511875,1
45.39523863212061,35.89946735341852,177.06977707747208,175.57802082664682,33.6348870509357,27.553856137874583,1
33.9950441124177,44.27500454999529,178.99712116194326,180.83500554534288,34.316003280442295,32.09831296965854,1
42.95142767619229,42.2928343274548,176.327935543125,180.05496955903715,26.856767512875305,31.200864429062953,1
43.13632585356472,44.83779241447361,181.39994251876158,179.85298421580075,25.883284516705125,28.697594672975104,1
42.0835754662417,40.7728626773383,178.09522447129328,182.97606599309373,30.196979782270972,29.736809574113625,1
42.51075872918518,38.32784437490953,177.33245034289448,182.50530536844659,27.0571784352021,31.513394422204026,1
41.30068537308471,42.32256537519915,181.20741707157322,178.13230794228608,28.530112963661445,25.318123932015162,1
40.77207995685485,40.56578498457901,180.27217546948216,179.90548601216372,30.925824060759282,32.22448338206954,1
39.065267767552065,38.34108503741388,178.32014749747975,178.89474566526982,28.91343331008085,33.544097130609416,1
41.7951160083033,39.98545154745411,178.83011783890785,179.0799822863598,27.463824800537456,27.091391269709526,1
36.740397390356286,40.334795071423,176.61202859136554,184.10866112417895,34.15065039772704,26.93068348462645,1
35.14192434761237,34.65846053779275,177.9417049551854,177.63719614136005,24.05949845186767,33.67503284653236,1
40.16254080076837,35.18437234621144,175.42274123309036,184.29092787273754,29.746435857356783,33.59578837137623,1
42.25437853359492,36.365375099347645,179.12059497532712,182.441536809368,29.823306034592786,30.386807771832956,1
41.99002718405632,37.14038366478101,182.4382625397243,176.99508571692058,26.937870009392896,30.90627760985005,1
43.677640651404424,36.42106538908773,175.03208080976492,175.95956958664146,26.70277037443016,28.165829832954575,1
41.381359576424714,39.477454254449746,180.92992704923566,177.4256265911789,29.64553398075766,28.485045315428312,1
43.22710754079092,40.8992691905704,181.3986957379231,181.0973239721645,30.582625801548886,27.336764914323155,1
39.26291977521687,40.30437149117938,178.75764421609082,179.62715564022298,31.922197720408366,27.257849208023043,1
44.9233245962672,44.64356711802868,182.7062150983528,185.91520056176665,31.31796500917163,34.06277887272152,1
43.51649460981512,38.91907935132232,184.333647099799,182.65693663237784,30.30330575994567,30.70440624768587,1
40.622189182977955,39.32262140235393,176.81491183083932,174.58009252198724,32.0464545379498,26.259203376820032,1
44.82666000664461,41.91080052197097,182.35487131432478,179.0909541968052,29.722270818667052,34.97050876662927,1
37.94422339054691,36.39430862557871,180.83927816161545,182.1515942608402,32.28064402795546,28.35571781930896,1
34.613864121372096,43.06802677560389,179.04861002461334,180.98763482884112,31.35787205992944,33.41657680954765,1
40.21629250098369,43.20342925232709,178.04512950782876,178.9728738447509,29.40530894364844,23.993658060009185,1
39.2262609359454,40.12405155687396,175.25268807318665,180.68110853041048,27.060997214341185,30.148965110568415,1
36.216582886694404,38.578371231136316,179.37222296271753,183.09578515384462,33.33127421810599,28.89379937061167,1
40.40555702961994,39.988462338014145,178.70031640710673,174.81109828862878,32.67958440437462,30.800664192261813,1
40.3813647037215,42.28821396176021,175.3497766049175,179.22333483194268,24.10962307787461,32.97672032348079,1
41.49071006180682,37.5817319765752,180.56653067565628,182.06508290532136,24.89867546870685,31.326411489488812,1
37.723805040547695,42.38157777174652,182.04380850176022,182.69321621736947,27.130252476073608,29.83168265732667,1
39.668952015483555,38.51175822409517,183.26405424027487,178.91497826754681,30.411202392533824,28.75963021041621,1
38.74601766221028,44.7208630997216,186.08084462131654,178.54053628341367,21.84078033028564,29.34224508112065,1
46.93425866629496,37.06767217798846,181.68199521746786,184.4975733523493,30.72891036370352,29.609978270100182,1
43.42701039040822,42.31278876768451,180.89472996907838,178.42596189565938,31.4732855470379,33.45799264271355,1
38.85202902955002,36.29710875990726,179.65826412843836,180.34172817321814,26.666551178042564,32.5822811531028,1
42.01983267330111,41.132659953678704,173.87676535528465,173.70413650976136,26.841340900127896,33.27864619653888,1
40.83114278825528,41.034530584664125,178.6745423717615,177.08462944638504,29.39891546319119,31.6019100509178,1
42.10252213191685,37.86948305238539,182.51840472872973,179.99625578635485,33.20724601585213,27.578648962510965,1
39.368923282011124,41.52924276756251,185.02236980522764,175.61651429955762,33.2916814416355,34.52926045534072,1
37.95915597868401,36.89883518033807,183.62177737220443,184.70027152664892,29.6497875535119,30.76138435406163,1
44.12742018999843,44.33240080053211,179.33032852599985,187.2064655279649,31.222329499911847,31.424189221202692,1
36.991735148221906,46.6606091811599,175.92337112830708,180.54446968552855,28.39420890248089,33.37196679953977,1
38.95531659240177,38.43331951827302,178.46718508744277,178.84810249157692,31.271909115361325,33.10429700985442,1
38.99771182822241,36.796193083683306,178.7075719014589,178.54992161389163,23.86455171332215,31.552080001561286,1
40.0641484638091,42.00091237427907,183.16019425505132,176.71646448981588,28.354102293951918,30.24240359872656,1
37.51072680425142,42.622955608641085,176.12918474463802,176.82490460747476,29.800355943125286,30.267046687992135,1
41.76647070466552,40.18971257303083,179.67907988515498,179.64746068173804,31.39153095510309,27.265650421593207,1
37.4557827047378,41.93477888353672,176.57339838035026,185.160499477189,28.097023146270104,27.729657280580113,1
42.32864008582615,38.2119596246082,182.3425271831663,174.57057985153025,31.629136931037557,28.356391260540573,1
37.312289405337594,37.2743922517994,174.95647400871744,177.35628890656113,32.844763986202935,24.342957806494322,1
39.76621576347424,40.556888477722744,172.49260703186667,178.6473088310718,25.53430165835755,28.237939708373986,1
34.869921850247124,42.48623292497475,180.86333968157885,180.16361312458085,26.31716800271774,34.122428479277914,1
42.89577452557729,41.48605896578363,178.20716799618617,184.19987817816727,28.172522080016247,27.51461001264815,1
37.46982728754171,35.971450219166385,177.1343737116435,181.56800381754886,32.62702813828098,30.288575025850008,1
34.24204187990574,38.91188293448452,186.06357721621598,180.88390299777421,30.983250509747876,33.569222555761996,1
38.42129973447114,40.06370238899448,182.23334765368887,179.77310352755723,30.35299553957474,29.05070544115344,1
44.86498719179054,39.88196514183693,182.24648442823636,177.867240663801,31.04349159336992,27.074093774027478,1
41.373266805210115,45.67771512064092,176.6814657670872,183.59543010062825,31.111919321578686,29.22222201410326,1
43.04451133009531,41.3631569922732,181.22657583836653,182.1155594350771,30.176787963789046,25.20621677570644,1
38.35281144203854,37.83653882414381,175.00781240618693,186.6333200398112,36.69980481679233,32.07276313954672,1
44.40747391623981,36.968792971811936,180.47573094221522,185.3766797751637,22.92284424761916,33.724677426351604,1
41.23436041719791,41.1921239215173,184.98106025088185,172.93605114864067,29.56444137892036,31.095524502360703,1
39.568858798307865,37.546735471711315,176.98134800329265,175.83224972532815,38.73370776619985,29.58643386585413,1
42.67918353121413,42.15310300097356,183.0995079492176,177.17484389077532,30.097183612965598,31.377958321827286,1
41.293414509880016,36.950274161516944,179.68522384409664,177.86427808541944,32.96002393215225,32.484671408497775,1
37.05859707976842,37.676026204467334,178.3147839099032,181.8953683105299,27.60407338209423,29.179675306144407,1
39.399115999279125,39.51955794780635,181.31629825204607,180.64257587318377,28.066559694511714,26.608195921784873,1
35.61448068361942,35.947333808493084,179.71193843170045,180.83206367758305,27.133467029700185,27.29777924175473,1
31.22505812525167,40.10801729117143,174.24360698156627,180.54561138904754,28.930292686563444,32.16841757899533,1
34.821949898101906,39.501100335168395,176.62108866435997,181.7518903773012,36.02812642276755,27.261438383984178,1
41.46292576781844,40.522933532794724,177.35109335765006,181.57908931405163,26.96655458720696,24.93819256033838,1
40.06646412949181,39.774130662805064,184.92223352122585,172.02586348537216,31.887933703839188,26.71055290022837,1
34.50245895691211,39.454469825341974,179.04028305508018,183.281822409277,37.48066568619471,31.05224249389034,1
36.86422536182105,39.29524855512749,177.3384261150166,180.57291161378342,30.29068876540214,27.821407388007163,1
37.1646133315801,36.20727945630862,176.9759051033925,180.2747895884139,29.45775950087833,27.442471011250113,1
36.17544751136383,39.417944377749556,177.3236056034333,182.60496398009678,29.471862686134536,28.02992495690289,1
43.56121819811291,40.977420741485666,179.9554322937579,181.73635282820638,28.401200350859554,29.05636857152119,1
41.62948999577341,42.58921098071096,179.6566789905,181.42683514570285,34.70028617404287,36.45082726160955,1
44.01069081801719,43.18038115879777,179.99072873134708,177.52654656016145,30.386021340786865,33.285457579380484,1
37.0081041435152,38.95255974872986,182.41375127872672,177.12522822057164,30.59254033294959,32.829208054086756,1
39.39581104830129,39.55408947146741,180.0621658262883,179.7513036602774,26.05787889063557,25.780257617057753,1
38.63817258111628,37.04453776880309,182.74990658829037,180.71303022287415,29.60521993683591,27.988708648244817,1
39.264318743880665,39.4995222111384,180.69038557324794,177.61968715936328,31.564138117583383,28.685784182470996,1
41.54386987313592,39.292085483339015,178.0501354856858,179.34204382056703,30.7395670963605,29.79651380875274,1
43.707859754812276,40.08413919523087,181.31602570251428,172.64531079973528,31.92246017171194,32.78137370103566,1
39.12954035388979,36.115037051414134,186.2848969897335,178.05497486064115,31.74882112432481,26.34016776615998,1
41.84040463797235,39.426601768710505,177.19852182504306,183.08925774835706,32.1801327354115,26.24006455081982,1
44.21742874604613,38.29623257829635,175.06186294761133,182.5603640651809,25.427878499790026,28.713854519377925,1
41.99020641224589,38.53382156539781,178.65258113241245,183.24111199263984,26.74226206474201,34.03130454121002,1
46.41484270115851,37.20172320739384,183.95167262086107,180.53658204401677,31.824173269149686,31.580889510307628,1
36.69968598100774,40.8246302743065,180.89913501466992,181.38007809662443,31.634859390475516,31.429640317763166,1
45.60946931420503,40.98942405555579,174.03463915346194,183.46182155143495,31.20261833588514,35.740526513425344,1
33.57243069002141,31.38939370099454,183.72150319102943,182.63970720966248,34.30208363818116,27.639969838024605,1
37.34743648023274,42.03154565692684,180.49069318676868,183.00148447112772,30.83236421547937,31.105339844536644,1
42.63837522150197,36.91997320320097,179.68106620251856,184.90373445452943,29.15154888953908,24.732652803513023,1
42.05988886540318,37.29119953455222,182.74413482093308,178.5821766235616,26.924443062528763,32.23758208316269,1
39.85270064767952,38.617762881124364,174.2219470365019,182.1622630076179,30.75126192286205,31.850850488580797,1
38.817354524710126,38.81834065663202,181.66118711507679,182.88551542791606,35.413742477978545,25.76320828631705,1
39.0516426248324,40.7652582375738,181.92891193070506,182.16028534717094,29.56907223201437,27.20006384752878,1
40.2843193710937,40.02014067691293,182.86772558461467,177.66017935444492,29.919598169097572,33.251724828894666,1
36.18181517257934,37.485016431792324,181.72211584965578,185.36485913357814,34.1055437389725,28.345760106446726,1
38.3717283143615,35.70268285309939,174.84819238157203,181.1552989192323,30.023844298233026,32.49227369890155,1
42.74950216062772,42.34057050198797,179.07524690448523,186.7502346482269,28.229223891497856,25.216950956813037,1
42.06917862658044,36.74576749984416,174.95172448454832,177.50743704114782,33.539547739018595,33.75002302474013,1
40.59372574703196,43.014476648418594,182.1585182520139,179.89849283371345,30.202004137732086,29.791139037340482,1
38.059752499192236,40.13414389744898,181.23543443542385,178.95565764132476,26.983254510260167,31.794763216129844,1
37.35003899373672,42.722436772841625,175.4915028984273,176.85328153552376,32.172922580530425,31.871416145988867,1
41.46018337609425,37.418870399455955,181.50357055892417,175.83376151017725,26.397039752962343,30.299990515135587,1
46.17138275666558,37.12659156149829,179.1121746810074,181.36520994401891,26.35662737148462,26.289432714012754,1
36.292090344503166,41.182824737592085,175.232215550177,178.5627057149045,33.26404982389452,32.250713669092,1
40.583132942016675,44.72639784813089,183.4155770052098,171.14908776772842,29.462179429621152,28.328934936052597,1
40.99355440063822,33.860641765036924,178.59141718510824,181.05121504287501,31.777657140560947,37.66068223568062,1
35.30487189049291,40.575573624872675,182.71221317106313,184.02164697464605,31.370636047430388,22.453350473986013,1
38.74746896261441,38.902998811004885,182.96399293265497,181.14417764870888,35.03803979441838,31.097043460863052,1
33.05845595559523,32.846253877219986,173.81212925517954,177.72313477430265,24.36710221034366,28.55504145841223,1
39.13263644713356,39.94226388192043,178.95907540205812,178.0623441655787,27.61705990572583,28.216594479104565,1
35.1526578624449,43.81390553075008,181.6295175395808,181.8388275870819,33.355260185712424,29.262745775327062,1
38.06214246900605,39.55455381546482,183.77018896735837,184.8724240416164,28.77247127826118,29.4080028224258,1
37.62656325369034,40.43370096301301,177.46276614053198,181.27859900586174,27.254107107556692,33.32454370849049,1
42.37070007543488,37.848979932320766,183.3703836513704,181.7664886080018,29.03801133245082,30.605897872993257,1
40.57015596557865,43.593647912671855,181.2050727859043,179.08759265746224,27.924145068889327,29.646859191037112,1
46.45272508550861,38.3631702358349,177.02029067462675,179.69717070725096,32.23797694636521,32.61729190535772,1
44.39923771607554,38.67328020798449,176.19524647717228,179.87779410769124,27.896870529841223,30.063525746993292,1
41.519394288476065,39.80909520924097,181.66388005701597,184.6770493251602,29.50058176449182,30.508858027992126,1
43.68302388155489,41.38294613461605,179.1816745230052,181.54672759888376,25.15168028024946,25.358464837086167,1
39.41965663901054,38.914562353673475,175.07539777800966,180.5427529087519,30.60831104912966,29.35278059060695,1
40.28397679739435,38.384389726605136,180.36617312455584,178.21635022016142,26.488221614034856,31.882352329206583,1
39.3849766349569,40.71354456827878,182.36233724610477,179.2554417718297,29.62566466961819,31.02643914938052,1
38.19164394236263,42.245079203848,176.63643038847215,184.39227550445835,29.82465708901994,33.569678435070095,1
40.18130128480552,41.241044254238645,180.85362036781967,181.9455792808552,30.701152246593892,30.119075421871045,1
41.232109999694984,38.23094479347974,180.99801840696685,183.72249797975567,31.486519438854845,26.138775508445185,1
40.43758176609043,42.578773430461744,180.58325938886222,184.98797097657774,29.05314894366358,29.214307895275514,1
41.07493191345896,39.68563378409815,182.12496264755256,182.58162797597183,29.153833615452985,32.60583646866073,1
36.41223353724029,37.935935140224714,179.18561837755345,177.0187851826979,27.781739621197946,25.72678724853031,1
40.228382797778096,40.871805791928196,178.32281433600502,175.88103040967064,29.589019020626626,28.600945400730456,1
40.15977054713966,39.59967592779001,183.69418994117143,176.3307225699033,30.99191624379076,34.069321563237246,1
36.74315467584141,41.043819692070635,180.15543034994408,180.61785593487951,29.301142619598927,33.96486366287298,1
37.12867562469721,36.907828252715056,175.09400818317565,186.7606581366394,35.28275026640283,30.540157203065014,1
41.83684682661437,38.857316453536846,186.42888110563203,177.90324286789098,27.16269360959805,29.627019394868025,1
39.604066475632955,36.0947000675171,178.75205529605103,182.5767550578429,33.11348848920754,35.05190355053785,1
49.1408572731695,36.21566267176862,176.21337822965145,175.50060970858414,36.84887837439765,30.532925188968893,1
41.09430230619894,36.60889590950981,181.3780411062761,185.3833739908066,31.8116793591043,28.26457063282692,1
39.38340863240432,40.799180649457995,187.2218628308255,181.59587539293906,26.80555771748683,27.870904010034984,1
40.4676705943715,40.88589071713466,174.08340961247157,182.69297640177206,35.060592778235474,30.59354093084283,1
38.830188184015746,40.78882251730699,181.46390772465926,178.12559548504333,34.247895019528464,39.75942117459718,1
39.69044366327301,42.953599444903624,184.7359339437491,177.0589972717051,25.392706917129058,31.990190159950835,1
44.220062125670395,40.71714254003393,182.00481392676318,177.83795331287865,31.126159513873183,30.19148743196349,1
34.04420802768733,44.537689006147986,179.71284840631316,183.32246925350316,29.813732278922526,30.194825388140302,1
38.41956759538412,36.58521613999514,180.60882790553256,176.17657106201085,36.34701011667438,33.84599289939081,1
36.21959193252136,37.95276733044464,187.6928235981393,172.8137550500536,28.72515453361813,29.547624696776065,1
41.25725782778103,39.69238334056484,179.12315611140747,180.23114575169214,30.17001444062017,31.016223344872973,1
39.34583264341641,43.681724681776544,176.33922454534695,178.24042299470895,35.84350344102921,28.37257809403151,1
44.81243094194432,37.94688270354085,178.11639995714518,179.29227275566723,27.445995521295796,34.10835821341577,1
41.95702353591633,40.00423450747221,182.00029775809102,181.8779975738495,37.39496181640788,26.075324996379514,1
38.867491371119144,36.61660412069176,176.8773288050623,181.21544743073062,29.202535798442174,30.313522327625208,1
43.660281353177226,43.07699927058363,177.4834575458047,183.6019716935807,26.510486265377022,33.94005220739655,1
40.49898048779907,42.55004311079681,185.84128176928724,177.9687449056511,27.784833222810718,30.84836256064777,1
42.00075532326058,39.60275434938507,179.1239495493262,180.2260032660412,28.26787230053406,35.6843269250121,1
38.54993702702313,40.76850612431965,176.1984272345141,176.2190616766342,29.38773941122904,31.65043804829623,1
41.61386091146285,42.13517412661782,181.37255711741946,178.08894540646807,28.17915460406874,28.169464919500143,1
43.565966145446794,38.724587759547596,179.9583066964047,181.71410035118757,31.970794541813884,31.840186438546265,1
40.450769557239774,42.631987295752516,176.42667664236492,173.6618678344889,29.65208724002327,28.101396372197033,1
45.267015717770064,41.20952119170396,180.04849137514825,181.26290854482022,33.02349824859434,24.162527333591797,1
36.243447380409705,39.070869981975626,178.74508659168336,180.5901001469392,30.480239937929515,30.364502173548175,1
39.54462944910087,40.753240989653335,181.4599845551135,177.52652945569153,32.18362148810657,26.933941326116035,1
39.68723158846126,43.92106331778429,179.70251211780808,181.70609894958895,25.675560556533547,27.433760308767347,1
41.50224884352569,40.55824524418811,180.8161275188032,182.32020615818936,29.20680091944721,25.97250712476836,1
39.14431138694709,38.62471663974297,183.46836851339404,188.98181920868802,31.40202201790918,29.03178498211581,1
43.142624019734406,39.17096439239871,181.98035624609892,178.35695848562915,28.436309439321597,27.2577292011624,1
35.25077549758201,37.927270326892945,180.87813464181298,179.25267496360257,27.680139420960348,22.448998947620073,1
40.47609539134094,38.42192923778232,181.21904660430167,179.89318050427158,31.005986514333873,28.098130834367783,1
43.84687779429514,41.48872888859726,172.6091825604138,175.50941433887274,32.32971970482426,28.952271225795684,1
43.93164182941963,36.59448137413191,176.34540856533616,181.28974421614612,33.63500286851446,29.8256746820824,1
43.44238200127728,41.94188523427919,180.04589159928813,176.94343435639905,31.58594559855439,24.725142539474618,1
40.69669872735487,36.89723719969548,185.50191872652408,175.12900465119384,24.42127843478771,23.847364512126155,1
42.09781118901648,40.15672706476889,184.82599323207114,180.77582557455509,25.478907759659972,32.3317884574517,1
37.77680943966667,40.612448353850965,177.64383106956612,177.08204347581997,30.124112932528984,27.394854070950576,1
39.658537908960895,39.92923384312166,179.22352507694174,178.35162728942774,28.748155063758393,29.65647399349001,1
42.23511635633402,41.395482349913934,180.88113115398806,171.9959343738135,28.051643974413235,30.606408862432644,1
41.57853468698543,44.45936556369862,180.64121676282568,180.83174336713157,30.047498811078523,37.88438632475167,1
39.97971442443415,36.15186191361395,180.4808603527138,180.95875269158597,30.09830627826994,36.97496706459195,1
41.75301730681776,43.25792473057625,177.0901731908787,178.90191388392302,26.725452504105093,26.070582427664682,1
45.07126822974128,40.6768603589802,179.41423611310012,181.25783316173147,30.599100789885536,33.43271725861469,1
38.058644925697635,32.47748144470246,179.41782974840913,178.86222488783514,28.53527563179942,31.723623114683523,1
42.0347048817123,37.498282505230065,178.08649820356925,171.10563714609754,31.22004090229115,29.067133321002636,1
39.88539907651023,34.495645706773416,185.05267748538878,181.9573768719627,33.38767050411774,38.117666983837125,1
46.05459802794842,38.69947316937692,178.93302138913884,184.5032536340346,27.93049885300634,32.42252852892937,1
37.72497070646286,48.98251665277572,177.2860002101776,179.51701961854798,28.139180350207788,31.730878767570466,1
42.59963219476854,41.71992619146609,181.82364474869013,182.2641084232708,32.51005028320042,27.000068583077756,1
40.49123968147433,37.46177349964594,180.63422486031243,177.56004550944903,35.031773442084884,24.431480751618405,1
38.95355992413011,36.06764463265132,178.6093338981625,181.1981355482929,30.129928898852214,29.340956892171164,1
41.339695656822364,39.38747085056497,180.33220090524836,177.679014394939,31.99173997623223,24.059833347548448,1
39.912379459719496,38.15920052604134,180.1541537304952,182.8936273345958,29.632711757676166,31.866482854877997,1
39.35844513600947,37.02745351756293,176.66865071654425,183.78121629522923,34.167280882725,31.569716868835513,1
42.82391205092752,41.994259782280324,182.32655640062092,180.45613730676408,29.718009024722956,34.09667841493631,1
37.14219931612999,46.02221028223354,183.92802958170037,180.62097229770242,32.10062935113518,27.05360670333026,1
40.61287623180247,42.142469004236844,183.27872758735876,179.14590706432372,30.711155397221194,30.49909376901209,1
39.058265756516825,39.931242408436475,184.27769860249097,180.84866905074276,28.670012298594095,30.002773653397586,1
37.97131177511301,42.54393751220981,182.1672855048832,178.5208375994223,31.314000063207754,31.44044027325906,1
41.980539221107065,35.879445483401824,179.1570185351927,182.84101833253854,31.6172671607677,31.973563944161363,1
45.248627467089364,46.801630208981145,178.95354531275638,174.1048609562229,31.850774240650203,31.20780491441514,1
38.60384823555732,36.017203354281044,177.8611516259107,180.5689594891835,27.73399696968098,32.46699061171429,1
35.18171884810346,39.204901063988174,177.396672217983,185.9631413713652,29.533390336379856,29.22022574622368,1
37.22118709533629,40.56664735079048,173.25589114018524,173.38493315352264,31.949494305314836,30.25587425263807,1
43.85470332856352,44.02518457776984,178.1086220128187,182.70752990225063,26.773738123889757,30.611229822089207,1
40.33032521077144,39.68608806973178,180.7319764373653,182.7506899757417,31.110108250716262,29.855052360648966,1
34.920636808839326,41.97856044175783,182.36566686595572,182.1480314002623,24.13332988626361,21.748616261492867,1
38.20476895589919,39.62621799097565,183.9610778717145,180.68063253688013,30.407326486441423,35.569194368442986,1
42.211438512498965,37.06824812167111,183.13122968228504,182.46588497521722,25.987626619114806,28.92781751601439,1
39.82261329596344,42.75176807986974,182.73539931960278,182.5307100654433,27.534070278142686,31.553113442589837,1
46.10761217796624,37.854554447159764,175.30130739744786,183.36086677024605,27.76279618892743,32.66915885546255,1
41.391597406085715,44.81546803933013,176.89216167930948,173.5314451238443,36.97878212855089,35.647317962278905,1
40.7115513480004,39.18629812714214,178.75948187038813,177.9679075314725,27.88978343001307,35.854264167830664,1
39.46167423731297,42.633887285238146,179.36122287459148,176.57627394691852,33.37992991810906,28.793583433704846,1
43.50204710142882,39.09687622080084,178.3810065934194,181.15988980907673,33.10238835845643,33.28624192039411,1
42.21724443895272,40.48263538442526,177.30228164594857,177.0465011430324,28.537149890254696,29.04049784167869,1
34.36174633944601,38.39570283434382,183.80574402187708,184.31936098285507,30.37259519848634,28.711046608890957,1
38.025194970252336,40.82345075331392,179.02794463709202,180.7886406833274,37.52982660208281,30.572062589368198,1
39.61155633827128,42.765144296174945,177.81013734969537,178.6379206074373,31.65603244095583,30.122853227005375,1
37.44202266256313,37.78586884974681,177.3636114114046,177.23216999233776,27.377950374464184,32.74350740759909,1
43.075761683205926,40.84927686800387,180.84884088886423,184.68134909563773,30.534016375574247,28.602946393971834,1
37.853810194969135,40.682979363718275,179.68564942130303,184.30284480522567,28.581871842559227,27.71968549347604,1
40.93951547607963,42.26154136857495,182.94682246505837,179.84324832184603,32.15825114386771,29.898160641253934,1
38.22332564202581,34.51834619238,181.85452853054136,179.92985141976538,30.42180368805113,30.362945067745034,1
38.59890848844789,39.55788497317133,177.72262424453814,181.92818444152405,31.35306416605619,29.837764825354903,1
41.424006198386664,35.483674041301384,180.3246439673743,180.5219999382659,25.195603138891364,32.45610530353231,1
40.54153106878663,34.011580601275625,177.89464922067535,179.9853908966419,30.466185878677088,27.903642162305694,1
42.058662928313886,36.2786511205277,181.94844728041565,179.04863258489337,27.521861455307082,27.625005564994293,1
37.572332942147234,44.14511721535711,175.88214485149672,180.25064738505685,26.56781939540171,26.085570358890834,1
43.895555109848665,36.06166838206478,181.5883485147181,180.26965367486918,31.223617932528303,28.713134624626328,1
43.03606774248369,36.631283578823094,181.97566342960886,181.0252711557417,27.67953332396077,29.58864355028605,1
40.77055513580717,41.356786141463985,181.5215873865875,186.02482818970896,30.308816105010532,30.15250130946735,1
35.096021783740355,37.84095666425464,177.59701517414206,177.94986188711064,25.923995720601223,26.42438687515893,1
30.668922475537187,41.20262810083302,176.72034107471802,184.4178756930089,34.92597821582457,28.97226851989889,1
39.11784912867935,36.045643839187534,181.1713230602794,182.11038954920463,30.745792527605644,33.38183367692957,1
42.281037916867454,37.99076314203756,184.3516942614154,179.36940024548863,31.41838120341735,34.59877627806225,1
33.46325377194297,34.26753644085328,180.72429246979434,175.255675501859,28.09640408360466,26.688834187173427,1
40.73738299715413,38.89575384024021,176.87415650450967,178.41572867891745,29.951212461559205,31.63564157615313,1
42.881828665192344,37.59306414628564,178.52489532825743,180.39174883361383,28.39019256557639,29.39135771080798,1
40.24896782369778,37.9093039434113,179.9679805173842,177.006108055021,26.314400631570646,29.60016496790248,1
46.54032476917189,40.51004615311486,177.47272253729437,176.26730787867803,30.45637272090456,27.81191498315041,1
38.17651811747079,41.599906167397116,181.52931494235693,178.03769926426398,30.291062632971823,32.40321338795289,1
35.60634426645404,40.590507839861054,176.97867972185375,176.7890479438435,28.953601811078954,29.03444420321162,1
45.53702553686661,35.60520480795465,177.48143724041762,177.0746426745361,28.591310990246658,31.554915272880535,1
42.511966208059086,38.383438991704566,176.00306379537065,181.44207198145833,34.851061436038336,34.74733764909769,1
36.751383302036714,38.212407948947764,187.40813013985724,177.94808520037566,32.32167581072956,35.39311854499925,1
44.93571632938336,40.4081950706826,183.0362507386581,180.1563022772059,30.083496786473592,28.53839505181339,1
46.68614649869047,38.054967107712365,178.15947809421678,181.87853671623003,29.06041605757804,28.77115375733556,1
43.2125608747299,38.19209189744833,177.3127597650452,177.94449248086636,28.750330481877846,26.719355058396655,1
39.2897318964917,36.80490456103621,178.02759631905238,174.64683303691004,28.071786613731167,30.146741845006567,1
36.51312834914213,39.43221741435154,182.48522479964353,175.15837041314725,28.73440673801836,27.657185365218833,1
40.569854945137074,38.670683643520626,177.65419276067493,178.75341355876543,31.041561685082947,29.537192212815,1
39.12799147504968,36.89585713496268,183.47025181153947,181.04275616154638,28.6988127526378,30.65462547234341,1
43.9941286793531,34.373086698460384,179.32298601045076,176.73922679074727,28.32538913616622,29.53275902505861,1
39.133570418624345,39.260410223564655,176.35403163444892,180.48317661612685,31.454526527385628,30.505904259436846,1
39.34880967244363,40.040837805956535,180.29672877206835,181.59428892489828,34.42486270131637,30.998380503673026,1
42.94847135372942,37.25081320865549,182.83176837735084,179.91253696619728,32.0919312820142,28.474986511076757,1
41.81463554104012,36.19337218918897,182.43868550188873,178.66425839363828,28.80375921143862,28.567404023792555,1
41.61830259472157,33.85774222987271,187.5417550624249,183.8639495660998,36.36631582603232,27.154202914356013,1
38.54043144219942,39.061889752399274,176.51753665493595,169.60826407370172,30.0712347282291,34.16105571514965,1
41.959839460593514,38.67987686874682,182.4883383313041,176.55873192606109,28.495701404985514,28.44924778241906,1
42.08888171743715,40.16890854527303,179.28540158102524,183.1961760789028,30.411701554512202,37.072548944150796,1
41.55452818568499,42.71759000751106,182.71035690172027,184.28400503010596,30.897615583630124,32.70286032470108,1
39.54158691733315,42.21699445884895,183.68537554075732,180.94365213814055,27.388479023840144,32.531014739602526,1
42.68147849646556,40.210283866776194,174.47334244281325,179.94976237674553,33.69927158613386,27.98012426131948,1
41.571700516116174,41.46178425394846,181.80411894500457,179.87337890488752,32.918301632929904,31.374183369713325,1
41.882475922371,42.275909506484275,176.82984752593322,179.21433607507407,34.44689730411859,23.329090830282013,1
40.12357383991326,38.34793252804887,186.68858563275518,184.08240983514057,27.94936252449848,32.84552902104589,1
44.44878133099052,41.02734398631454,182.32240928273637,176.19101516360547,25.897950925238156,30.336359909350488,1
40.40255023232352,43.05496358695119,181.09883291413345,176.31122647302942,30.472976017122775,29.38136476627473,1
38.28213028213642,38.01907643140633,179.2840107139929,174.15750952933243,31.761041002726394,26.308589361922643,1
43.00328502942587,42.76585754966511,178.33778076603306,186.3092104502568,33.39230977443376,29.601331015339095,1
43.42489184667156,38.07937108622647,182.665014633854,181.77794220741063,31.766367358844846,31.524337666987194,1
37.15499312474982,37.76624337655599,179.99054882307786,183.26324455725813,32.70755237132747,32.62547788143242,1
38.034393363719516,45.68093383243903,187.4517228937332,183.7188985905852,32.67948918338235,27.9167762681716,1
46.909705507293296,44.094950785159256,182.4435885817932,180.2459972346113,24.573017414894668,32.18560394772954,1
40.74441725067615,40.36516458158437,182.0658676921217,181.462208418089,35.19095456989645,31.235251163687224,1
39.35573224263268,38.41348376872823,184.88316173043913,182.21421050031574,33.36537169664005,25.61694758462223,1
40.623478811831745,40.40699581946023,178.37926468482885,179.97783730190469,33.095792875052254,25.325982361076537,1
38.5436860628933,37.239293558689944,176.04290043006796,182.69546054500856,31.26792163337955,28.28608765773268,1
38.08012857035537,45.03754333500384,178.3838330029421,182.1872868387293,31.969011070681727,28.652082990014847,1
41.613639774295734,41.95094769494405,177.4331606990022,178.7188379311433,30.555279121290635,31.154665048879558,1
37.698370250756646,39.987873958998705,176.25424958641548,182.91968817892604,31.43749551143552,27.714422573058233,1
40.11615670819721,39.02367879271736,181.57879347139644,182.97666264612403,30.828443609957027,31.587546687469704,1
43.811921422739836,36.47078158995558,179.65470101821356,180.96661158725604,36.859701804868436,26.749117570383802,1
43.86173667786877,40.266140603037016,176.60197613346088,178.13736044688284,29.552383050582037,28.99052901012879,1
43.53629586832044,45.91242544880027,183.9534559174969,186.42225460920292,27.503525845687072,29.389400105136335,1
42.23662646373715,39.56152410020823,180.5627819521849,185.99526069167737,23.090754861421964,31.087699535332142,1
39.51875773499619,38.34977843160044,184.76613868922405,183.05859097288254,32.733598358871085,32.92820152013205,1
40.538290990137256,41.683993333529635,183.5566652116316,178.719912403173,35.21953950065594,30.508748859057082,1
39.75751449562879,41.05373917986788,179.98130143708238,180.78000054072234,32.275174422720724,26.647115818253884,1
35.869652870053834,41.66375514425431,182.30685800137036,179.0375185572022,28.566909677352946,35.082881948278064,1
37.59767005912597,33.70726451617671,183.03700816586684,175.46082276971325,31.521806732302522,31.920759033082547,1
38.514979455577034,38.949530054336805,181.71039520273277,181.61479860565981,31.352566794350583,30.95363411319711,1
33.15223704531546,33.173377648951316,180.66794609684703,180.90981814514095,25.788199605673867,29.93040711040493,1
39.727488267805924,42.12169761886185,179.70059993015363,179.2745558903366,29.02985691186764,31.878111491844752,1
44.30477384370202,39.65438254684335,182.5925525500698,177.3028679096708,30.01704186334324,34.78626184862011,1
43.208895373081575,41.55088389238819,177.84219027156766,178.75647139382744,22.394520266328396,24.68703727812929,1
40.78703365863121,33.75397577220089,181.70512928996,177.97674558466858,36.824563837240014,32.56475074249307,1
36.65329394830027,42.14885223682459,182.5979450600975,182.52613270492276,34.79470151062424,27.4742420368963,1
44.52165842346843,42.72408551846364,178.01448712400168,182.8801726742837,25.927097963942938,35.89388985729252,1
43.29757972189804,40.270042375591665,179.20935987746128,180.1084273581252,30.746651513024688,27.54715737298403,1
42.95174303264154,37.803536282327805,181.26119979068224,180.31898351308013,29.053708822886044,24.793027797677652,1
38.67498515159269,41.13774869485221,181.97585808272564,182.5816947325522,27.787152890206873,34.166534413866614,1
37.52458378041776,38.011568482285405,176.9852038881134,179.88479802732064,31.7710029693843,27.814396242275304,1
37.883382585589,44.614502779735815,182.68848502782456,187.0539315056902,32.11382103954675,22.140694582061982,1
41.321602306081736,43.368628056764805,181.49135149584833,179.59629359324646,28.4430917410612,28.46091920641137,1
44.1082723871068,34.571972783233434,178.97634351507833,179.7758623496996,31.362873573225126,23.38806180045973,1
39.32788861996132,37.32903775500709,181.13963715903344,179.89474416755633,31.542051449289225,31.0968502062116,1
37.901364871670744,39.41882601766766,175.38443983950705,175.21694903560822,29.578390495833673,31.48971016135352,1
39.0724476850193,39.29612559776405,181.33693889175782,176.25365732260286,28.59972742867266,29.026848745515323,1
44.83019540311505,42.65031288789877,183.66152153806007,179.26125015975907,28.95635185077764,32.91192361196009,1
35.593397843131825,44.61146231950432,180.79058337361286,175.37847304538423,28.294386059170932,27.93173424470148,1
41.99781957665814,38.728561297902104,175.59655168239408,179.53787299042185,29.673222322405152,26.463444838926293,1
42.627259144260385,38.51124359039952,179.49019375577302,181.97816115058828,28.679238105158404,28.714796635652966,1
31.816392119828365,36.60622663150907,182.45611142097877,182.54256447827987,30.452861063342475,27.451438289130312,1
36.29605401516957,37.794840575445406,180.86217211470105,181.88245596848705,32.45100631184595,28.1979002943029,1
40.437286190480414,43.450622782336,180.37963453996773,178.64163963711238,27.52611257680402,27.655329935008382,1
38.94268466019152,40.07933306984387,182.1063447578159,171.22000754906978,30.205171668209804,33.02088023990841,1
39.434938230296574,37.769425350926625,178.24400237472648,181.46068470466494,28.87043901850379,32.59772061745129,1
36.14368129427136,37.94835446866484,185.69127688864666,185.5370806369012,29.687446451827316,32.18451752098142,1
35.704118908352974,36.473150104827695,184.85791891425288,177.68093627378695,26.76405732572128,30.448459140149424,1
41.86184990925399,36.03262276163941,184.45799247620138,182.4171111842252,28.35696608939836,33.51173915163105,1
40.26558746332459,39.83533694462636,175.6474351231351,179.07938877530708,29.134265341840432,31.038757875834534,1
43.73529005746831,43.13720513784994,176.94220513856047,176.28658875151373,33.446209890406465,33.804935457450455,1
36.22962923430134,39.08093002127572,177.31640641922834,179.92624127139823,27.26718369373762,32.81214593729389,1
36.419677989355904,37.29873565407167,177.90330125082966,183.5485427184227,31.016968117163938,34.5332585022038,1
44.36442528574989,39.91527503276761,179.2840563479009,179.86081638337643,33.70680396895598,33.34571587466139,1
40.319661780347325,39.14107525564177,174.21300875880772,175.3302005624176,32.669340605192176,32.76749594311519,1
37.741084851977796,45.604030826871536,177.02129123498923,179.06811384226825,25.348656330428945,31.920228306412284,1
44.20512548348205,34.67973779691033,176.8637736212491,180.77311135722,28.451875684013718,26.741306519919377,1
37.57507323705062,42.18245464672675,181.6211846271715,178.6667703437908,29.779443882860566,30.398278281396486,1
42.27398453828378,50.08181452205517,176.08120927841534,179.51956511042746,29.01280797046486,31.909857166619933,1
38.19507251352582,41.094987459984004,180.51501436661349,180.52745275350793,33.02196475190048,33.08801504765523,1
40.94699124550604,41.049620769267825,183.79953365611723,179.30359692422473,28.53063223068932,30.933061235995723,1
38.18616224031402,39.97847496764383,180.52083904515658,183.5914526682514,33.59996666453719,28.101118362962794,1
43.24917333298335,43.24307124296833,172.91662042771048,174.6967037897265,34.13547143851389,30.715602394143755,1
39.81454318999166,36.07825693638142,181.05755331131382,178.9580649773995,33.462623300102685,26.712226941066277,1
36.355187747181766,35.27399214684916,176.84272819832776,181.78161924630214,27.74437155696321,33.001407653650546,1
41.65097198551241,37.80841615721686,182.16697621857222,184.87640593540695,30.448385372492233,26.2013417016645,1
37.460387208688516,35.476703873276826,178.70631682588007,186.2676903180547,26.432855069027877,27.38929377213217,1
38.47904133845053,38.48108271102108,180.2215889543309,181.83767220427828,27.94032754024393,30.31852636233365,1
43.495961595961106,43.65535005680992,178.4559594333407,183.64736122955873,26.89142282671493,26.39559942292245,1
43.42899978225729,45.04975374936763,177.37159885520776,179.5032425639191,32.644295735666354,28.83201282059429,1
38.776672719348674,40.51708849961744,172.47837185654146,181.37997123083375,26.16639774615286,26.82334873280639,1
39.86918063479904,38.410088491182094,181.89056844873758,179.80698733171178,29.312533618528228,28.983607555464996,1
40.24643746439042,37.037299551432746,183.23828442495906,184.08275624989847,28.758255298499595,28.72762089109266,1
40.60063396506114,42.57062209522977,176.52573967753557,178.94378066984277,30.528817276926343,32.29962515896487,1
39.077489577862,40.59784097506119,183.03697898626837,182.36887935404306,30.583006928261597,27.793836239866824,1
36.893524776727176,39.734392018056006,178.94246734616837,178.58257233678012,28.913983351231035,22.60404321329377,1
39.34288780710501,42.75356777192587,179.28622026073984,182.7298023772302,31.72204423960196,32.56043182616089,1
43.88090902000247,42.040336938487044,177.24726139835911,180.18816346061547,35.53012741050988,32.462668806935724,1
36.911500326500295,38.4621206751398,171.86147446704956,177.9943193003988,28.732505975976895,32.019895913186815,1
39.03673376808039,37.63215951910675,183.3507273055834,175.88843896696375,31.797172979791274,26.96356015762458,1
38.600986343276944,37.044243867557064,178.70772173947603,179.31608774192344,29.0562375200127,30.40216508853233,1
40.27055942564465,36.09965042407883,182.10922974325334,180.10202464046898,29.227549952941665,29.529704791416886,1
42.33654042241051,39.70224320221661,181.7352247488517,181.99468132506405,24.898572866617275,31.545361274931647,1
36.59138822984633,42.049798913439794,174.38378083635598,179.08336936823923,26.68153491048665,30.141395180393307,1
38.46416032904433,39.5961593928368,174.92988116737695,183.82808779745528,30.485799610523102,26.822288121563712,1
37.88295484720274,44.799058823829114,182.45525458602847,178.6943914288797,30.094330085167005,28.909720473316526,1
39.180006537639976,36.73124476574034,173.60326460366807,180.90787557033235,31.86243670866547,29.825951324772582,1
40.89907809379663,36.735190995613095,175.08573027349544,181.09077371997137,28.008811407304385,25.763346215782654,1
40.80936919353157,37.07074710275708,182.77150749429282,178.15393712429682,30.566247215348362,34.54482614131189,1
38.959274586622435,41.19243543978421,185.21063618040648,186.46807743012073,30.058566342790783,29.854115837805153,1
40.09881280226646,38.85345853394837,174.6229429803008,180.7332656376874,34.01878838302507,34.484083858823205,1
41.11017927479582,41.59307469519149,181.28250639545888,185.63569063704452,30.14659171412275,26.583919331146802,1
41.63222747182826,42.20362240476352,177.97676407804585,181.8295311808474,30.672875042717756,30.570892081634366,1
31.01554926470226,38.828690154338496,178.07272069813683,175.31776714924888,30.372395189272385,31.189387939781373,1
44.428683124235725,40.74835672040012,173.78634593950545,179.36674960178198,23.44634877031493,27.106507341694197,1
42.50613621235405,35.310823189830764,174.27953272883775,178.92083488019793,31.87463816662596,26.277689832749914,1
43.49813328778766,43.593573680230904,180.28841560371927,182.20997202177594,30.014000803791344,32.302532368205334,1
48.313550125464644,39.465379366888534,178.8449455478077,177.14508270495966,31.997141671260483,28.127395621453886,1
40.93226728860754,39.32441614451682,174.7211653051523,173.58273911971182,27.592755897690225,32.743201864788574,1
39.08015529184979,40.80357352573302,180.4190957005261,182.3373079087184,29.29246868950261,27.947051558456696,1
41.94970157414721,40.46910066862874,174.6750850853451,179.11217130823186,28.65626711123622,27.75842239192347,1
38.3354533568566,45.0545802916593,179.13403859085213,179.65345596831745,29.26820473666388,29.348422341694732,1
37.30834630843224,44.11028718476811,177.98119952029745,176.08700805470653,31.94198800049538,29.810527693500575,1
40.94562575437815,41.85897474578728,182.3905485171177,178.67210049252566,29.130483202557933,33.3856322812053,1
39.475292313854446,41.044111867157355,179.7784912357566,176.12540679816723,32.17828720040092,28.85154800403736,1
41.145953739753075,36.836346057263746,185.09230260742592,187.60635806666002,27.066767396709523,31.091598699188538,1
36.65225874009361,39.05619922374232,182.80826442434045,178.68864299614694,29.775716680928994,28.284255144456488,1
40.630593622408625,45.531668322491186,182.87141691682834,177.6800249294801,32.30869796032956,26.62444077278767,1
39.048226455635195,39.63096549565387,179.6329632056024,178.15401154403938,28.183002138970686,31.55856847845409,1
38.436399931710575,42.601897661141095,176.61276081169925,178.30662748466187,28.883505148774816,34.321352421451394,1
43.94654435308632,40.914971821489345,180.09118405277644,178.72531790278626,30.268412601904572,34.71068554813234,1
42.40965952680335,42.30148468936229,178.7521001146029,179.03677048612386,32.936336821242904,32.506696704794805,1
39.491632458110466,41.66091066260033,180.84298204978313,178.74037792849347,32.51862997226448,24.69738109823417,1
40.86352899011756,39.37716190213816,177.72963066775642,184.00019787597157,31.239648374424878,23.79127264336155,1
39.31527377028132,37.04815351723939,181.50114526520602,174.9359485424736,30.56627094383897,33.78044782165776,1
38.29881740651433,35.80292555237346,178.90791993496464,179.04478525533625,27.40397066561994,29.1283770762861,1
45.962163818367685,36.071575611556405,176.30332017197534,180.15228240265748,32.40425844436962,30.729021399701722,1
40.325397283869556,44.05595908394133,186.2216497124784,175.7654827630861,28.552768720450533,30.734744236804474,1
44.340810331198135,35.09803548829746,179.12415246385024,183.021032965911,33.316126036323176,24.954424242700945,1
38.676428250445056,42.08136463645826,180.91494150741136,175.70016491910886,31.48564750700182,29.555341853964595,1
45.45218991162376,38.62801411459589,179.9760726434992,182.2351472763807,24.031327648166,29.623782636352672,1
36.45736541852439,40.14099314161265,178.25148009721963,181.32473554103257,32.65031596852066,29.988323090957085,1
42.825074768876526,40.033429202993844,182.1460596922552,177.52906177461625,28.301584471116506,30.122819479035506,1
34.30461135967375,38.25113586973595,178.79934578127921,179.30119523184234,33.83796923237949,31.412019895049863,1
40.41480331026455,38.370409637246645,186.66173312395128,178.46595549215823,31.43461993956119,28.638173600498554,1
41.22912933600249,43.82003949326932,184.01868865010084,180.66602460666317,27.55807063426141,28.031713302970534,1
35.737990157638855,42.99010524125489,178.1038669461319,181.01415326683684,29.170274597783035,30.40445094261851,1
45.29025534002481,39.03889138325905,180.59060780352374,180.90530558337264,30.95528002027499,36.88872675742539,1
35.77304820626138,37.69833953837268,179.79980329009575,178.50874386720412,29.73752707623939,35.50882420891317,1
41.51032895255511,38.190884272376714,180.7293008165618,180.58582773676937,27.641554526680473,30.298839393599284,1
38.431488734996464,39.159224107511434,178.2023934821474,180.0626638016233,37.921731179347915,27.42879909261463,1
38.424793122258684,42.07150233081774,182.24998245856827,179.54140066798502,30.164469577335794,23.84310907977288,1
37.135100977140816,41.643646969074204,175.03385407987665,176.74882989988333,30.689176995163375,26.141711152421266,1
46.76957877398744,43.49682547097297,177.11710390825908,173.63101469315936,30.163130434616566,28.057441923057645,1
32.74869218073678,36.37029624317267,179.47258552669203,181.5542374392123,28.642281284455702,30.42291701082583,1
37.44700490978954,38.1549756853488,179.92413938217845,181.50544021634508,32.206608914933724,30.10194509730876,1
37.93184432919713,44.46240294782663,177.8529086912772,178.4897689121941,26.403796530775804,29.626626066358583,1
39.77903796434252,38.16880765241214,178.1267619168163,183.3582656871696,30.340682260689558,28.4260664916215,1
37.681703807052095,36.36596392304867,179.9489406635161,177.79353038299936,30.38805664673117,34.22551413167823,1
42.341141473879574,40.339169435723406,177.42408373284792,178.71987647998603,29.944327522890386,25.083870977762995,1
44.12733373478885,35.00218251519746,177.45524505659645,178.77907801006543,26.74081856356326,30.89741448054724,1
41.8999916721886,43.78659875716978,180.84368228475296,182.78538916703914,26.32849592081203,31.927281721390326,1
43.68051303672347,39.98003791832225,177.63924202345163,180.3188341502779,28.650627087870202,28.841448287639327,1
39.41925540242362,41.09048459276938,176.53621748486128,182.3268049934243,27.162092170676296,28.30786296797587,1
46.886559984589326,40.56795875177353,177.32720674381386,178.6397638757394,31.511914947519422,30.295874216517277,1
38.47057438891012,39.40235509849726,184.54675214343743,175.6489364978372,24.713083640626333,28.470752975786112,1
34.940225329830696,36.10241671797279,174.651146142855,187.7684510871863,29.2778109965392,29.597043061182436,1
40.509557917346044,36.770760981310985,185.92429211860653,181.33905017607194,29.259768486565942,32.18088071012648,1
46.07920826674507,35.85558723529028,182.1688719313824,177.7458816888421,25.568382176944738,28.949545626619106,1
37.591547985633646,42.39988984372093,175.56894089299226,185.0139002850752,34.21073475710095,33.124941383087275,1
36.64025723052635,41.36730914485758,179.81948205029593,175.67634189774606,27.352208592073612,31.50752557360387,1
36.789535235050494,40.96305921792312,172.89666514083527,179.67177891839046,32.315518349600126,29.899898457954375,1
43.57144864685135,36.12840123327819,180.57279884305714,178.88839911355296,29.81604268254104,29.321185952642843,1
34.82333746013062,41.316402425149796,181.80121764135296,187.56783847607437,29.871425283962708,26.28396881266935,1
40.70022153294081,37.35301351619872,181.95248007743257,186.4670569105595,30.08786951003479,33.21297331754187,1
33.674898209841345,40.971408408396336,180.94107795527626,180.3688582284414,25.718119243192913,31.323021844462314,1
39.66806975732776,37.672533726341655,178.05004163103035,177.95925457488445,30.76023816448012,19.84168990932687,1
43.35295379353161,40.533265549002415,181.02310743957065,179.31458192563127,33.09830351211515,31.72633850491289,1
39.47621932064902,41.06435918446795,179.50026483355902,175.3121024604876,26.52601131033142,28.103232650946975,1
45.02841268597751,39.246989341788726,182.99577934275533,181.6542768588066,33.52842995128868,33.63839735107665,1
39.654914532442554,43.39891129386739,178.54335232113857,177.50226300516377,26.694615245565426,33.11980988169629,1
40.82021235529438,39.627750961225715,171.87021066524503,176.7415767308421,26.516884726034355,34.87671018208421,1
42.92298283899818,39.367820272257276,182.18644637733794,178.01013035519316,27.134328520797016,25.464441970371148,1
37.89319167963118,36.10560328284855,177.95008055736866,181.69665996792554,32.179494901682546,30.708226864683837,1
38.11510489643569,43.42295365267471,182.3286172531912,184.33434081388066,33.26968170272336,30.422380964523803,1
42.56183570569264,41.62642908519833,174.08933631072944,183.34151017673972,35.431882393403704,32.48446926975055,1
39.92523683859606,34.96099435398103,180.7249274941711,180.81560096337878,29.96372527610705,33.6811330196427,1
39.31253504925838,31.51563540019711,178.84955449285238,176.8147881667784,32.41100634403332,27.86297152813697,1
38.82599671835451,40.20160715461908,175.8757679027911,182.55035430529784,28.882182518350227,31.811544721926396,1
39.13073703021757,39.800907503109556,184.78614945707162,179.77762586570466,28.969740472416944,32.79760463764833,1
42.82438753580877,37.76573477264376,181.60996288527883,180.98090450773188,31.503801904967826,32.479657122565186,1
43.77442620345936,34.76166497011923,177.43162217146494,185.9513910205285,29.691290469459368,34.62779475363196,1
40.11383265966713,38.286191160976564,179.22305034873867,178.84892273632582,28.830966483188618,29.60907949798026,1
37.06104137747392,39.91965406510076,183.90610676130177,180.69803000424469,28.27270318023003,32.07448469022712,1
43.476383064852556,40.01781409249429,181.3189336897444,183.30879791780424,31.894663096496668,30.674286436581568,1
39.80816870324421,40.66411465747602,181.4476299838234,179.46548165112208,31.649720860811232,33.319227304598186,1
36.68294103627777,38.958901752220264,182.62094846217477,180.40212228751386,32.492721481247195,30.298846536263767,1
43.184384941658394,33.891375170048754,180.76388510529907,182.72306602067943,30.940706589403224,30.554533525478906,1
35.334046316214746,43.34392285822493,178.28265987154376,176.90193203960047,28.442274348147834,24.58453786546517,1
41.93057792575201,37.12860317625636,176.87201475431266,178.09831558694748,27.88044446507345,29.668815887115635,1
41.383995772289445,39.92690363183373,176.06352634136465,181.36227575081367,28.08860933321916,29.89073314037985,1
45.076127673008074,37.66763340112013,178.22010796411337,184.7687397390658,32.690818908960495,23.14458086467203,1
36.95589560136537,40.79948795164944,176.5394569152873,183.1625479391432,30.64629212179834,31.038434205555735,1
38.063029845693194,39.87302916200589,180.28170149298091,182.9276824963044,26.046058082589038,34.641745435495125,1
35.85478604148398,40.30254936191062,180.3249217727489,181.38752044187225,34.414713302981575,27.801963183044663,1
39.955688806650215,38.17363529042062,180.37994838912118,181.21895007474114,28.0086898769181,26.755557405341634,1
42.4661952694123,40.9443594202729,177.92316037384586,177.4706813836172,27.582704861542126,31.969042184594556,1
41.901227242334485,36.19724571560603,179.1497266277167,181.03954574362746,31.602680957530676,37.91348331965777,1
36.4801878366525,38.29986143290523,180.1484418635375,180.46704400867645,24.752670283481983,31.12429860895546,1
39.03171874403221,44.975650234962515,176.06262593946337,177.64297945629704,34.38708462229734,28.502778883259285,1
38.38037370723071,42.83091359422118,184.79130471483336,181.21338187880278,29.01102270464096,32.61609184714675,1
36.52340542245413,34.87469323040739,183.01738665938797,179.51885964318546,28.436015766101058,30.919994394567055,1
37.17865271823778,38.776314000029345,180.57787165445737,177.570656466361,29.282647906724215,29.51218077580036,1
40.889684603395175,43.24053559599163,181.75305290138735,179.14767420660795,30.223203404589928,26.96287826473095,1
42.573284946446535,40.73497161931692,184.61867590105547,175.83936843060624,29.909578062480072,28.799794820553494,1
38.71956039391048,39.87047338663515,181.63718679579316,182.3483224189006,26.640397091947015,30.471787746375696,1
43.45387482457577,41.32824748966663,178.61523206342295,177.97650514446516,25.890493464549287,30.460028873246344,1
40.97583183748654,37.53362190888874,178.4278158760198,182.66693584359965,26.064656352242878,27.054294349332523,1
41.968123506836704,40.79345388705653,181.38008068839625,178.76672502234547,32.780928587351085,34.50879030063801,1
38.88076201199347,43.9831295210286,180.1674572775161,178.8918922506507,28.968220892632587,27.15488865052979,1
35.37948457496961,37.649671637662635,179.93993049635168,181.82475917809438,28.417503903359467,28.966156512683483,1
35.78219164166204,37.83773488149522,177.11355691906104,181.941229896384,29.899971209168317,27.54296841737589,1
38.18533783802924,42.39152028699785,176.71923569763308,176.18612355475676,26.556927902309347,28.554957728671404,1
35.92356210288736,43.5581169096674,178.42739504525304,177.1525033734995,26.278191110690795,26.198232862430267,1
39.708436434988826,41.183339773306045,183.18802448714786,181.64299204081894,35.40108580794495,31.01121059647803,1
37.34208601458887,38.1078790443019,182.08254263244262,175.10096213704045,32.121628129671834,31.052764099839013,1
41.86919095970849,38.994637071426396,185.4402001315321,182.40244931990523,29.921089275570075,29.836802009345142,1
47.97096229824149,41.092044913877444,180.99794083490772,179.64916124423624,26.449895286935806,31.54176616086161,1
42.23655112359568,41.455608154046345,178.24507146730264,176.91930127436848,30.71938295879663,29.23109476255459,1
40.35166059721926,39.2433018595559,181.22321635401897,180.64363941327954,31.011923038615972,31.99470324922931,1
42.00614391755969,45.212494376824566,181.30508251786108,180.4285294446486,24.915064354887868,29.779703303335936,1
38.12141590299769,40.21902968472849,179.89935708645066,179.9761110461395,30.951220567970267,30.972004962472347,1
43.293921889653426,43.83492675895523,186.98596992078188,178.88693936191336,31.035621844542835,31.354359651348922,1
44.043207897871916,39.428629034180446,182.78210868727703,179.6397846800624,29.862583817806037,29.14938955912843,1
41.14242567201747,44.29611972479163,182.10589069817888,174.67298436405008,28.134775132998588,29.646253090356083,1
40.29487472890251,43.68404072316873,180.92573499639394,183.2508126472279,27.349649829212087,28.26674086265637,1
38.94420821965015,41.24625924302276,179.18750359513808,178.61934279309355,27.85755672143589,30.01333969020616,1
42.42717752634227,41.387166879121786,179.48262730365076,177.43866005225098,30.47285192689299,30.436491678050384,1
38.4034476985922,37.63331701566976,183.35002910159983,187.0640196762723,21.32405758039798,26.907732082446586,1
36.08474145659352,43.807552954643626,175.01041967854312,180.34537855770515,28.855165265794515,31.438838015957494,1
36.601034625365266,39.05201227359858,179.70373106872484,181.49561182699009,30.7649365233171,28.4145314420131,1
40.0594276449589,39.89157673621985,177.70424970770395,182.18599483969777,30.932574177813983,28.468200735942144,1
45.83742971290326,42.629157809189266,180.09012745546931,177.86349827734065,30.598817080312145,27.614073710289293,1
39.44026614371703,35.86356537913693,178.70164998699246,178.44520862258372,31.019067196418916,29.460233614383238,1
37.730211258559194,35.59668906435599,176.26286463652588,181.46114969445625,27.565030251478692,28.0553947426054,1
45.69788812198142,35.09221007357335,175.61887529364628,182.3163928197153,30.980953799277465,31.13508816587105,1
38.412899195670775,37.46982208070606,178.75146226488724,182.99627317685565,30.542606986805836,29.284886103575182,1
36.73034877145362,42.08571324802006,176.23339061340488,183.42277287602232,29.387043217456288,31.591289697436668,1
35.5634547469982,40.53350807363594,179.45190804612616,178.33959089379238,30.86582454066393,26.265814813038222,1
43.81241344217803,40.338128474827975,177.64900830823234,178.42971761254043,34.227768873674705,38.0359547898547,1
39.43618870508662,40.56378041562661,183.69890255696157,177.1865069563411,28.36241558139293,30.9295278736167,1
40.04706736671821,36.966648252125324,186.25264882686062,180.21090830233973,32.04646188885561,33.8368629278699,1
45.28257907664254,40.12738394816005,183.50155391880662,181.75222780543015,28.613672429214535,29.603929007695996,1
44.45125826973103,38.85489815806266,179.66837279887704,181.25888235934076,27.027129846177473,29.792583976154376,1
32.992013586624125,32.967250397568236,175.26608281203235,176.01132640668027,33.694894888926186,28.40916785859775,1
39.56507074260507,40.79568374569559,179.26608954115625,178.0221038484852,28.873132498170428,33.058927936199716,1
44.37659749617645,42.63390232244269,185.31084941184616,183.21607856197824,23.73289569682065,29.74229818537792,1
43.37218516262208,46.98203198720751,182.01576419831633,184.9099484367565,29.78482581536036,28.394031532340684,1
35.92330011140542,41.64916812126419,183.19519615561288,181.05133641402165,30.26675472644264,31.00543256456655,1
41.85637098414639,45.42586869289774,180.19467240942615,178.04238386435424,31.302381714203868,32.1596668517122,1
42.253993058617176,34.02190682987917,178.1530606092981,181.5153756790023,29.195200803909255,30.169486695547576,1
41.53324807624302,42.977731003351536,179.79394921825795,183.51661701852768,25.780147448495807,32.87264423102278,1
38.736323836326505,42.707579300834894,180.12363823227952,178.32954115153476,34.68095882561292,32.520797247215135,1
41.45491812267991,38.87507727707384,178.04603573878012,181.42157279833378,28.243123323497223,28.637832560585505,1
37.13092191117772,40.57825690079973,178.9108082285458,172.76949358243562,32.79720629918527,27.504516639824125,1
44.5926454897538,37.380625949982004,181.8309096680105,183.92683405804428,28.731562857512387,28.213033039335446,1
38.901106359284896,38.89387690003282,181.57286923281097,180.70665379499846,31.665624052196737,28.573808469993974,1
42.47173886447033,37.54305345764956,178.8568472120063,178.16858408722553,29.316408863626265,30.651239840135613,1
44.408400048687085,37.006161122500366,181.46333433945497,178.57039280154268,31.934841856283924,29.039452617553604,1
41.56567916843286,44.555032533490625,177.01974234113035,184.4541416727895,27.44252806512783,31.196315894019676,1
39.79196903860324,40.907729162615205,180.2635116204894,177.8271276930691,27.904983057003196,32.51386925103507,1
38.67629292800925,36.780679611669356,178.53909433561228,180.8333268643617,31.63522494912542,30.88725947782888,1
38.87280635719024,39.869718636865755,185.60295652579785,179.97303903089949,21.85296614435694,31.56503230562672,1
37.376407019355355,41.995167655796465,180.0250551143569,178.64264489793047,29.75782185853401,30.398422759751007,1
41.95441382564697,35.40969591805957,177.0260532096571,177.39571608009143,29.75847867171495,31.119345506754627,1
41.233889718854,38.92184573333378,183.2353683405481,180.5341811449887,30.17513728463881,28.27390616587332,1
37.75996307767964,36.98692321949378,182.78246810154909,174.87550721001296,30.123436327481702,28.14627512424395,1
34.89702564920361,42.806976577917574,181.1558426780689,184.03794292491267,25.72640026601918,29.103538016918694,1
39.568010774461776,39.95315974560788,179.73839667704172,184.06378041377377,31.345645226287285,31.373727622093647,1
37.767037586864106,39.63982695090709,178.13231264207647,178.11754072010356,27.65847792567905,29.813047018000645,1
38.71597034589746,46.201227991373685,181.78911490482997,184.14727811898507,29.54774123466683,26.633825632313318,1
37.55103813262306,40.63063761608283,183.71887420342748,181.28824661931804,28.015060993589387,31.213233286295104,1
41.385546561977556,41.701191514828594,179.8423224988681,178.8312374890691,28.211326039359392,33.990017110731905,1
39.07159860379923,45.09016849983563,180.92991670045575,181.86644073956208,27.962011851581998,26.889174363696657,1
42.106624152304555,41.92780042039265,183.72537869294422,177.69972615461106,31.036252830758006,28.389910322955025,1
35.900264829664984,41.87103229258149,181.0016558360803,179.94654671518435,30.37982167670498,27.456813378269267,1
34.19100844920045,38.65213338933064,176.56266694531556,173.22215937532167,28.47099533379206,31.40053163430165,1
42.38927176111891,38.85848553309592,181.1038695455532,179.57436428751666,28.410817093512403,26.085530983606034,1
45.00075682129183,38.33985637637607,181.13795756179442,183.17571262876893,28.089841768288316,32.7361441419015,1
42.35367982026522,41.21989346101322,182.76169717394524,184.7062259768157,27.700866549230096,24.704836253469928,1
35.82587759592706,37.84110970346253,180.00875600627415,181.23572133076556,28.68725850152955,24.240060789101065,1
41.86248283981245,44.72853714493964,177.70691710053265,182.07612299121612,30.545873283559693,29.338498427528783,1
45.3472327717096,42.67288932852124,178.92754499355328,182.15304489422044,30.7293426841483,31.270118010737832,1
39.03113807401958,39.736619750684426,181.64208902872136,179.80905967700792,38.19193828702453,31.601093334427226,1
40.57507009815361,46.91184904949103,182.5764756041647,183.17202318012323,31.137291101671416,26.906136643212264,1
42.92341346613064,40.28990009737602,177.75209573838922,181.7736523775347,29.999569446363044,21.9310206854039,1
38.02133734262275,42.45180841504826,180.881555322365,178.23790808274197,33.96226662960617,30.60954709392459,1
38.248917936475905,42.40131767215608,177.13093671353823,181.0373564943515,29.218902676460463,26.623811675005904,1
44.11732161347276,36.8771257548283,177.5858406257793,179.74020159793713,35.65419531403174,27.796366388185113,1
45.44408968080586,38.9752531446472,176.82640651663183,178.17302111276533,31.324475069515017,27.343092935459484,1
43.26710527891336,38.911696307668855,180.0209349837085,180.77576423142736,35.781568047489465,30.274991690635705,1
37.87895036634601,42.15595303447542,182.64207389236822,180.0778150359435,31.066421997023504,31.759453241378804,1
43.0050836172334,36.74838159834131,179.1432060895323,177.15886102640619,33.309694342035236,30.97954816836842,1
43.7538737307113,41.18777893143329,176.4610358824811,180.06143458985068,28.633704596274466,30.46125861306059,1
37.18708825758788,37.867584648237326,182.39872407217248,175.72185007713864,29.801755290101983,29.46012131667227,1
42.15639157499383,34.39465700722395,181.51110006005658,176.5629714443219,33.24776679513367,30.70876580116707,1
41.95035496821475,42.11609905305483,182.7553017327562,180.92776174776344,32.71264869716248,28.78487573616579,1
40.26281863502258,37.9809962754863,180.92095119095464,180.53098200885603,33.543082649555345,29.954632098997955,1
44.08264699947115,38.862112572272096,180.6973278442939,179.80944456546194,28.192178550912608,23.09910178579818,1
37.404610900310914,41.5029896209009,182.790013589083,182.7678858778916,27.88885996863001,31.03233884710015,1
40.79833942149791,43.43022896253986,184.36238175563034,178.2863603868215,19.12605094736546,27.785218744138866,1
37.7318044876709,39.57343663906967,182.72990537889416,174.4961394272702,29.205664147015444,35.11495055870408,1
42.90600145205972,39.68811176016442,179.79563815642697,181.0385122387927,28.665986149390495,29.734615487516823,1
41.41207015223044,45.56348295260305,183.00544255997156,179.4018341198728,29.02660545771581,27.768608885117445,1
36.71148298622882,37.97183249390925,180.7741652695225,176.00897376168103,30.54058460573902,34.97424114625513,1
37.80824056675195,45.92141400783217,181.22134113065394,183.63859568776525,31.93643620070285,34.52032728692549,1
41.317935963261185,38.68456442480915,183.73752156815948,184.84592537420954,33.20364539454641,28.301647266162526,1
40.63900051225182,42.096341201126116,181.73073739583023,176.9022032070584,28.11563730306836,31.17571750356299,1
37.90241805843914,39.175973678036904,182.11488722310636,179.5478733091057,27.06914154680295,35.733591887683644,1
37.76930762137936,40.88614330598632,182.64481118437516,175.9724934398578,33.863671712882386,30.312116407401994,1
34.47810590752734,40.72746921386804,181.6049537284067,183.49993707489568,30.71480810843403,27.083614467983683,1
39.34860454737451,42.81178509065072,180.8843857500557,181.4571114547977,33.397239192331526,25.93372389811178,1
43.04367431330785,41.336008777442736,178.2884837174391,182.18701273216166,28.77270959262495,29.211846047273475,1
38.049419089596825,43.14853210503267,180.58445453741996,182.33957175339975,26.589672210461423,29.398214095521688,1
38.92740116507109,40.82207734542964,183.76584775283618,181.90825349813545,27.903060314533246,30.403861870004857,1
41.76813090659914,39.875850429907594,178.26585715174073,177.0978775746221,31.327895166349837,28.28432156682979,1
45.56056141780014,34.202264078703315,182.160970255618,173.28139785424943,29.481688464855246,32.80517875842197,1
42.48158989274385,34.902734106474824,178.46835212176362,180.5204690085173,33.0748223741742,29.629268649006825,1
42.30617250386637,40.14567084373055,180.2534429900634,175.70506033084928,30.258941987914078,33.19376934339577,1
41.07841556352091,36.23543087930436,177.16729470732426,179.88993150604918,27.191052733175844,24.2078139257597,1
40.10525350837436,42.73484007674724,177.18454088480692,182.09577731262667,32.93069499793393,28.475403428220318,1
41.532904485842145,42.59804418832357,181.26908262965165,181.45894514337246,27.133444724457426,28.449990091568715,1
42.31474178703695,44.548827244705805,181.31147113316555,179.17609828854847,28.19916406887648,33.77953976279877,1
43.75919620814177,43.04673495108773,174.4832043403114,176.74543077271107,30.93948542313821,24.158228225571634,1
37.10726818968484,42.77530834725523,183.88066831070313,178.38815135304938,32.97711875529499,30.87461698246378,1
40.43863225989518,35.95233682977293,173.7557971771842,183.23936250916486,31.38846637491335,32.09683841211027,1
40.01807048044024,41.560145039150065,182.3886535489848,181.9459060543051,30.432912173332422,32.2378464180439,1
40.99656539821202,44.699734914893405,177.71337212789297,189.2621534920095,29.358446868046933,24.875378485453368,1
41.87834554512704,37.606282247427366,179.71480086010584,179.47273781268055,30.41655221053978,32.1718473349959,1
37.509925350784805,37.654893133788086,189.545095374057,184.44588091799272,31.599565091015656,28.99944670288631,1
40.54489375054387,40.70970194210115,181.522481657327,178.12936485995706,29.66813809422232,25.82577321621023,1
43.092892560048945,30.51684916136403,181.65265650393238,180.0249816947974,26.376104037394988,32.08675730581468,1
40.46721021559689,48.40701474517239,179.73794656356466,175.81468422932588,29.28752207452566,28.333703014189737,1
35.12051009929765,39.99820553065209,172.62822201976115,178.56228769162135,34.182467958673286,31.761071447281715,1
34.96564768673096,33.860979564565035,180.54675462423754,174.34941223130957,31.372592180439668,28.794949458550082,1
41.625807863544196,39.0718330654607,185.3142692164219,179.02528916541763,30.67474480549058,27.08915964492754,1
34.23340400389838,38.190716005964426,178.14095735989062,183.1207224160901,26.949660361892033,26.210922283758478,1
35.23272204902046,38.747164933438604,180.59573049692196,176.89798618610996,33.96234567618642,26.000773703756675,1
41.74785173333131,40.84204986135253,182.2057140334306,176.26764490969944,30.57558488862732,34.244784984996045,1
38.46631959606295,35.99377570306201,180.17466032418852,181.40338078757154,25.57707846382239,29.984261328473035,1
40.4883508666382,36.32212505334822,182.16014434100194,175.36475061478504,32.90299652031233,31.627233384773245,1
38.67717529698799,37.54410993661124,181.5993267142876,182.43483494755267,33.08526210794598,30.537306868340014,1
36.005648487078716,32.47983465146981,182.07774211551825,182.54328962660009,25.661912527222412,26.262026306621216,1
32.77044380217532,36.256352136804715,180.1855714155247,185.10903096442885,27.88104278718591,33.60953763534339,1
43.827359779524045,38.21881039065066,184.18225421012932,176.65711554766995,27.24151927293314,26.32586799450218,1
38.325738617442056,43.65703637971161,179.10227449396513,179.75361236152253,27.52695363564054,30.129565405171757,1
39.4030670565594,41.2881877402873,178.5467465546915,183.6257922254091,30.057365031044682,29.633356046790063,1
33.94254751062899,39.81813514108068,181.11623352109615,181.10391087264293,31.474014464116358,26.944764789767024,1
44.893681679017405,35.91393890580679,177.51646510857006,179.18421038541794,27.74958424931647,28.184033790212858,1
40.196108951284,44.432601121512235,177.64082299636314,183.20937398543555,30.964230705070907,29.464387392090384,1
36.31289799615783,40.05198470876402,180.71264147163035,174.8182591854365,28.909266383734728,29.881206911492693,1
46.04571854828676,42.513176345352406,177.37055391024765,179.2361239521019,32.064766861246106,30.63008307716772,1
41.242003722089365,43.70318933093688,183.14087696761587,179.00831823675267,28.85052498056915,26.063584930049174,1
38.837215197213666,41.76071114225289,180.09609758346505,184.44085685569027,25.89693122262641,30.330927698224734,1
43.27918260210874,39.63261009521579,181.42544334014138,175.69418311233363,22.3017989503931,30.866507900543677,1
38.43146594960491,41.396465856047506,179.52325015229437,175.61144575288074,27.819673588856848,27.35703228958784,1
39.81565274596148,45.50278392445619,177.27051256980997,180.74499416365373,32.38376551308275,35.489988162283325,1
37.929630848426754,45.18141054809783,179.55960212867308,183.4146821312,28.222541140425612,22.731612901324144,1
42.00408203384452,37.70023513580913,178.07507857327118,177.1646963233519,32.893970723632,30.33998274678401,1
42.03371059226462,41.13970023960381,186.37943700451373,184.18738160164148,32.19623840537905,34.48620795463448,1
40.036081701361766,43.49944846923603,181.77400385938486,174.85046671181786,30.26201830636028,29.59082515799203,1
41.477297460590485,44.991783668461075,183.43390279999645,178.4673250249193,36.95360745526444,31.63987522447627,1
39.63229204444194,40.22143364539379,181.90134545335792,180.24655510252202,31.22953486335126,28.140147347236436,1
42.3904789843558,38.72703913924137,185.2575924043895,183.58251621847188,31.91956061768549,27.105672215594073,1
38.352698226828494,42.580802076084886,177.74968727558445,177.25968797226278,31.270333121406942,32.458215122485726,1
36.21654129742163,36.64083500823115,184.46379956041616,180.9403366166545,30.84261927991503,31.88604143692143,1
42.39129770853305,43.545800881087445,179.75104807470743,178.95742748530566,26.282297505203047,28.685584746414868,1
36.30220481705158,39.96573437873061,181.4678435813954,174.31122035430099,26.391310517085603,25.874485619453537,1
40.09944000578448,43.2070035178084,177.2032984803557,185.56090499089035,35.38139135277207,30.681912510312657,1
37.20174933153549,44.06799281854478,182.69682229614924,179.0799893071953,36.919328221316064,32.51367299111494,1
39.48320686445094,35.87830007696894,177.643686391672,177.0868985900938,32.419540871459375,30.27176319633027,1
41.345471346563826,34.560021345180054,181.40683656425227,186.45204715172756,33.706888413781755,31.82037163794413,1
40.0202955837492,43.60798780131368,181.7256512143215,179.7483611145902,34.40402137130668,26.89151518335781,1
43.66964587421494,41.661979588283806,177.14599623745417,182.73239211692484,29.806210225072313,29.143611748288006,1
40.22136956150336,39.07555120982762,173.75157565657082,176.931613949001,28.75206120157598,34.78095107982838,1
41.361537034125625,41.52023965117709,179.5655409440459,184.35019752115647,23.88992042150189,30.394690298476156,1
42.905149912357416,39.086153767869035,185.17764854195545,181.12934747666569,36.245834890599404,28.55353504249136,1
39.93416436688192,44.965362855681136,180.66537794131085,179.81104708154948,29.848709301504698,27.326490769221394,1
42.531355384684154,43.454970303656715,179.2840157319853,173.72486403557366,30.62104060833577,25.597467632461644,1
36.564075219174036,42.31058609939768,181.1244145558632,179.76796027773662,28.50951368970742,33.759354491502634,1
38.9032263037852,36.00848936637759,181.0531822226295,182.02443335371078,24.228878750199613,32.7810449031397,1
35.75709168240145,38.62382562713838,181.09930876300638,181.54182736865516,30.025056850669067,21.47451680855891,1
37.92256935463387,45.472558954278895,181.5409215837012,178.07916329051704,31.412006186559985,27.79017095579483,1
39.64453713150905,38.08416825016456,180.30169627451286,181.33033042949666,31.00965699734281,31.92012654957019,1
39.200028700893604,39.906223960213715,180.1078511834271,179.41054157901493,28.166286361150824,23.81935052292092,1
40.87896843957512,38.01112986515244,181.14776171622245,180.88787640576453,31.88326321052453,28.158136016248815,1
37.85773558396426,39.76559967416645,177.18570984844752,181.86691978610648,28.080151645960953,26.030635687638423,1
36.462490401683375,41.409019373687,181.20945811545843,174.98774816031673,27.97785777396172,33.254173442979116,1
36.51100793926469,38.234855435558764,178.55752908740067,175.03721039365993,34.03783432237665,33.29606410747868,1
41.456765843216154,36.583483960724564,180.03336577817663,179.83105702229201,32.10415965219287,33.982369908976814,1
40.99875610605235,37.10539319154781,178.4292141675718,177.2606645205247,30.094758006150887,25.248720384402784,1
38.03579944471399,38.203357372165335,181.7645588015389,184.1502549786668,31.434919394933424,28.220955659995305,1
42.7737216191549,39.7424594856095,181.61198074768842,184.09979731705153,31.350042546530403,35.7268874399703,1
45.467001646678796,37.223102122678824,179.47786195350304,181.14025962365224,33.38315999910832,26.48195339803985,1
40.71687884689479,36.27374453816311,179.12770409726292,183.31921683343995,29.794918002929865,32.057530283636765,1
36.66590608626841,41.05302961098397,183.31947516789802,179.18703083823382,28.163497244437032,25.49942190142952,1
39.80351726259995,37.7265773484731,184.60371970120448,181.98442267451793,24.41171169933592,27.564656139824454,1
42.44602056491921,37.28325277462446,179.534319242679,180.83277497858637,33.645407539260304,32.046721941704135,1
41.20641258153218,40.46770319527462,183.8581859776202,179.11019579322897,27.520644364983287,26.79807950110268,1
45.32860712411786,40.53047915276254,179.13943867929723,184.3107477977731,24.522443038397228,30.620846762197925,1
42.18112145049426,41.20696451164082,179.7091276511992,179.42927002712975,28.496858977576014,29.423531949724207,1
37.589646990649925,36.63378540899871,180.78730969484852,180.93823229363224,32.235319032257365,31.77516748597835,1
38.5964581995967,43.205051526168205,180.93700525147398,183.20198272452535,29.392559176936743,34.56673231496118,1
42.312458892232804,40.87720302431604,179.43847245213001,178.25201966315356,33.72489534789128,33.109105544084684,1
37.14627078221674,39.1833851726827,183.1259207878938,186.30061738640967,26.064710473787862,26.136026475114,1
39.60596821198949,38.706947474806604,184.28586824896342,183.39472319078433,26.138637603126618,26.422099435382805,1
45.64651127659251,42.174798588908665,179.11854942344803,180.0883733359941,31.370994833051842,25.149026642249847,1
38.809096616341755,36.858753365753316,185.43697697071377,184.1467754306444,30.241434079278946,28.315575024393453,1
39.66519541489719,43.773814898481085,183.2332215696399,178.94755831734932,28.38451019383871,33.89677972247156,1
37.4570521150516,42.58002150664318,178.63550482829316,180.37907316356706,25.310065213019204,30.3053741594917,1
42.170475145030316,34.94110030934438,178.71315497689596,173.928620849352,29.372634452475225,31.026200972402968,1
34.14594801551381,39.3202129990949,181.07785631512004,177.4413127453445,30.488365799068475,31.38768313005203,1
40.18998350482943,40.18670308697694,182.95175575739165,177.82296438014535,30.516877247526082,28.379309174913942,1
36.93747999843325,38.81764171598625,180.9201695797592,180.8597904704024,28.584763365461075,27.74490669322454,1
37.06573052665427,36.70550556647787,180.76629631014973,182.45815414543327,36.56176594587603,29.65744517498838,1
42.804617876527814,38.932182102472694,182.4429555715355,179.21655754554408,29.439800738921782,26.503029207697992,1
42.312118360325236,39.652518403932426,186.9792677370184,179.31758216370494,29.66492321989633,30.686795980553185,1
37.616733078319314,41.31250232107962,182.8986467810422,174.79107745525863,23.085974073743834,27.5090225008364,1
42.49424126043547,40.516102557391896,173.0314296262718,180.77745567263668,28.72240955334697,24.560987896765422,1
37.61414501708652,40.33594857437574,175.0906950263569,177.75683391450394,30.485397176219,31.157638274038437,1
38.169652705028625,39.797721581196576,181.73539134217353,182.2614814496099,31.43356664624056,39.741646573936166,1
41.70824177622662,41.77096112751158,180.16414716997377,179.98482308167306,30.49099948204723,33.33635530447236,1
37.04597836723048,45.58154207659616,186.16862521886986,184.68514584117378,26.955195585333694,28.254767467682765,1
38.98059725472517,41.69811597646355,176.88130984148293,177.7831465215379,30.683009645198254,32.19954445898139,1
38.752188538762034,43.9102240552081,184.6880186715156,175.34366438491176,28.490370439378133,32.359224822932134,1
43.38479041177321,38.35907162779759,176.21155268179146,178.47483393142858,32.39540698742132,33.17478131158155,1
40.658476874589134,37.18160648124749,178.53976739918124,171.48503288865533,28.237283886744706,26.617592302481718,1
40.83663202940896,37.09726489582205,181.40872227098097,181.39468829163516,27.76474912203609,33.69054156518744,1
41.93912403368076,38.467635951442446,176.38329607950988,178.67305055968717,28.9434439448291,30.749016371706936,1
39.28823948099237,41.94860884373572,178.7194258828916,179.05363858033442,28.532876846099356,31.133029174668653,1
42.658811793432776,40.28896760518801,175.8934460274455,184.59396096937553,33.24799393607951,22.35284448284186,1
45.07309759487218,40.59717125453142,177.05903693976532,176.80737696690667,25.453448006849243,25.662271788915007,1
38.09586736418106,43.25348745079373,185.0264539131739,172.7949748164295,34.42544752425746,33.67931130015227,1
40.217154073641595,41.65483643420259,178.31993456283763,181.01619798070956,29.8209156482262,32.8798261437572,1
41.759152621304956,40.518133092422204,179.42221478009517,182.21037383140848,25.907975025519974,23.83236910420217,1
42.796870691177176,35.127206127055715,178.75795025740044,181.11249900236493,37.38576894264317,25.520598148854404,1
41.33532927082884,39.890803439107565,179.52450811946315,180.27709091825113,31.042530410403668,30.077041976698744,1
36.823729549567254,38.016928688157996,185.21492359852508,179.3031629916913,31.034984907955533,26.83381198504779,1
46.921585033690604,35.736856151188064,180.70791512826298,181.40496453977195,30.70959079487429,31.238448911031835,1
40.63106161070562,37.29634455467898,185.42485672904914,180.42356910545658,27.05901838985495,28.695450393543375,1
46.73486449945516,37.66757554054946,177.80804162439804,178.95760050559218,29.676048468323792,29.793236853012996,1
35.777373091706046,31.907005050315025,179.46792721203911,175.1174923592858,25.433589943751855,31.845180685375485,1
37.15411452769281,41.26235557617175,185.47404549407992,183.68849673401962,28.141508290715983,22.00173196154597,1
38.92173433013286,42.57718064254321,177.02304449041742,179.84173902035602,26.745553503972978,29.169263236894796,1
47.0221232881549,41.14803633443473,180.10036851957256,179.60800570643303,30.027848634307556,30.664740395412924,1
35.65974339668086,41.940149354602205,186.38434572405333,181.8067799405217,28.979055104051245,31.872482063951445,1
44.08820246152862,43.82174262764934,174.79213927413795,175.90296966952224,32.428258994567095,33.79751334335424,1
42.99020752052817,41.17972456176256,176.65738836005727,177.74398930935547,34.029971371296625,29.780951281430635,1
40.40563865044712,37.712244064819295,184.93699799693533,182.91934891811104,25.580425509351723,30.051464625546664,1
40.89810570547929,39.03019329721489,184.06076056422165,176.5790347732441,27.007424463975468,31.907366924149645,1
37.62943286738488,40.260413226494435,180.68015435574353,182.53685360918413,31.75334660204813,29.655049344731754,1
44.00172663724275,42.05275969609508,178.470051673229,178.53458780633684,29.524333665365017,28.283527203117863,1
40.13078022488931,37.92934404571575,178.95331551289638,177.43006070745434,33.45597029275691,26.620748535752305,1
37.64820398019162,36.87952142478042,187.734701230221,177.08727714016442,30.9090360456977,34.50387041561644,1
43.535816744502036,42.550223547329296,180.5133976108837,180.6458721540357,29.92590124105147,27.21325161353152,1
40.561416034352334,34.57347183982185,180.6591132982665,182.7409661932993,30.356837641123434,28.57431992311222,1
40.01020563032431,38.05235711982807,179.5375831963528,180.00226782468852,28.578470439602008,32.228543073808666,1
44.57828190514577,38.36063861903266,179.76393937482655,183.07834919434717,30.739291123913606,30.62524914680475,1
38.642422126824165,42.652626432521885,178.49627665199714,177.863166809191,31.681902262218518,27.798295803129292,1
36.965430735466505,37.63558982268674,180.89365667834178,176.92777865155256,34.239682033074345,25.834156241378977,1
34.509494304470735,38.13894473876503,181.3857317579694,180.15676231577444,29.573087544906265,27.17610798066568,1
40.2076950131176,47.1736719084127,178.292466357448,181.57303187910358,28.818186893910614,25.409123963704857,1
42.450257427817306,38.33952612651519,178.70880851311477,181.37215705758936,33.00384323523764,28.545310649355052,1
44.485180213331574,38.08090095335084,181.65257438564063,178.69500236795565,38.91688142909594,28.46889552039361,1
40.6769667713132,40.625162017944476,176.30241166693907,178.17452524430334,20.045445974301106,33.379429114192114,1
39.65109225647223,41.66672459463359,180.6836651120666,174.6875173281992,26.516113920914897,31.07913381119971,1
39.99208726408883,37.387722604443546,182.64862589945312,177.31414293632594,29.60886113297674,31.206057508357496,1
39.42074943424025,38.189420475492156,181.03013543725797,178.7566635304848,25.74128938464198,27.69036665835311,1
38.3942128584951,44.822689121186166,177.30091374788344,181.18652745533396,30.787506562193172,29.1796050778888,1
36.91019992502156,40.88598462956977,181.40261332182828,178.88720313225807,28.922266595882558,30.78114618588151,1
39.30058717421696,40.541837691773864,175.9706125951462,179.46774125303077,30.786571663804565,29.988288713557274,1
40.38964173151015,35.16320543356579,176.71294140849113,183.85882596515324,28.51355765250466,31.76222885437936,1
39.096705105460074,39.40428060506263,183.52692482791545,178.156719223509,29.27764073847522,27.551151038163656,1
34.83525327291536,40.00585748931563,178.05583487718243,176.16150033886024,26.609789106711077,29.595461953535853,1
42.11404915234745,37.245944056218754,179.47289623262535,178.0954748280732,28.751369341781146,32.13254878304128,1
38.143837893427275,37.47641892928877,178.3634833989477,178.7306477645168,29.817608943779295,26.01202845228082,1
40.65664061850285,36.89560139031496,182.52476780902077,177.278447020645,24.42418913663711,29.230570646898148,1
38.71397711322122,39.78498555949696,177.77345143382607,185.10130035690534,28.782798035427966,25.861561449309622,1
39.72782987725001,41.05284562917303,178.3779380600686,180.83613269664943,30.94209514807018,33.23257804042127,1
42.25901019328863,36.4551852256139,180.40904047727997,185.50079438657644,27.183158231342965,27.51293613679345,1
40.720337368000564,41.966804839295676,173.13485814898715,176.12178999486295,34.36989853983727,32.38710680330047,1
41.04205686240303,41.691402505510446,178.40378625908752,186.2060351200679,29.61827064469622,32.51509460032385,1
31.62239336395026,45.58169854045816,187.4077075248472,181.6352296291248,27.75763631274341,32.33766159620784,1
37.474628388695734,43.90957089559553,183.7485839263903,181.92216204607578,36.44407812617716,28.12668755902681,1
35.2050522297783,35.49632883762938,179.28573795484505,175.2418930934672,26.473291641160685,29.30138706696735,1
42.505864201332734,40.366166705759014,182.62991802318865,182.22960697314704,33.36944862869811,29.49886523565087,1
37.22105041825917,46.14997195473518,176.33143287688446,182.37752043567858,27.748483877222828,29.559922396210755,1
45.37273224066086,39.44898955325396,180.46316188522832,179.28279128345378,26.705397227771826,30.142856903113902,1
37.842964873308745,42.36017048836601,179.6034186661582,178.63756547753513,34.24999565108477,28.0298839257077,1
35.94022915886402,44.27205251236328,179.8359536948437,177.11333351734623,32.995576064332624,22.43945000064442,1
37.27186930894505,41.474232788086674,180.4987312156605,178.57169187285757,27.19599945929021,26.886666903981038,1
41.19282163413826,45.13337924340423,175.23926152379005,178.9884945777816,26.94118667223907,35.47535674291257,1
41.7290077595779,36.296348817724265,179.08473825661918,181.44790193375832,33.07908666153517,34.66221014986445,1
38.001540647409584,42.155633873268755,181.2882206791003,181.2552490823792,27.635393650700678,26.789559178908437,1
40.361490987999375,39.950629492442424,180.6398075507587,180.26474780488147,30.273813275892223,29.15737382524898,1
37.83318650373043,40.349129604391166,179.13147558457192,177.78960255882316,27.694855694620475,25.17580393594382,1
40.26492186074323,45.01834722877011,180.61166442950864,173.39490342636967,30.0171778797615,30.841253950424626,1
44.05562253218369,42.9806418392639,178.60591038418383,179.3374496400171,25.099845409957922,32.00761185832858,1
41.234949311001635,35.809889738960095,181.23178486965332,183.48418148291697,30.334474107628466,27.96322015935553,1
39.89438848840667,37.10608804415561,175.70943123681246,181.94219651741594,24.57597754255775,34.94050347754392,1
43.85386653171616,40.68910854425983,180.34552353771915,180.6685673976778,30.45680960504242,30.506249139216006,1
42.81392497343075,43.04243558840516,176.0095918234569,179.08779770377032,28.88358868668037,30.851850685835515,1
36.70697418511423,38.358210486754324,173.5523569465899,185.09968171999594,28.393225615698558,29.882301297738714,1
39.25985981236846,39.959507375676274,186.61676306921953,179.80198575188098,27.59896920995309,31.227143207061886,1
41.79903012164164,44.564907338660426,181.18454996051753,178.467488090596,29.04140652566049,25.783812459435953,1
38.4680570070275,39.49215505229162,180.97959015409876,181.64194566837048,28.01898749886429,31.936594200806805,1
47.666725976213066,40.41858556222497,176.1728231631471,178.40527439715083,29.349188121522296,22.34954255749901,1
32.03990941432401,40.936988782307,179.65588473091876,177.74754963472853,26.22785245508233,29.689437117641617,1
38.42562889733661,36.6185373382641,180.02219449079718,182.57747364695905,26.668904808201532,32.87635723488685,1
36.37031842373984,38.422338412844304,174.9484936905239,176.20564717267672,32.91536275675687,32.11606257869428,1
39.463112354521144,41.46127932682133,178.53619906605596,179.19724840139622,33.07872900900798,32.85524128883969,1
37.90149887667095,36.51794994043711,184.52287927903024,180.97067640532205,29.71698625951555,28.299163357095207,1
34.66853419302759,40.38018284594434,179.26384408802608,181.89252696195712,23.187165383300062,30.827324903378493,1
40.05327313425972,45.88931338285902,186.85094231855038,180.1037165523841,26.116129811590724,33.82027988885222,1
37.69885737515204,39.08646686028521,180.1143156211303,178.79988461802276,31.176939903481326,23.66441103773998,1
37.54248384069537,35.071731010261615,179.85459613130382,181.8026817227618,29.247105207571643,34.7981812361414,1
38.728978671258744,35.0447901550192,183.2175036118464,174.35432563971122,27.18693988983,33.45141208342724,1
43.10308854770998,42.75672969490342,177.76768520088766,177.14480838048274,27.36114211896038,33.60834622340203,1
41.46583829420104,40.79692248674299,177.09502833093083,178.71750984955244,23.53992581327728,30.719260294017896,1
44.6560749749302,43.593555126690106,184.08687163054412,177.6280917402384,28.57567413315841,27.33475326856069,1
36.495391811446545,38.792537090684675,178.9087143841149,178.39680758159346,31.546837290450934,28.049187388580993,1
37.62420228452388,39.68412036037378,179.44340919555404,176.3792117704952,29.193634511161797,30.03136028381919,1
37.34548988184487,44.268421370695364,178.8262492947803,174.81007399362633,25.789149773406592,34.823148863395616,1
38.499685768379585,35.40509968508995,171.0965549729593,175.20564182026249,27.655717144983733,30.411275661048187,1
36.97304531211909,41.079759593731836,180.2108503852706,177.9749656298617,29.130652992009722,27.351019054738938,1
45.40318080322784,40.85870647727503,182.6421909033177,177.12439484277442,26.073844493654565,28.68059951722635,1
38.23625635582295,43.334109742594,177.95618120701556,183.19962564608568,25.434349037584383,34.14417428972101,1
42.47738530722386,36.39499825336937,176.08572901400044,180.002257646926,28.917728364396396,27.68725667217838,1
41.40856963498416,42.22442108912046,179.28692338326408,179.51857059731088,27.10681674254342,30.58499082473781,1
36.831976832449506,39.36911785630455,179.29238283622897,178.6703757534535,32.458606120182736,29.4262019770202,1
43.91954591364981,39.5130650285231,177.5679285679769,178.51404444850834,22.800349430657445,29.94323545821697,1
41.328548827278766,44.877330078885464,183.24145259529726,181.12086800262702,27.79331105155055,31.093332286590133,1
42.00358720952642,39.96495896947099,181.75357171598216,183.30836335765912,28.97843953633908,31.397037257031247,1
37.16526629754892,42.34220070260517,185.4704994780544,177.84902965659018,28.84108235346755,24.268552615229652,1
41.03919431733075,37.32612772211149,184.3250229515558,179.15414728956418,27.625220635580963,32.860517231897234,1
41.59648663403141,40.443342740888156,181.19028873706407,183.6819824461507,28.67486342998723,25.890776373461996,1
41.48145432222115,38.31264328318237,180.78609238405272,177.88166379218058,28.18627261261334,29.348067958429688,1
39.267371756337354,39.33024490300158,175.84479203401102,180.24981098303226,26.001131638765777,28.45316366266691,1
41.86907682555838,38.14961319920157,177.1277620433536,180.90545524478787,31.565598378538443,32.4365787955808,1
37.72346824635355,38.22074710433311,179.58478950234436,174.58728875208823,32.789467781155935,32.55270018913855,1
44.54929044297087,37.983478378431876,177.4581073743356,176.12847982468728,34.37724606949962,34.8871181100829,1
43.56506382799097,41.677344630571085,177.95056957332437,178.60177680936232,25.959377899091336,29.24282492023969,1
41.640795242555264,37.380466774191504,182.03513189585036,179.74573212051382,33.038705964831856,28.770012273116166,1
43.24246175651695,43.80268864676927,180.36617616448223,180.0542876634416,31.025412811079633,30.915306390056926,1
35.35359256844314,36.98990072746659,181.0132181652466,183.5434988869567,30.83683597890112,32.385528835232364,1
39.05033780498741,36.010187898899346,181.68139957678102,182.56161803478432,31.29298424209184,27.592226537321906,1
41.54759177340924,35.34247014728962,176.608776186063,180.03060927422854,26.11739840250184,26.018163775840655,1
36.124082879435164,41.92768187331291,182.63813624170194,180.1218253155858,31.309393263230074,30.822782072529897,1
39.50563221105837,38.08533165783681,181.8423957494327,180.13545027342084,28.642721124569302,30.386235127664012,1
44.164019799371154,38.722763472286,183.90021259217343,184.92603711296772,25.17046967045304,29.0410059195612,1
39.9975198780621,37.29108227221154,182.08585806814665,177.67492483316704,30.63913944313552,32.039276117713335,1
39.856283661144126,37.17352851999071,181.51096893159487,182.79266405385988,33.085965660413144,33.05085794792577,1
45.826647197874784,43.96362468498337,181.77446645878413,177.4885830275998,29.7037163622499,34.4787956395024,1
41.03600952631118,40.142036847668535,179.40684495319414,183.66372121137402,35.319769180642645,29.533051707156556,1
42.69569152730592,41.821085654946565,177.02130478650233,183.27085161697005,34.84621195961636,31.47913778332921,1
35.42122810419093,35.20407612743918,180.09096445140324,177.636904382905,27.723801435223415,32.48336978567501,1
40.62682705199671,38.99311477467755,180.41566763753968,181.73085258012694,25.05756779192862,31.127674708307904,1
35.1907842867805,42.315620135284796,179.482130320525,176.7173026645077,30.506083198772814,30.55426839771578,1
42.447732956700364,36.66895337558552,178.22825504219526,178.21097658120212,27.420026846485918,35.55140768609397,1
39.74884768036748,43.660681854165496,176.78013080678392,183.79965280174832,33.03860853357982,26.27798311140885,1
40.67072506777485,38.04902305175014,178.56947865703427,178.7214746938228,28.35365883157957,22.67167980219365,1
41.639949360278514,39.58949563089915,181.08072164185663,179.97263948784573,29.464469249857448,23.909382898440228,1
39.96342514694899,45.39139692638548,179.06917557654927,180.54657430277118,29.677134985946378,26.70853211304331,1
38.66598491116597,38.77232629234308,183.88632378493855,178.95316337488083,32.038318850459184,23.101665221170464,1
37.84511562356742,36.300510057373,182.96838927007084,183.89692430739612,27.988461818103538,28.310607365888323,1
42.806840964198855,38.05966532497279,184.26611082679122,178.5913706145479,25.5785369575045,31.52136735658842,1
40.53530254578744,34.5124554279226,178.9105391474663,182.4109822264056,34.023940493755475,26.98064101131853,1
40.48506892879802,36.866785570634626,178.12238966668485,179.02911999508754,33.08616040111117,29.471717234478334,1
39.56897726884996,41.55430092571764,176.82870966902632,180.10331927914564,35.22533661145731,27.644413835535165,1
44.504743738881025,38.99892217414866,178.66801339057173,180.36596147469163,30.8747594187853,30.050014543026755,1
44.502930379371044,40.81941777369029,182.03726583416358,177.89886635765123,30.790328749420304,29.68110531743667,1
44.88165512889132,40.63974353492772,179.67597937461187,175.63773339238355,24.812084024012208,29.461427411381624,1
42.22647735266718,36.02327660754062,182.60341867243065,178.40843123362887,29.235307325694823,27.19104199389145,1
38.54552282188818,41.51218556417008,181.0381173904198,182.05088042480833,31.20974306636077,28.167342939312732,1
34.208575286651914,41.60894688503039,180.81429463054212,177.1320083087558,30.356558698594636,28.153380331465968,1
38.15067891705514,40.22892287701625,181.506763429385,178.55967180904085,30.124854473880514,32.357402627048984,1
40.257538641077204,39.73736795881431,179.9681843286464,182.18850600370527,30.382019794084894,25.48156811332203,1
39.0932517537352,41.5802934988302,173.39101099824518,182.12347765133254,31.68949748711892,26.47109438110165,1
39.85981164763207,39.45670889829756,181.3254700397629,183.6875713074667,34.31957235641506,22.67967265786394,1
34.99680727844026,40.954846078407975,179.2129809454428,179.6723112412566,35.44410233367854,27.643815074383017,1
36.681402356818154,44.13249108852529,178.50682110912808,179.2484599533348,32.175462231945815,27.765088105388237,1
35.10677157927532,42.616037990009836,175.0725604257105,177.1444546389835,32.047430155647454,29.98751818610208,1
38.26572050735146,33.99319811180567,177.67232076803833,177.3535205695127,29.45832960644048,28.778322338052224,1
43.75354697618759,34.8235143461374,180.00680944529688,178.0794934343187,26.29822977491452,29.037880057124394,1
43.93557216474893,45.49642273453398,184.6556888643087,180.76395749943947,30.753795577392054,31.285898456794488,1
35.7616158376114,37.56704110098823,182.08601099078456,182.20055283810157,30.058158973313564,26.532373163542825,1
40.32588096034228,46.21879866024679,183.57873489674748,178.27809600010838,21.652494221386696,32.37692307884484,1
36.058979811303054,37.45440331981616,180.61231923911484,179.81711065000457,26.623389765623838,39.77492146976922,1
43.21949341999022,35.45222123666525,179.87884773677618,183.65721482810736,27.394342283273765,27.14088647726536,1
38.52841487825631,39.56853802751992,180.96488198581153,178.37237421399334,32.1230372875376,31.39046688376145,1
38.461415895989894,44.908011347364116,176.5446324337596,176.78948505314645,30.131271785301536,30.401379447532072,1
43.257337456368134,39.713292163301624,179.3800742142975,181.427869904413,27.316386804068685,30.154421664452006,1
43.39516451092584,41.32110306320369,180.23038616839483,174.9657247482352,27.17604424025018,34.0735949231853,1
40.18135401487111,43.904195305309024,180.18418718427898,182.66865745013553,26.898032513740624,32.60273148594254,1
41.472870935328466,43.46894994669579,178.4317615305585,179.43647870757786,35.40491146912408,25.571024536370963,1
41.15563202258613,33.71239606080793,181.1058642203293,178.92571952412777,29.508253374508815,28.71394360055779,1
45.523149892142186,39.66084373660582,182.98877108918998,180.37394569700717,30.36030561259446,30.64010833669486,1
40.06955503715344,32.929249141656854,186.18042254150888,185.09707381478765,28.238506423725728,22.008833323656674,1
41.338332888435076,41.02107475766299,178.9815903078842,176.83057183869556,28.402931798857335,24.122797130597565,1
40.484548993683354,42.54071426420466,180.0354293676707,182.1446102962658,32.208539203347335,31.550625475679187,1
39.93453268724173,41.84396487161092,177.13012259913933,176.30021712877016,31.707770754540963,30.61569786551461,1
38.63537174558837,37.8844646212531,176.30918504087137,175.84566181171687,26.195825659561216,30.74566178920581,1
40.30386524839894,42.97738389707273,178.79804262070178,172.6766679071532,30.257297498053358,27.74567379974888,1
40.4118722813346,40.7273745866097,178.9715116430365,178.5397584950128,25.01745883632647,24.713954963068485,1
38.12287953540386,37.36357459210646,180.0964872626213,180.09636167092646,30.325949035881877,28.638452209870472,1
38.024976236202775,43.971785015919,181.2575526389308,184.2178960317084,26.48790629590014,33.35347333852842,1
37.94078548207335,45.16688323170817,181.269653975614,184.15676277261096,26.569388237064437,27.531533032720844,1
42.01695695041876,37.959838931248925,179.73291318345062,176.3262913135703,35.09452033177549,29.6093012548701,1
39.613930915372364,42.257476826568634,175.20966787649323,177.0667784055589,27.158372148377175,29.85992373180378,1
35.29035373359618,39.05883905866706,179.04952558693975,178.70228423256034,31.182488333567466,30.422928898399025,1
36.59870655216207,36.32343892315008,177.59908164849514,174.9531752566154,23.851513590127837,32.488108008962335,1
44.949739313866026,39.13594030600815,178.53509995454226,178.96421418121682,25.215015687414912,28.286569495052742,1
41.35347288957595,40.55903245889659,180.34254521154688,179.8202571920083,26.858765294740248,32.02248097487089,1
36.825406894714384,44.83432096749503,178.60218333898047,183.43650081266202,29.13349159737769,31.540822721950725,1
39.98914169855769,42.091701190273376,177.25308996405965,181.11268884242475,34.09866346115005,26.942926659590132,1
42.5803161216047,41.43435467326718,183.07314058431024,182.38587496036124,32.482073746061005,32.54893361905095,1
43.21459799240097,35.638070867937714,184.465048440402,180.5409965459824,34.023465520518315,23.24860786504226,1
38.13251153319864,37.936932024762086,182.1395441620195,182.7500909253062,30.900080565861195,27.875608445024813,1
40.13271555769426,46.92059430139751,178.30347298811324,178.23585596477466,27.45264557260579,26.99417523313586,1
42.37451765808678,38.274049617508794,180.97301405763434,187.74692802040556,27.573508558581572,29.61790937509562,1
41.73691556077556,42.629925455151266,181.71376467320198,179.68484793831948,28.74456108577208,30.2868196142371,1
42.36621384856218,38.37698485388889,178.6408873453521,177.69397959375038,30.932215880489316,35.21531436715349,1
44.69358799967254,41.60366671801936,177.14448794880673,181.41101853150323,33.81801531629201,32.734866381006924,1
41.504693832830355,37.051844559357974,180.10822968406293,179.7507228710872,32.131384550044565,30.735646895651872,1
39.175982219123,38.573307338463565,182.42348928338885,182.98213503459453,24.89669795243745,26.337312878188904,1
42.113591053048964,39.323770521747974,174.88850721204614,176.3395829717837,29.763471359229726,31.919228840319363,1
44.01242794077534,32.75920272823536,178.45882716002785,182.50461477960087,31.648550851985142,29.574569907680313,1
41.54424394221697,36.174934615995994,173.10853451400075,178.15797017614,28.252299241833207,26.677067876262534,1
40.54627103121819,42.61507102591764,180.31812771720269,179.90736038035877,32.991508673794904,28.643589009670336,1
37.20487006964876,37.60951954184006,186.67811278718364,184.22592748825696,33.3878844747322,29.406029193082478,1
39.42583824372887,37.9099695135499,180.32959415214646,182.22799191964125,33.646686256914336,31.138802298467574,1
36.209878401753166,40.510072368046224,180.56828688453743,179.53470393446264,31.42519235828237,30.082000464702144,1
39.108353536203545,40.51747228523632,179.3492760309041,175.70419012798095,28.393538973612916,23.92894497014827,1
45.17685820735492,41.81609085559921,178.51187832796472,182.4804133442875,29.901784151427005,28.942400538880193,1
36.71511532983042,40.040949792919214,180.27157471067764,182.83178998195427,27.108990484795303,25.571989941621965,1
37.889248908221326,42.95168880115542,179.60401246857333,178.58726778761653,32.868440559945995,28.858143695848295,1
34.914462991225165,39.32791379579927,181.92093864427076,178.46045782987224,35.89029585407897,30.973050096550825,1
39.400395486548156,39.9346886774619,183.5150585803517,178.4544834135643,29.26390414735737,30.956156085245716,1
45.33670440680668,43.8745354784865,173.89763313632318,179.761278114758,27.90927022759761,29.247904335083895,1
40.83085428061138,41.37301371287144,179.6029410049016,173.36211550249507,34.29548265732024,31.680637776848275,1
40.25674752936599,39.90586523538976,179.73819802897432,178.6556329997635,28.827966554458794,26.23169937064293,1
40.93386206079701,42.52521452262712,177.0854066915742,177.8525860441436,31.935360894853076,29.607026086464224,1
42.88622646569906,37.64838965230686,180.74222290443964,185.89941944817508,34.36833123700252,31.314146040168165,1
40.91017969567917,44.271657707961744,175.6037736305567,180.13414620794575,26.649371237917514,33.342941577245014,1
41.110793023100044,39.320237963630035,180.22577042858538,184.32556539145892,30.874877090965015,31.070317438109676,1
38.20502312058191,46.28551201400902,180.83356691629072,180.67367959300017,27.527477455711004,29.513652652172375,1
37.45535609083631,40.974525283509614,182.90016451715837,176.58298253314624,32.309315142558866,28.346294484321678,1
42.75465346458373,40.98329817500685,188.14324754402804,176.87273722910533,29.865768129955345,24.352943398701882,1
42.896646170416055,37.95665039986195,180.4454067236501,179.30310450928394,30.82981562518431,25.756325984927916,1
45.05737482708325,40.55221656473652,180.5101273587684,179.7480510340571,32.67982973167691,28.937722424308017,1
34.164465312232934,40.02121869832403,178.68416040430935,176.51541713257234,29.682819280502937,35.371778334449544,1
36.66687029692713,40.89665469309182,180.56554053356308,183.02425958466722,33.631322921758645,30.614254353064336,1
42.617809245196526,39.205245556937136,178.71799446007665,178.20081137592177,28.563328049943763,33.91198989998055,1
45.50178409396758,37.92091374509425,182.57418437341454,175.15836333526457,26.21209322378552,28.479394683611275,1
43.11155445167233,42.64187500472298,181.35673904782394,179.60116566156995,27.525678009638433,27.643371165658603,1
44.99727310957527,39.96811263250895,177.80322067535482,174.86012190950066,36.054546903890895,32.941177032098,1
45.81529502665822,38.76940921286893,173.15054065977185,177.3241861849824,27.372732944462435,27.357557204679637,1
39.71419233136648,36.814618892569825,180.93137049751522,177.72070804238678,29.56656035213393,28.581686815865968,1
40.58432431570711,41.985721709656815,181.98420019716596,182.91618584285095,25.123546111862815,23.81310618309779,1
39.99057104321238,40.54066699512931,177.49079631149502,178.52101548026855,31.014825931389844,28.943845313635805,1
43.685844698295,41.45326286994832,181.00854439982496,177.98614970970817,28.104103274650242,29.937894087812314,1
39.35914263168006,41.397458421611994,183.44710657109846,181.9960658927864,27.431696050725748,35.695421859862364,1
41.7598951533042,40.50875236870272,181.65777925289024,177.69162395889626,28.33254280345969,30.63636265480731,1
34.00844033389898,34.8118481919451,180.00684554841612,185.44080530289762,31.042361759372973,26.989438180463463,1
38.40109048935006,40.83943767008567,176.82188818092598,179.35562048399848,32.31187152088508,34.16036248869824,1
45.65340953272986,35.43128086678454,179.4215119252511,177.31915768313772,27.96256774169443,29.772318731128884,1
37.32805519448877,41.20225717861069,183.58621196816736,180.8706895874936,31.61271116112051,30.429601524210646,1
41.15103973109996,43.468960695453084,185.64815291555166,180.9089439652173,29.1174210992997,29.073557196585128,1
39.59810802813435,40.66705826848079,181.32382391637782,178.472351819576,29.61678985501997,30.074041029084132,1
43.55907049612556,35.94692685275577,179.97532417392236,175.17298535238874,26.585587921221776,26.17334095751357,1
38.92845393655213,40.44439768748411,179.41216356181502,183.26103145731338,30.74597862343451,27.5306587471502,1
39.78873163778421,38.27610623607413,182.96060204147446,180.956675499766,26.29873327407995,30.326863294681043,1
38.18515572135587,42.952676315682936,179.37315877894915,185.01363240347857,32.56970476431936,34.72981533524073,1
42.056119334822235,39.284121886328954,180.72277644648202,177.4442454485843,29.013167778155644,30.53398912718732,1
40.26554036743474,47.96257589564479,182.61278413819542,179.42278278676042,31.35045636001007,28.527471949676496,1
37.351733517221426,36.22705326083331,181.12953539463876,180.0124395546052,29.467792120017407,31.305748679476732,1
38.86838333708494,42.31157436574925,175.56317029331197,185.73958188844858,36.16469194846873,25.071096890428116,1
41.527961729835546,33.056503883290524,177.97187691934855,182.38687294848785,27.540391737845297,28.150490161188593,1
45.19186611759517,35.839319462191945,184.55335033342843,178.58184884568084,32.64777017262609,30.99683465511879,1
45.19437453917345,38.632369712190005,181.56724657419488,180.9599657482132,29.960022404151907,28.577402579562673,1
39.98801634717063,44.144661182307786,178.1777642489162,186.94719175402315,25.025509875346486,25.9353314785959,1
35.99535697013137,43.08322991233011,182.3930117890919,180.22463973246423,33.28283443059259,33.714163703608,1
43.61525620852358,38.09159097304714,177.18355451326272,179.17872489420574,28.51558362714395,30.24804687000113,1
38.771838131514144,40.41669205272759,183.0717796854735,181.59404981826353,28.74149788182164,35.851519090555485,1
41.706849330551655,39.00150716599405,179.71083899506186,179.9322023338321,26.511410286865626,29.933184861894276,1
39.685161300661704,41.67050315220392,177.22795550106002,176.63154118176374,21.39062374608313,26.453969797191405,1
39.15964200939352,40.345370216538555,179.32987567200973,178.11870265859474,25.80392948678284,34.11698092501977,1
41.398447856400686,36.787696101079284,178.32709054150365,180.82965411266588,30.036370039167224,30.638276721545733,1
41.88713410641143,39.76923904516749,178.25761414868236,181.96611372534036,30.932324603339055,35.66297912514856,1
36.006416637366804,42.11170607852822,180.16286617280912,182.34129983933283,27.90673199598678,27.713288351967986,1
40.89856143922452,41.209438517875256,177.30810309881608,173.85727946809152,33.80724214285042,28.59395428344257,1
37.69821823021828,40.02888657007319,180.48768828056654,174.6173628770313,33.121874326921706,27.38405728396075,1
41.45795072929843,37.65586987927696,179.83148038581726,183.07257384164254,29.522600214423285,28.94783269426612,1
42.25048053449453,39.78285900497048,183.72382192177864,181.37539433844478,30.725095776864954,30.429243887722343,1
45.44829082200427,38.54863687133896,182.2548207655984,183.3628508230867,32.00706555950641,26.440821307099203,1
43.004561090585796,40.798806005533464,176.39603155729677,183.35205261224252,28.366140206782543,25.108040543050215,1
42.79898199294892,41.04947542361436,181.02292066654493,182.1965202375575,32.70815813746794,30.660533341580948,1
38.176414824051356,38.19918677590294,177.06896137398095,178.56900189283436,27.848760792129102,29.78686263230041,1
43.37297416570102,45.99921804106091,175.6051294665764,182.095920934612,28.81061097419778,29.269482023509998,1
35.5083043811374,41.32162370215012,182.6403721000901,179.60909505674633,26.99644778703669,29.568711885152673,1
37.78091095997003,35.52584208166581,179.07407695894614,175.86146469906674,31.882227585611048,27.40989474448766,1
41.48931880620369,39.5857442904178,180.51309750561293,179.6786503108932,28.271480694911283,28.235304423627806,1
42.540877646785106,37.871273358519446,174.6603218498072,180.77892085575064,30.394999546693278,30.017649240280985,1
39.21682640155669,36.76511936038649,178.4115149709924,177.53438528176878,27.806503571587793,29.935969048456833,1
41.97729188055602,41.53809479420008,174.1037182926557,184.1087257922032,29.180434300210045,31.763770798857387,1
37.24702795285428,39.96841941191914,180.5127322138122,183.02503967315943,34.01481938064601,29.031066039446625,1
42.12347278101168,40.41888017907338,183.9172505856625,187.74056064039792,27.44157202444928,28.80212248880865,1
41.94909838961575,39.85539960704143,181.64514737530425,184.9646893735488,31.831316104421166,31.518425213335448,1
37.2766632235136,40.68278243814719,180.11398461370607,182.55952285120222,28.790681928255612,30.56257943470035,1
41.6963251736306,39.666907235444896,179.42302064653674,185.3351340257477,32.952723407560555,33.739080451123215,1
48.67314594839104,39.214639118158885,176.23207873228213,180.3565002540706,33.06503249469358,32.945466138757716,1
43.14390216721651,43.1134589528108,181.01189774214745,177.21145430164063,26.27679987956097,32.838764558215445,1
21.0689476981856,53.400481249365384,153.79174450734538,168.94756954859912,15.766979334991213,19.219245359565488,0
19.260962172944442,24.037317388129058,196.8934904168018,174.75659723204112,45.80315702671035,36.97214642390878,0
30.512649209058416,27.21700531765337,164.68504449718182,201.95415453338305,44.25906394616764,43.82911309650921,0
23.325156942640792,16.599159643928505,201.5848822492625,174.07152178694622,43.62218700749952,11.151854221595567,0
28.643561258233756,28.74133459224008,185.08421394603695,186.568489869531,47.73530024667358,25.521343988822068,0
56.28241345895293,26.452788136233018,147.82895020759975,170.4890556973633,46.222059990236524,19.27228204307996,0
19.743919093540356,55.96377627444362,204.966984721151,196.57703329578527,45.398959340915916,11.925576660564001,0
20.898206902585365,54.03333853884038,161.58860908940457,157.61624355636425,8.163265625310826,25.3240611897864,0
59.96768244279952,47.19546243909428,172.55863650312386,162.4907466330305,7.33351610006906,51.75414114152975,0
37.58123336476346,27.773867750507627,196.95463187915294,193.86973725317296,44.57901801627743,46.42101719901842,0
61.98730845718259,48.43104737925981,202.2522863008909,191.19162280666637,18.2246413461102,21.09863416917516,0
18.423212203145134,56.53050446236902,160.03142569102826,197.41800451411422,48.63762155263418,12.026455944015272,0
58.1674909133149,64.16517209687146,168.99979300297503,162.05858176350625,10.36993179743092,40.969863590300015,0
57.24354588812024,32.599110023230054,194.96343808602634,161.85411737198754,8.891443040201626,44.98363465187415,0
51.39640436466952,27.03470998831948,197.10622578442263,190.99216248627067,33.39260659068556,18.247661683851707,0
25.84591012973396,28.988888202652348,197.49902785018944,193.77042670219362,40.313752358614394,51.758493660697816,0
31.010417248735358,25.901121728244412,198.64840653133353,198.16247869777416,4.50768845497071,16.903861428056004,0
32.886976545930075,55.419615820477965,161.8258270586642,190.28937683568282,21.831064569792122,17.8233224377455,0
50.07049129284216,37.70023587377399,166.28123455911947,196.86542926308428,17.64337884648803,39.70406021729145,0
20.999795041375705,36.80184620405976,199.07838268158812,194.48203342085077,50.57991003440188,15.531429992285913,0
55.16480480825959,29.01246459534012,173.96666332160675,174.785711424561,5.337005655936108,12.363796568804137,0
22.11052090455464,60.39817681808534,169.09136306944544,170.23779529767467,9.464104648283723,15.33183801156888,0
63.35943954573007,48.67407966213517,168.93523741572557,194.65600274764194,49.31362578098787,33.05439123653795,0
65.25450772020208,34.76911796079246,194.58317449672322,196.22688190522476,36.23312566343629,20.29470032431809,0
58.1000832531061,53.32363755959721,166.58870428953492,206.50971603939837,43.808302911223876,11.585633240305667,0
52.10140276177814,28.59516907085346,169.98691119692504,189.63912606903628,7.557999545221097,22.29600538616289,0
50.94874710946825,53.67767887907817,161.4018202379903,199.50996675784063,44.13409904512936,13.936500246620117,0
60.2457574913191,55.20276812049421,157.45385968442275,162.70115729005298,22.986274816431028,20.83664178707646,0
49.754565390926096,22.02961310662451,166.76968403810068,166.2021991586337,21.753656059710906,51.57403103755072,0
60.21573981408181,27.785798606656346,198.49837499512682,201.34443747799116,41.854447773133415,23.60017994421882,0
18.736648080480435,33.14382859015068,167.71927861511753,168.47421275209516,45.29629426192523,18.04430397808472,0
49.15342416300744,20.625228233235347,193.94780241310016,162.32748316818888,15.72591549993011,4.844407354437198,0
60.03527040263025,32.060887706733524,197.56162752027203,161.97662266994323,11.013943759622531,45.736050346112805,0
50.01980798491984,14.47043235618619,170.65148458252253,171.8619989138702,8.034060780369307,17.145102589188657,0
31.09519329316373,62.36751651215928,172.92394301491103,200.2586458756077,13.13308378599022,24.687491339205206,0
58.77550379746236,22.267366031924674,170.07861796102677,195.65796365645744,10.183655827248298,51.75862610032464,0
58.98426558679647,21.28277871565871,201.8524928844044,173.28659064102987,1.4220866806752586,50.089381190843625,0
23.533745259404768,33.34130587516243,175.50428186665863,204.8170067633812,9.48121511368969,18.773747537190122,0
58.44308952877838,61.51675809387671,155.72738895027751,163.32593297932766,47.53034460106667,42.755733600831434,0
59.38065828661229,23.557818411884575,207.3210696173198,168.99062313106438,47.308122070215134,22.07330428707336,0
51.94138037081941,61.72028040194207,197.05391959035327,162.64022314690394,44.644424099778306,20.045003670307793,0
25.252338070049678,53.6518678822101,169.53393072887408,156.98874660385633,21.67896174512895,40.590330494042604,0
48.03081686840112,22.436380671808653,200.5524092693504,162.57752181126756,47.135810492050965,42.35711048500828,0
14.488746035111351,52.9304993024425,190.75780019750238,172.19645312043716,45.160289561790805,40.890289344641914,0
68.48834405688295,54.49611883720595,190.51363424000954,204.5396987499049,38.52496190075308,5.538431595039343,0
19.183195132316733,32.045404299524726,164.0963808330519,190.7258160508411,44.158087923780336,18.958181706993763,0
27.0617067756493,27.529603893207394,164.74795686170572,191.5040738391898,48.65992214159223,53.07969252749251,0
29.648138653553378,44.40061128889842,155.03457196439783,186.40278716302868,3.4395509094601504,17.149591746216824,0
57.675295710619395,51.78349012424305,173.56018703968854,166.19939470591166,20.357294198409313,11.012726107089009,0
54.90186670340486,52.392462607835654,198.704737823993,191.4161051656017,43.39696364064836,41.4487765031463,0
45.81863864604982,49.50523301924983,168.79268871048993,169.3030606054402,23.923766355840435,7.66769846653484,0
39.623268088942744,22.988923887213307,166.95616943598432,168.73849017811304,41.88883913489464,11.37470904512418,0
24.20152354245137,55.597724183705346,191.31017288739386,185.43534855469306,46.681494346845945,14.169023020184317,0
39.75722667043564,56.55695955194319,200.35682096983982,190.0391081691624,50.66263099947889,14.819037699597029,0
19.107069917992174,16.500990654913604,160.1031370495121,190.53802468120406,50.18280507602218,14.733552571877958,0
54.60783123419097,47.6757355565605,158.82346877697108,204.23054786781756,23.51387371812615,50.68578548037092,0
61.24747229175948,29.612867801913815,165.55152871383888,166.12796988952073,22.658393362996915,8.948742028930043,0
55.41520371902766,55.014037273452224,164.35247762406277,198.70852886206174,28.138915521202456,45.1056855229122,0
53.30096197079691,29.63524794052645,189.79197807755784,200.25112110895657,42.70777900513997,45.99378449345503,0
49.736570722423046,22.243785287757795,197.94433374952663,208.27601363177652,16.933564032344883,10.422531474957129,0
18.53175864304228,60.03275943186701,171.8585996719381,164.00434815050937,32.32299559880433,41.16855797641913,0
55.26256592207273,30.597375595411457,164.5477414015757,186.2329769594145,13.395489135154003,38.67142728935312,0
56.68215284465673,32.026707700388286,192.4447618871048,174.5704467041444,46.128707322669904,10.993335443215365,0
46.58177455922161,55.908596418366265,190.42455125530873,201.04023242787557,52.1209624866931,45.967824377052715,0
57.75359103996945,51.22620263949631,156.24265110309034,158.67830383451454,12.744235154035174,14.292036065310498,0
23.690419060906954,46.85143281649539,169.83810679639737,163.4915885432297,40.981215950071224,46.44989234999546,0
25.73657356266105,26.330405557943415,171.05667041895705,162.2276339209903,11.632449686439728,35.505642029501054,0
62.744742607996685,65.12278487319863,164.25215568493292,167.40016686095757,21.034636982227852,39.93301612777788,0
54.993716960383395,37.219556479087146,198.88040715362132,194.2505602371063,45.29180647955459,48.22052823193939,0
19.105348974423872,52.50545001947105,194.91459379703664,192.86815801147145,42.49632996907716,9.910045001789223,0
31.343879041494265,22.13539415496697,159.15887781314672,173.06807829629108,11.741970048565868,34.45840524344268,0
55.69083230263192,54.327563273106534,182.32105028980885,188.28362798718936,16.06548872076106,15.681260540939626,0
26.788997628778866,22.130548939247625,167.91523037759072,185.90850378699741,15.692354515590097,16.16765904612893,0
32.57146803903896,19.386670761008915,169.51123380108268,161.44934216435576,26.856315827740048,12.446517396155649,0
62.346674827318786,58.925504937978154,192.7708994570493,195.4634178753301,15.764867392640337,45.182785123989234,0
22.889716154639196,44.50208547972832,205.01043210659233,197.8731703332918,39.81142936172541,44.059982399269394,0
52.217817088519915,29.12857243494551,198.47658414214595,159.8892528852472,41.55017415229273,8.956098340720338,0
58.76142989656897,20.173069519282805,190.95318401629567,187.2681962886749,8.169861285201156,11.668592652178841,0
60.30818747970866,58.54258813035758,163.14520212412654,165.4743934788144,15.734816347906623,48.97248763422296,0
55.87815116442923,18.380090928375683,194.6932365938749,197.333689708765,48.830518797615085,43.307644328779844,0
63.30732696809896,29.038766034029216,165.88158472906383,164.9616188792618,16.77278624086846,46.588772629601216,0
61.943932163881975,31.34118892279422,208.14727693490934,195.17937708431725,11.044424851618821,7.796349074020176,0
55.359965484261146,24.157821640110246,195.05988802149855,162.82120309136698,19.84997407877916,22.125193701561532,0
27.043026076152874,46.75154654046054,193.99089072800624,163.896179734412,10.841723889806122,33.6178096241813,0
19.781723768670474,28.344573148738533,173.89906627179252,167.76927556880398,8.463820975166277,21.209193328303144,0
52.69997829000943,52.181391907237824,194.70783077768482,172.2225776825287,52.77559372400938,50.26377094555731,0
46.53841388206173,53.268724261684895,165.33194715123696,169.02574940777265,43.93444546656974,54.291438222233445,0
21.00729751114299,21.692701811339965,167.3517560002671,190.37350016759422,17.146516305159253,45.41296793502405,0
62.717221005540246,27.355427804976372,173.04357347798125,173.49166406441117,7.3742011467692254,10.112086499471909,0
46.24393595236951,56.73105433848583,198.7998128010602,200.55695115964568,19.521842307815074,19.945094045380404,0
27.86038175075791,26.84990809909055,192.330875744022,173.2303243961964,38.781794356609794,10.568711482276953,0
64.20657656949065,21.813744823113872,192.63768840255528,193.80679113639005,19.087208796733634,8.873101089047925,0
33.38209446379867,16.611341085582545,168.9973645323629,166.81574331203203,10.489665995998873,45.11846995384812,0
43.613756162160335,17.160574713236215,189.89675554610082,160.44600794137628,43.318516831547726,51.147120002945876,0
58.6607447237434,57.575269719344426,162.2898777876946,163.048638917614,36.830263436054416,7.07889199621756,0
13.102978124092704,64.92381309420732,196.93526502002618,155.18892274418886,8.242934115059391,40.88121091098352,0
56.9368925728398,19.278749778443164,153.8338207131445,156.17622769727797,39.56222066802877,38.94032760756542,0
32.58463717870052,26.65892851360899,197.77478836371586,198.13871915101984,40.58427215708897,19.660409720835414,0
53.92361852224147,62.361058911438015,186.60967144201217,155.05491621262232,12.478459991353525,16.860966478330774,0
50.907072486191254,29.211334376000146,156.3144196972102,185.85166441642218,19.91260967641026,11.572594810621341,0
26.516790096530453,53.731818890191924,188.93678244814674,204.68676190546944,51.98388592902139,11.431777949098892,0
50.57489342103298,55.22449589871267,197.58093639374397,194.71696693594683,55.68242219894667,49.90910313207824,0
23.23177992461479,21.811510879086523,170.3896993566051,166.2926249961184,43.35085824951995,17.60932115659542,0
60.2181670703378,31.381167440847793,199.67529410315674,186.84243825226375,25.514352034858415,21.246830849401995,0
51.68254144911567,61.57484706219512,188.63173634047038,195.02459726731462,54.28813817476974,46.68290853542779,0
26.040145223310986,22.51192172989022,197.87399846198937,188.06348797743783,48.04343857369775,46.47574545758781,0
61.076690904681506,53.3596793943911,161.42128147001887,182.5003954513079,10.381159583293815,49.00967722372,0
26.720361928886295,57.0512543395898,163.5884753076369,169.74754210015897,12.078752840176723,37.32916302315502,0
23.07666784255993,61.930640959397266,180.13658278945002,205.0499966799976,11.513917991826691,44.35781009632645,0
15.444505732012544,46.566531573297624,165.03191138839446,157.94450076522133,11.81255023019271,13.733752992371995,0
17.108459712482677,51.51815757104601,196.99252641663503,155.27199984775692,40.403426833933466,13.890082738944344,0
55.89979292888129,72.56491095421379,188.91811377630023,169.52870371655308,52.51535196022833,44.14380934606897,0
20.469461941286475,21.664268312806517,200.68876840977,165.01013555964005,14.179615057244408,11.456106783460624,0
53.803326685523395,22.206611968582983,164.04874792225573,197.1219900664164,18.758278801646746,15.59603564448398,0
17.869198103806948,5.438113344875372,194.84682141684607,188.90223901319675,44.21520944849307,47.48720978369911,0
59.91858504320012,50.73263269208048,194.43270406613433,188.46432886086637,50.85059225161281,45.948564445326575,0
56.43579260691533,60.19099606625929,194.32452111667502,199.8194802422527,11.63578220303488,46.48035073311409,0
51.769380693309095,58.45151377822906,198.59119385083636,170.21710824625677,12.962369534049154,48.32214354076283,0
35.53918554748968,57.12052722639326,187.16654791187796,207.28538487439485,39.504553592709975,11.781235571797431,0
28.338983156326236,25.531492638268436,197.0191973722866,156.4678200267971,45.321936735342945,43.71861842936725,0
25.25731595375149,48.09171437859918,208.59512601193336,160.8337918776531,38.187858013278706,46.46122553278469,0
28.576825895263248,23.049457384569017,165.5532060282764,161.96699115907043,49.01069687321785,47.06855946811786,0
62.67962080172558,19.742666338464808,168.05225929849516,192.9408537509714,21.441103334110817,20.270175718140894,0
30.03476649270355,23.762365694784513,167.3763360943776,159.5871319849446,11.74110388492333,47.52100665608068,0
66.10930177308346,22.46690226737064,202.5527953450008,164.33989521683063,44.24882989890535,14.925549682778644,0
60.679439172829206,54.917296685713154,193.5157075696631,191.2614056771185,1.9831709692896897,48.765667369542136,0
20.89467911326772,32.83891015255876,168.68018319238365,195.00221572714182,40.37510791271125,49.03653960245446,0
32.721923418923495,25.24005812080452,200.70079456099765,160.99993660520838,60.91009904028617,41.180121566517194,0
51.735226110190744,50.7896093210434,171.68592266017262,199.68492082396156,13.398567459726992,9.967149492677155,0
23.718134289483217,40.216813257343574,152.74268142186008,172.97707199022946,43.23927017927102,19.823238433406463,0
23.490653612832023,54.59782838889373,190.67827357964967,188.7947073592903,12.04935590872644,27.051436273824105,0
24.99304239919151,30.70015205689953,172.08121624225365,186.81351946529293,18.987674101499124,46.98607142565598,0
60.705913923604044,65.12663950235195,169.1195189772581,170.3985702112584,18.808844167873147,22.7783143873534,0
18.67394154133853,37.50750222142918,192.32719214256144,197.3819399924984,53.43119161575365,52.740654135023114,0
27.628682816946906,17.206290011982475,190.3149499766632,161.4219666254429,43.15259910875422,15.245810674932937,0
26.460282229735366,48.415342410606506,182.94978280591516,192.18603851050386,9.15537824745603,47.111084077090794,0
62.55414479971748,41.09327773275801,192.87027596613976,157.6103084216418,46.303659085552134,39.7066345484134,0
51.05435236411931,51.83812654908255,190.2478005426162,159.7185802450577,10.962195794719184,46.53230165178438,0
9.224906819652805,57.29274071129183,170.17501904946033,192.675214584719,12.315656096267569,39.84661038261306,0
24.93543566968227,56.726869228984576,194.9727292403503,163.0933268265789,46.521820506516825,52.80458880188297,0
24.643215673988635,36.621350233870196,191.9196867151603,165.7617573017994,11.94127551799539,42.60892252529547,0
17.45709415859146,57.65402262204787,167.4886821349705,172.95812615947423,53.54747274831224,47.40016521766902,0
55.05808015787239,61.19749714671398,208.29782360700332,156.64666114427254,6.336566050781922,16.41468703950177,0
44.35612159804345,30.307443192489636,166.7971641022921,180.12185780473405,47.190446594541655,49.87648715259086,0
58.93632179068607,52.674796785883814,201.24844210918044,159.973125252647,18.257307947428227,20.86378837489779,0
20.971330768403412,61.49104942922212,168.70154184867374,173.34949179685205,18.808279364155506,41.30042519490398,0
20.85670616607813,23.605864253029598,199.72353060517634,192.36301114801745,32.46133689988634,46.882502407053465,0
63.41108258648842,23.66224185085013,155.83060742320566,154.4127943028057,15.40701395998611,41.22650467259947,0
51.8574109377549,44.09705730626915,187.13430913470975,197.50011968592403,15.343472705005638,19.041526049036598,0
58.51496908164093,29.319664143390685,167.13624413811002,168.23207683000052,42.863188649608105,33.640241605066215,0
27.947179759281482,22.371962266244722,155.535033841683,195.03849853662803,48.83826878909559,38.076767488760034,0
25.29687721575502,58.232773354070254,167.72750329347056,166.17592177049113,18.36533608855965,14.147554407526133,0
17.531557769399107,54.97005950251904,170.1271763620662,153.23444636914377,52.27113769255572,52.104592991008076,0
58.21802853234473,24.100581602675447,196.22631179751147,196.00682796865107,42.715650261261615,15.957084840659997,0
64.46379802445784,53.107558746939304,198.77442321253977,194.6772833695205,18.722582568728658,42.13415207679526,0
19.133860097931933,55.43826091991823,164.99084188607895,196.11743820798503,12.813380567493455,49.27673886446232,0
32.75719132758777,26.639344198910077,199.1002621699601,185.71640267443308,26.25738627710819,50.85591393911759,0
19.41302084215872,20.303783290092042,174.33086074617077,164.85841530114234,25.528837614359055,34.1071689327646,0
55.798877299247515,41.07411732453344,205.78313982054829,172.81475445412298,19.956016922428002,51.54338290166706,0
26.287372782389,28.446249940546515,164.59412734593698,158.13397974708826,50.33285987167565,50.90466025144751,0
47.86049471449993,15.952920089051588,199.61425984204885,162.41900137892932,7.681619345394522,48.04567346519715,0
28.314593913446423,51.53725619682616,201.30413475523835,196.0086174858161,13.410815245829504,8.793504522353528,0
49.75360371961215,32.44654628319895,165.92464939704038,168.13908659404336,18.23768880063521,39.643665844260866,0
23.503814991907248,29.818960832981123,203.82286228294745,172.5136983125893,36.181564617028044,13.776380407412805,0
57.88489086208581,31.066307396182587,191.18399059334814,193.16990393436592,48.32754990224717,50.15389085490248,0
22.512203888150975,69.01766565247502,194.27017562901312,161.80410803145693,11.537574423364939,23.85530306301134,0
48.27776967228337,51.95624580798574,169.42952891914214,167.6359221587037,41.97746312214552,11.108567076584293,0
19.646126138194187,22.803664605366937,191.9741321893674,159.87779490309302,35.131089354421086,27.014638257590313,0
50.358448194023644,30.827663895936954,174.7776212266091,205.90503565160358,50.972223327562844,39.8333079664539,0
17.116888815116504,28.361027572080026,160.2580644919601,202.9702705708677,46.29168181445764,46.143859938229525,0
23.80650810890334,28.82995423542969,174.11529804688257,193.57253112336343,44.14316099481424,51.20679851793445,0
19.66689181380972,23.247298609398754,162.07534721087683,167.8184341154295,19.6110846314159,47.70133598804102,0
50.65759386457458,60.3265265172938,157.2193834007645,195.09662489344535,53.17360165214094,14.437120823988174,0
30.29418689014169,56.121477555861354,165.65556004087884,201.72473163231214,17.17938752301151,9.325791875877007,0
29.084946669662624,55.592516210836806,200.84959441433722,169.32387403893026,2.31053840278184,49.29089240430072,0
21.956100603160206,66.86477898472101,199.30571363685334,165.56034532529824,44.93634780921425,17.48652883576585,0
53.020523048005735,21.489043068816173,162.1376994743641,201.00472047135847,47.72519763734496,45.19238963423944,0
48.46225767925139,20.97241034280778,157.52259121949152,166.46059411672243,4.117010399532584,12.264356255208817,0
59.42306300744501,9.555760127237129,188.77073931401074,199.411031277233,32.518084420537264,18.66129040398966,0
46.62419728975292,66.23111040077796,174.0460803906405,189.7557542238957,10.670489492630729,32.11017266566421,0
28.100615877440212,56.623191094846234,201.49259876570076,203.87064910472088,2.5377963574479807,21.34505914632018,0
50.969575758786966,19.519469084411178,162.93883799781682,198.49959944685853,9.67120241544701,46.942224901506066,0
50.89210048089072,32.58139675221755,199.66246698695028,154.81450506709717,37.56466102422311,13.250539810593263,0
34.312297045040836,14.190037918828237,198.99265437791837,204.83179978919173,14.699301180385936,41.675537513069166,0
48.44322127525034,59.36401537325522,183.1196278193557,194.4344463715196,45.68824310574109,12.34595078856552,0
25.146919678914543,29.234259677062663,164.75171615512883,199.48931659682472,19.660854569252972,12.108355847933446,0
56.24329949335102,51.88230402026766,165.4846440099309,173.1867593984162,40.29621977908239,24.65565884950752,0
51.513909571445154,32.35754089180314,174.6260105342079,161.68431709320674,24.303724907239047,48.672107364355234,0
48.41073763819822,56.54667525603494,195.60993784319535,189.19167802428058,49.85453875726249,17.86752975872475,0
63.00669500326314,54.200754585815396,165.42769705550478,196.24653625207424,48.63433935096388,21.807702203165235,0
22.56004209627064,20.467137675283702,159.5267303051735,189.57736359820578,12.150356160910432,12.74568637759584,0
35.15532865902453,21.408572071842745,188.4469163515518,158.24289572731615,8.284136580077423,41.83300506611359,0
24.743856469829833,30.66611189000866,191.47807400396044,201.31182307685586,5.4866755719876075,10.673198009490726,0
50.24825277961722,29.655516696668062,196.01262816538042,173.80037167243717,41.380490946506264,18.915520804201503,0
24.472923117679336,27.53081123325173,200.49299733138997,195.26957688211954,40.28198080699017,36.7459181276382,0
31.169949564240046,46.62480482038877,202.11596567366152,176.78096927874225,20.007896182975983,6.042085059701366,0
25.651927101546065,22.634395600596147,190.92770771165178,166.77112322050664,19.516271249845218,41.86192772001608,0
65.1494322028751,34.076628302537635,168.57193192250125,154.47841016420304,40.323630311183244,11.156822613435624,0
25.35524251302415,18.780044373639576,152.87232501075036,194.2052882627957,49.34236877714287,48.8538219247542,0
26.964001447728158,30.385652402705972,186.11329885605846,161.9233660013704,22.527813255587663,13.472519255643686,0
21.89224290670619,61.40575873994801,194.91698682619173,195.39779681751384,18.415628271384662,17.30909577052892,0
56.38327968217049,59.5503678117627,163.40428923480178,154.48272520880172,53.23205821660193,18.327045567521846,0
65.33008482546316,16.561597844990345,169.24316008764097,197.79884162650893,17.979526844633867,42.8063401614668,0
60.539393945423136,58.07425943954908,193.38800678283883,199.21897290346652,17.363136724888538,37.8953077178091,0
16.442273407625617,27.862652506960146,195.37422243148868,178.2188412286311,15.153849754210471,13.274040509013338,0
10.622300090962552,52.46198448509933,175.66580569451065,156.01384934161013,15.562869549413904,44.679454769814356,0
59.0182417350916,23.258006324816076,156.6135373549942,193.46236739321256,15.939286498750603,42.467141804694734,0
26.629240443944276,20.996041354873125,188.19545988951066,155.53332450154008,10.35590150887908,41.807340856969674,0
18.65883166985804,66.2806345848907,194.394451404393,162.89675133067743,43.923140226164705,9.386530634195429,0
36.235534081255174,51.0955862462465,195.56588907767627,201.09743880605035,46.0758209357409,15.464137560605037,0
27.567024985197087,29.868364980950325,160.40490235198692,157.66905854583578,18.002788145257078,6.026664715166282,0
56.539821677948225,20.174962220049323,173.55835260529284,160.21302188753134,47.73009523628492,27.08495580575815,0
47.537750441367166,26.02686771762508,181.5376132515071,156.39846575472401,42.27436661611831,41.233178955497316,0
23.445368427617193,28.31834974452493,158.42480312678964,192.62790579243114,16.755854059152046,56.475869532436064,0
30.55467413904331,20.125937402858728,190.9298456790053,203.99810648521313,41.641670111231605,38.462001500839406,0
57.352669320811955,29.101129445554754,188.12958155646697,182.3685628140727,17.894255746971915,48.34709304185759,0
33.04922732551473,51.97970766977399,161.14156201804286,194.75066284843723,15.470599313247433,17.8829272289186,0
45.78671023457247,22.17145107338864,188.42997441564782,197.15537498722833,5.348299402165341,21.254799238834075,0
28.047705161151345,62.27526199617239,155.99187800477168,158.24713031864428,21.465278329696044,43.87559275717777,0
27.988579902567427,23.81303404167659,192.50366099322002,200.17448915111677,44.3375257095874,46.53307893967538,0
63.070212220990314,22.346111547377163,160.43608209103672,171.02982258368758,51.53521798774989,38.970514176768454,0
63.29616600996063,54.54320402776037,165.62622951916308,166.6112736675474,15.487363826659092,14.889371434328002,0
24.496744748437163,28.394381440311605,178.02902579806022,199.40977276223526,44.8873379637719,53.10292116530433,0
47.89083137745995,28.51245819424804,195.29710052874978,193.08251593092882,13.094266939631465,46.81735129240869,0
7.600259079529618,34.587955277636425,164.17693712062115,194.46453798430653,48.98961126777716,15.204546656781254,0
54.770140923512066,22.38302145437214,155.90148855069214,196.3056650682042,39.14858038791941,14.33360430210188,0
46.60983857747447,25.781421996045776,151.6171268419657,156.2653872333208,19.665569911714417,7.527069597897708,0
53.31177202695199,17.059065429795297,198.404481906843,166.83795171683389,20.6132464318856,50.11521144112824,0
58.53109870985754,26.87045196885543,189.5843322111846,171.9576679712345,52.49387250209791,39.70764930758561,0
21.88519328768737,56.43033129903391,166.80554714259006,193.40527488691413,15.310182990238726,15.93373068808627,0
33.094070355174054,45.09119512554727,164.64658376996329,205.57734000774445,19.114809913458075,38.03799196540487,0
53.10919737515436,34.65887375347819,172.77509769337613,157.91443644278908,54.21803399359771,13.958042760398493,0
23.28830024927565,44.334375247703676,167.92297535327356,173.85852358196954,42.076736096142525,46.099760054693384,0
29.993078585045343,51.442982978475044,190.88058736259893,177.64378417386416,16.751480734341012,24.118838843154432,0
55.951259046870625,34.01714793542391,203.28682011505418,193.20155991728828,35.7955094486264,18.12802430358738,0
49.94136048260767,57.93995961233904,187.04784990209572,169.71502698521599,15.487826738078216,15.935419201870038,0
43.84494936668845,25.06718167595248,174.42590490052154,164.06403719632743,11.87891564694292,14.702155874463779,0
66.83032701209868,54.35945383018283,190.80029888484907,170.33863968209587,17.49479286980816,39.71868309499296,0
57.43251876370836,56.505702042891976,173.14054176738205,166.37086455232765,52.33827483070445,50.71803870238719,0
24.235887685164485,13.510009465987356,167.20059866007432,198.84553317067898,48.911138042712494,38.339384964747424,0
22.409774532257043,57.659256937459475,174.26896700719973,202.8686556165129,17.284379509031996,42.18097923219442,0
27.248133178188553,25.126485907325975,170.7980008237379,160.04910601122134,40.326904635516264,50.64618678459324,0
14.44994335350533,30.15509399980888,191.21555295792297,159.44207020726606,42.877651460480706,14.290347426308482,0
17.685969632111327,30.249403380328324,164.77513996078588,195.35706290250653,46.48373925747064,13.655434721358525,0
25.309626947611093,57.30739426949408,197.27594932986526,167.5379610528319,32.364693591701524,20.533727789907374,0
62.31322257714382,62.541506363005254,192.94082349091983,170.88942433833202,50.73909200947015,41.496273243778546,0
57.054256183660215,34.17074199730558,195.5079987397349,185.96430550092649,20.396167648867905,38.45947442086271,0
53.40150309467942,18.50581562088034,192.1727332227368,171.96304985305824,8.963082982227256,39.22218613357035,0
27.770357697702885,24.906192626136242,193.07554588012982,208.36589414728036,44.6187278957895,41.350370568988026,0
60.807361371332526,34.724871663585624,158.625308492795,194.83602543616263,4.771505542908507,13.94615889308961,0
51.491635636824356,36.9158020894792,196.4997712618661,164.56342953940214,50.700367324034936,45.219028473603984,0
29.036915215734133,22.65365987062141,187.18577256286508,197.94244371437227,49.09242003013353,52.37723058102645,0
63.942552397669424,67.62529224558303,202.27972410724067,168.4955816989547,12.11610556134374,44.718219813418585,0
52.53048571142379,22.72909560677765,165.27319342212033,163.28317127715877,43.437162561378564,37.67966609894221,0
49.77427343268809,55.95642851208818,174.81241102656742,195.6975913418053,16.46449268540689,41.33030848992348,0
27.96598612746447,28.513501727403384,169.47903464433162,164.45249972030092,17.677629898056093,36.40763868418677,0
21.192818318500418,24.96849674939315,170.45709171988912,191.4158577147044,40.6720142006585,6.8554722169938795,0
19.451985461438298,50.30888656188126,167.6828996894374,188.3677828644624,7.834077071861372,48.90927350148879,0
20.479590330125266,25.17341750082166,169.55689070165334,188.8997165082273,43.38944473513707,19.862980302355243,0
60.161364986861386,31.94782862616747,203.11456273686397,198.73748485300737,19.571638135693092,53.62693096214071,0
46.85027246169743,59.33062836561351,195.24915651249475,197.40754796039593,44.55247773454858,33.4435462593383,0
26.754921206261212,36.80989112787006,167.17089435998048,196.49013867060276,45.43359920412521,16.43413212297249,0
52.14923985492415,50.98832811499688,200.29542769672648,189.82395312169666,47.33939355431656,15.014347409322443,0
55.36884414364171,63.954508227858184,169.7694222238586,187.12787760383054,13.954277760328914,4.085377560200243,0
52.27300191447725,60.66529345519009,162.47438869297758,195.4935564986015,42.69839452478541,34.40965404553643,0
56.468632040695866,63.5270142310074,168.29262543742726,198.67571176309832,16.48811005020658,47.99654998963726,0
30.441318480607755,65.15979836809159,155.2163381375529,167.45921280651552,13.491115392545021,14.862665810329833,0
15.528470096158866,57.68052351597569,167.54986988227378,184.90587964644763,12.15245906700342,23.543925711197765,0
25.769024221150453,33.020917256849515,172.89535674579108,176.48031137200525,17.384575972212083,32.9681230705379,0
54.70932305861311,55.421281398465524,189.798706051949,187.51271569444964,20.171828961409258,56.96439774478289,0
31.91713225734277,32.865158091619314,170.68965620492062,202.84328931732006,50.51134021219714,41.13337379271833,0
27.348272741768977,23.81412045599271,195.60089519504191,199.8429975822375,50.29173323813005,20.805256038549764,0
52.58241624529927,25.316831627431153,198.9357346742282,206.83558946934662,45.344951577840206,39.38844500369661,0
58.93083755791391,27.709032374888857,193.39391212663728,161.88506402501625,19.200661827651906,6.5989711926676025,0
30.280938404874682,23.818677386218457,196.62456456038262,197.2426983911688,17.619726769626755,15.525511983411656,0
58.68598687661098,26.694896764036706,166.58397294992366,195.5110038817241,37.22787214961368,37.789926777514594,0
18.265551665407756,54.0627326057504,168.23486586788414,163.1268357780273,51.89075681814969,46.86417203346519,0
60.19909932660063,57.90404072443982,170.74831286750958,173.72149895878377,20.735676705820822,5.616403628782565,0
31.435708435661407,14.28039551559433,164.19672488439608,170.97850393667684,47.87074015281959,40.26733080384485,0
54.080535050197035,52.02109714038156,188.51814283117508,169.8914190009776,53.648794404375,45.37313333147502,0
51.91538878601836,28.958021649058686,174.0032823962508,197.73766404612272,37.316800358381585,44.90119726345373,0
16.515587380025163,53.49035387971283,149.73225331580088,159.4456062227651,39.694825733290244,17.789127453275267,0
35.582096350904266,23.565310408660896,164.88557783289065,203.33091049278775,11.014707744274764,19.40091069874385,0
56.34331077386073,49.62505341947624,164.2125055736707,205.4199025479282,20.59531503603796,17.591585090625287,0
26.881311564128243,28.768597429417646,184.1937718205162,166.65200534123832,24.17232196030165,55.39276761224765,0
52.108548705643294,47.82280878440318,166.43813392749928,193.40637638136945,43.34590416330949,20.064497013970463,0
55.41687844947731,57.982707052230005,188.62599438939048,171.37472065996292,37.26714258028461,57.21871215456006,0
37.67427202852748,64.0342118059089,187.99425354644944,200.42653590714454,48.44822684485306,12.687763325985262,0
55.24272227881388,60.37753208319354,163.46340049719691,175.22326856979583,49.387413696561296,15.90916149037842,0
33.98440834011402,9.29958016891747,193.8816299472832,201.7004877443634,39.75839628303347,41.71026450832834,0
53.72525548468376,58.567138037732654,167.90557743152982,163.94327838602186,9.297767216889703,41.50744682163834,0
22.231606528372765,29.144608503636185,188.88014762166617,199.66626450857532,20.62960177099267,42.02995439419504,0
17.111482558819674,26.010843953045377,184.6139680538594,191.83760424825454,18.880627907063804,42.71801477444111,0
22.69617147638234,57.07204296176363,183.21799928302005,192.21834981581225,22.75245264144315,12.86951371500397,0
52.54283359499647,56.550150185063835,167.07676533328308,199.59654539792,49.69587031002786,5.2062604990869525,0
32.232307120043316,30.70280760476502,190.060857108895,164.5013937589189,13.851425180421693,10.56166717200351,0
53.890363051222586,52.930497607078124,198.13958900499662,172.47118810196963,15.587884283817864,48.073801405440406,0
25.114281851843668,53.56617538046918,162.31603940867268,191.62778724645804,21.723234841755872,13.67578117493402,0
53.34451192779433,17.906725718108174,162.58954994250394,206.8582395518911,13.644401982495996,14.346800818818274,0
20.951047802011942,26.1996077950804,162.80968216411196,200.63172668521543,59.25396484269693,50.88752847880951,0
20.189329847625757,58.02220437250002,212.11805766167032,172.94752597780771,9.424859922350496,41.40138588772962,0
23.298477723010905,47.680495965710264,189.94213517301068,165.83689911719847,15.668875946017046,10.523034456467926,0
18.82547744755509,50.964285756716116,153.43705332765919,165.46560991375327,54.09836547388766,14.422705495168298,0
60.93330748830276,25.332195590765096,161.0763593075467,196.66424238188833,10.194323333225691,41.862876104216355,0
17.58173361281432,55.74064571558204,188.85958694694332,190.55008097287674,22.735901288422582,6.6831871666548,0
60.94034988648408,34.33920782595089,171.72115838505607,160.79728195310173,17.923863494444838,9.379928698594679,0
19.340100454977943,18.645551394804375,167.1039067815737,194.79848986874384,16.373392261513246,14.505610019355442,0
59.59665061861289,31.122717957328486,159.45304660248456,161.5011332681646,51.20677851924264,14.677319557469687,0
28.75634127946248,33.43782753573455,202.04436363404838,156.45781688612664,12.750469315321071,10.967941985859973,0
54.434823095024534,53.54195257115919,152.5703545059809,189.1266922112692,13.994000420677498,10.912135967289402,0
57.849137673656244,54.797432939653184,170.712922422178,166.60421913584503,47.90254843184215,13.487358975136873,0
31.928681021080067,20.99846161878295,194.6480946443972,168.80871773816426,15.125903604825965,48.47659383106972,0
28.11005763520575,60.73080263210221,198.27109350204796,197.10853317683123,44.32234181341296,42.32603076494658,0
48.935477557849154,23.625899543151117,167.32423855963373,171.33429896787212,39.81586066597272,30.294637563454856,0
19.82628463573805,21.26454949650371,170.2271324156057,199.70351100112867,21.38941099543453,44.486438557140694,0
62.25882908141648,20.240814842737226,188.5135269137379,198.61571880877605,37.976506722474845,43.39887120352295,0
15.565701033615586,16.43225243778347,197.49329728870728,160.38688888074932,36.56777425305227,6.151331814319663,0
38.257369828315575,27.931115948201132,164.34983855942633,192.76333927990572,14.941730557205942,12.835220919153436,0
18.76187264067262,33.61835730500708,167.52275038724298,197.4634481164014,9.707430711588518,11.468550276935282,0
18.841349843348738,52.97189871015713,189.5703752545463,191.36395239954328,17.972481222620114,8.391102184936866,0
22.625085282072146,31.371462000255903,203.16988178322603,180.46379884642803,48.583176759052925,40.3636409386943,0
22.374197286597983,51.131299578509626,191.10539207250275,194.01809280997205,16.868462356985496,9.38355346643547,0
20.627048708065093,53.13909863518002,189.59830291350676,197.37516279394902,33.12564799171549,60.110191815457476,0
46.06783879206505,22.9747625534549,156.96294895832744,192.92753356302777,45.04094932019587,31.737328274907018,0
64.576253114254,12.31520416361839,195.5871632634583,196.31073899668783,10.428860299380235,11.602116956009818,0
17.979101275324055,53.77969020909103,189.85484440685065,194.1971437676649,49.46564388455388,23.37333196248099,0
52.26605628954187,29.63036525728947,160.56755824439605,208.26903348453493,49.40582337546269,47.52598200034209,0
28.65258231333543,43.56029462172436,167.8216811422717,158.1616073046144,14.828344009539814,46.16554941323491,0
51.78529839448391,27.71491198569964,200.22927549028572,187.3343782505558,45.90261156565441,16.771423444064652,0
52.5154797882232,55.06771921001823,192.08789903062888,178.27619970387633,49.655417001580155,41.40093072429127,0
47.699786099557905,44.50200337597177,169.95184501621614,157.85039339636495,49.380519779842984,44.805856096709775,0
30.570606839312575,51.276001065213705,155.20588713302155,166.5246956248648,26.16942683872988,42.496310084183044,0
20.300766056777725,48.149166244959616,195.9248040044751,205.28523609820024,44.01286915600753,41.415046303648154,0
26.476180436915175,23.970810582641633,199.49402905060072,195.61737783143994,14.79836896078076,47.30623232560384,0
57.9152546054749,57.067306684451744,195.1475851418679,193.11668443195794,9.351586691903453,18.781352850243856,0
57.22094856609693,63.045365153079075,202.2513625912266,165.76616192918058,15.523115724788951,24.965984285768563,0
28.082035580140467,46.67084648227696,191.78250545524605,159.71536642225539,11.685366125333044,11.034935166218084,0
59.27102837203797,27.343575129744153,196.9656065784633,165.81693651988505,25.528369212185577,13.22368414834919,0
53.68395330664189,57.410518251130526,198.51114409662136,197.4444155257008,12.622061733616238,14.761260743898134,0
50.94513419835546,29.227609649933175,199.24174934445406,199.69283127822277,13.282709890863664,42.99536006650936,0
20.026518475046068,51.58765721995298,157.90858412774202,162.92400556588558,10.678459194937346,31.07098545639929,0
26.272722758458947,54.60050384212024,198.54946231686029,177.3434601757794,7.0610229218465195,46.19821837223379,0
59.87791733612125,26.268313169426218,188.71130735407363,196.34541870770965,21.193696941517214,15.97029117601263,0
55.565662380330366,14.265823397277874,193.21781255524934,194.4068118969905,35.962699372260715,11.995643100563756,0
20.593511842024103,18.79952901143484,198.5057828598662,166.2156316809362,15.576069842898054,46.17967811751109,0
22.16791671112734,26.861080250805305,169.57768095650016,195.6718243478864,40.67270476813601,41.38587151971631,0
33.41890748062671,40.88233389823682,169.3956815386329,166.8409970280311,24.6772259527039,42.24444573479774,0
22.025583288616282,26.16240698597062,192.96620918898896,194.40074912023897,49.42623538617572,27.01638006904222,0
63.778908002870274,52.57151608431036,197.05764520959247,199.00620321167708,47.00544035445388,11.330126824448945,0
55.18146750734271,39.82845187219102,192.45980095308173,197.13781940578033,11.472025808807409,50.590426319242724,0
35.83249676475404,18.043397863332643,189.99600577773296,166.8526840762522,5.689777482582439,14.014775671971789,0
25.729232062577573,50.793078519187034,206.54633455453347,159.3677074030726,13.750207482764631,44.233220235653114,0
24.83583532327081,37.5099672247433,192.1045606686539,158.11719438357633,38.75612908568811,14.89467051556141,0
55.569681210653094,55.7464902612517,165.5282040007129,168.10458296824547,36.22640826540173,50.04518854604944,0
29.825220528717214,55.17580517684097,157.93993216428115,155.39868774449675,11.05994060893335,43.9153394058116,0
19.833921409236005,60.5547896258241,170.59596846425342,192.64238578813047,54.41758167291551,42.624187847047686,0
21.717061117383942,28.918504592367338,184.36521362718614,201.61184592544765,41.13596656751866,14.52045642940653,0
24.520807123559013,48.99265531404683,152.4825674657411,163.04806949669486,36.269685002235526,50.705082332091024,0
23.43807352382349,21.338366998344988,160.6208352073891,168.75560226357075,10.887551826407176,7.910108655875106,0
57.74695218878308,25.44337625523949,170.61607637725626,172.84377990001386,14.876967875641549,38.27375995743582,0
29.66084062270773,52.85307944269844,160.4170272320455,153.52210947016184,17.681018238049166,26.841089815623903,0
49.703564528116736,61.13233960006691,177.94007159620645,190.14716782760223,4.673726036574676,12.98749890738976,0
25.62150963156197,55.717908551249515,164.02827763560165,169.32355980038378,26.931218114122405,42.02017219244865,0
58.75042622865461,61.91630526703233,160.99136810541157,195.97412783142997,19.04279148791043,44.055097030998574,0
65.68979933731639,48.345691599296416,192.24380271346152,199.66330608357254,21.762005905611513,5.432489343947129,0
19.375054206837,60.164835512679645,158.33428838231836,167.33720212569594,46.956901459412165,19.283876905144297,0
63.42982500616373,22.488991744782656,201.06809402487914,198.39242900021486,51.550834162546856,47.81704848354612,0
32.724272046478525,58.59188844845102,184.43435702438754,163.51010478793208,11.207752700169252,46.59002141481979,0
55.83254357033645,21.438434376069047,201.35476452532467,201.38112772448656,17.030462148248326,10.612473037928432,0
51.58716482562338,61.727266034137074,169.6685694984487,198.81145689278037,11.839473936252922,10.758053377301007,0
53.91842735785108,21.234918438375182,158.21541165146476,199.92641969109775,49.57662884382155,48.4370144353622,0
23.04013988134546,27.74058437905182,161.68409836072766,167.5391636997858,12.397919827925726,22.438369623979227,0
58.28294516895617,25.35823576683292,166.4348142369147,160.6762269655972,16.944793921100107,14.543609268146817,0
66.61680367047232,16.75788430933496,198.81026272892615,163.11794353196564,14.76735197120496,46.48057608685452,0
62.338670549676294,24.553116856136782,172.99547200924587,185.77957218016124,48.67667258624592,33.13866330255369,0
55.490823344515135,24.20442152062749,211.23399785734082,165.1971579848898,20.19034895219025,9.800715986339059,0
32.75228338868167,55.24850389299638,157.8219445734959,193.63864468827236,49.61502965958563,36.83298282951745,0
37.694326221689664,30.811156546818914,160.98041299629074,196.7996352938198,15.65820116422284,17.685588804750488,0
31.367580240028666,52.10812848534013,193.8787010120863,150.61585377296856,9.202206533059844,25.202706873094066,0
29.266697442742135,53.1624839493354,197.91930345124103,171.1606282681287,18.999392562875542,48.20150807262759,0
26.70920108091598,52.04888505791487,190.58166474715802,166.28347581237892,5.363609689508288,50.23836226333324,0
24.11767667817663,28.5058200416238,197.15220868432806,176.84768853343036,7.677251969749694,43.7313883268446,0
25.878111892573486,50.286662808152755,197.15434317895955,187.09781112504933,44.32108287468706,13.379912904451775,0
21.528663963365663,46.78544101370119,183.19355636067223,155.635758423475,50.879738309330335,5.850839925937006,0
59.58670697223832,22.291799107220555,196.50117010383798,173.09444674882886,39.48726526445752,15.700345129193003,0
27.015956342904893,22.755687277702982,173.3291805950429,189.92891509227124,21.708704172117216,49.142897927368566,0
54.8256333151035,25.663499218052756,197.44348041561213,160.71596647732832,27.307125801907368,17.194698642166543,0
26.51714685435747,21.4955380739107,159.61644468364457,188.92476536133373,13.879509214890989,42.66319645471666,0
49.51215594390868,48.62832162233874,152.56873856588803,163.4224884446837,23.523003561136584,11.685002183441933,0
47.117845885284,45.428251087379344,156.6353992551197,170.22260894489708,10.293973958184068,50.85789327347779,0
47.148797318895156,26.1350526847628,197.50709646514065,197.04275179945088,36.262690629382774,20.417541747766016,0
48.08204979505214,60.41701617980614,156.4981625427475,167.09155426366814,40.57022637987511,7.247560477481924,0
51.654331819723645,48.0177057176844,197.42865856505404,157.12953349826742,45.258571280626896,18.086697284870596,0
70.1357658860746,25.52528466469977,184.40279944841944,163.11588337062307,34.39411462420378,43.90140963129413,0
29.44683633291512,50.58887317192848,205.68164754029465,163.3549949609382,17.143098538302482,20.15061765924504,0
57.26822065506204,29.69815890320684,167.14536300667444,171.60469499694435,59.18580193189578,41.66052337058472,0
25.307539406144237,57.14125370218726,159.53804782859675,175.07418593096122,35.21012814877218,37.130841997026984,0
61.13319489980894,61.19155035738297,196.99622305616785,168.09691459335056,38.735352237096336,20.398922623878903,0
50.42926448070925,33.75629246623803,155.18204721085107,202.832848694636,52.55657986534412,20.244027484662602,0
55.47804032616587,28.780836166531824,162.18877712086973,200.9522755036942,53.630857732831934,24.364550777547677,0
53.16088306598933,27.80454107748445,172.16019396918836,202.12818539931132,48.421704230276404,40.78904035341103,0
13.95210352405687,54.451096861234085,198.55988253193928,182.957619592563,42.13376547385284,47.662447505940776,0
52.53219161467161,50.77896205849557,167.06423878092275,187.48787111497484,55.1853528608319,14.707214755770602,0
18.19184114551664,22.486005685719903,194.1835010962102,165.09565462728048,17.13580457383317,36.48631275509065,0
36.308679120357404,31.039937938623538,167.1159494237077,198.27857281758637,52.147610982007464,14.12805490932206,0
30.600744559159484,59.690931782580854,161.33217423871852,200.53864746479542,14.554405957013097,44.74429268535491,0
24.42602469978793,22.10164900890386,167.9539453624386,191.04856706592795,47.39464928902121,12.261424985064767,0
25.62548024218566,48.391328742654,168.888081321587,202.33429084940167,17.01392358279855,7.903110274489236,0
19.773225455232787,60.26281894713618,167.46051556585715,164.72286403403015,49.564294431210676,15.017639628898849,0
52.245277009223656,54.17183158822471,167.6288282518945,200.93928989222573,17.68406255560514,12.825043152572931,0
29.076059528003327,16.00942012484115,164.35014606996407,168.80317145316567,21.75169336455436,42.85416062773786,0
28.383610328767876,21.631242799528366,172.03133061976715,198.8595113214958,44.82342633465366,6.404359159488484,0
20.933752599009388,21.6808545703636,197.8420270121967,196.1167453912699,9.238660766324205,37.60177638016642,0
51.53081305423604,23.91422308756632,161.2766073215652,192.92509740586272,43.4298139878858,15.004119259329398,0
52.56866975476931,58.98790393870314,192.16702725332797,157.7012450015089,39.1109812271935,36.28395556470069,0
28.475956843366056,59.095076159530336,195.4468156448126,167.28306344899423,49.249222073592655,9.41007668034271,0
51.09344199693065,27.64096440864115,190.65710086498015,194.56751109628175,22.465457821423286,48.86707469126784,0
52.76588311831763,16.81683927458046,190.88916160357627,201.38047789694247,16.7326353944033,43.12062066596922,0
55.94448543323831,16.485450838922358,201.7027096397593,161.30211205463746,12.657888415592835,25.78399795264729,0
59.63069170490931,54.59889936101242,201.30093263211594,197.7304447214745,16.610800719326967,42.33164776993917,0
58.90531606111113,60.91388877500444,195.76588124885046,164.03382780733796,39.47664154426239,50.089200531840234,0
15.293315845952538,59.383070512802384,164.5234309173394,191.25497033486653,13.060566276258527,51.19292060043871,0
19.503996591260847,57.288967656895174,156.8074363703651,156.65432776470348,12.247690662381753,1.6082108084376152,0
27.932838151611726,55.49717938139996,199.74406870298264,159.70032437782302,43.6225219147487,47.540057390230196,0
21.299450837548935,19.95603959799805,166.08036481587192,192.2686679209328,43.841594599089035,17.906783984755087,0
31.191921493812973,50.575503791216754,152.52311474427327,170.58326920710644,13.975180826392135,19.23904711321655,0
61.38080108098544,32.34108359555427,184.31893906630242,163.8332406067344,35.62461568352815,23.96082202199664,0
57.07211066384325,15.552915482700218,201.0505446834669,162.53864167288836,11.359872058431979,19.739308703210362,0
28.18016948134969,48.60740249339928,199.56406062880365,166.0844423991634,47.79113117253639,43.0180875151074,0
50.1000080129942,17.53100950418605,165.0888229936496,189.86145852442115,41.737694798203606,19.93555966094322,0
53.99380702100128,36.69699331624658,195.04492174944477,163.259368287371,13.7499786524675,17.3967420968233,0
62.89020495551527,56.24052091593746,144.17179304161093,199.12296581388406,40.45146248015012,20.731190627857245,0
25.560828032470063,31.21739741457294,186.68782277382522,165.9641553781637,17.77422977529568,51.74722254981375,0
48.49614686329508,18.431342414809535,191.69587609377086,200.55458847842328,49.04811151960217,3.887673149213132,0
54.549027914574616,21.211276247809348,163.80092138192097,192.62180358704254,14.595295618387429,6.630103250597886,0
51.042124231630964,25.02316676118281,161.19190229513725,185.73936467357856,2.6732374970205512,15.669339996014605,0
27.030051354061136,15.24545829945819,170.9320885474236,197.5357433451626,43.813133213935416,55.207507598565556,0
56.30658772405054,51.84804421618673,166.37954890438593,166.6246257090424,38.11019881974352,18.395150903891135,0
26.260975614267444,52.183416450265156,174.33576088745525,197.32588010856077,21.497575018529048,11.602154785580776,0
22.636641195047066,26.34803037464356,161.56046662190482,153.34175607038284,3.333074585767716,46.72625428342235,0
37.277470903905886,52.22637594580737,195.10846874903729,157.61246734197363,9.591946335951457,42.77094112460405,0
25.595601439488522,34.86433521936688,159.1584672169048,173.03709450129588,21.10019196534373,45.64636199268309,0
54.23950732821915,60.877130243347224,154.8101168807326,164.78256257926665,40.83522675641727,49.776939803052585,0
28.008354895380574,34.89504464107047,154.42215640024858,157.40160271586282,40.248682545379374,38.00652949112168,0
62.68520944887898,30.075767393757992,193.98905866319697,160.28367243161983,50.126797933293176,16.586711651048837,0
56.62454652589675,15.925071879189483,181.4408372414265,164.55484729305945,11.168935653315227,24.646263501096225,0
23.51588701517438,52.664350556281185,186.8060928790153,187.7709087057237,5.168260205287369,48.955272136117294,0
29.33324661971731,67.39345062258178,193.42429788546676,164.50118079947418,45.87242281109242,38.28576636346369,0
54.9986642762868,27.76643676709586,193.4529807243358,193.06500983819203,49.28512544405987,50.58202862001828,0
22.609517803890984,48.03519064968936,202.15536649254184,205.93976953478818,10.640479123367804,39.77076914707657,0
28.005579887997747,24.646017490885562,203.98603622783892,169.63718299416615,15.366735956922021,16.556134441735963,0
68.12280479690399,32.82680421119659,167.57473601468774,201.60746428194707,36.861366531713756,19.465721895652464,0
52.81843914095542,23.762521626346544,168.7455522580983,195.0270838145231,18.502902389733862,8.098778452809977,0
21.789433323798537,34.07987576851442,165.43395344327382,187.36090361999388,52.62356771843608,5.8844625768024885,0
28.25697524502091,22.41872003388264,195.2609559547419,200.83330865603006,43.07068826535463,15.757042715936478,0
20.013781639042072,59.801166922515876,161.48862094527834,188.53707230669593,52.36490838268537,18.803645567056495,0
50.52244382846084,24.59981137312173,165.16547055856432,196.088983707023,49.85875078281944,20.771686683606717,0
25.306241583638332,26.603263319558508,168.4064583740104,192.93717821424983,17.266150760007122,10.317821503532251,0
54.58758041196268,55.38223039391863,169.01178539829775,162.56817717794416,14.108833182656994,12.899257627866598,0
50.62044990017236,24.144579382147576,195.07838962183502,156.88687500344003,37.112279747448454,2.934538864006548,0
26.62628541349608,27.438136541483058,156.58020131485594,192.81567730767702,17.056944794013134,45.20414047219024,0
29.001620084746744,22.192801155733967,159.16572573643154,192.8699756015195,38.59533888932907,13.427503733084068,0
23.211280686039043,30.80599610380351,170.40077629448365,159.33858108819294,19.12291258977322,15.643792236065725,0
27.124418796323994,23.015209317334634,191.93197473500288,170.050021299785,20.946303907165646,19.357782736725042,0
24.410002438195352,18.346615505366216,205.28328920949647,173.38872149655657,40.86454069565448,11.09095945293226,0
53.39615818184393,26.520070217519113,198.4196888309492,186.02627604191858,21.57310740426403,20.984769856424325,0
17.793526527815622,56.0421010756481,194.65209911252637,195.62933246666822,50.2837424547617,11.31693528891303,0
30.065515667637143,27.498256935420628,194.5883970286245,200.29119805765683,21.461447451349663,38.68529491823124,0
21.290496020659987,25.47341438558152,195.25906458500256,183.641596724037,34.77163264987156,6.503912247532485,0
17.34136109908316,23.03110915732947,165.92498746351865,196.77521448732963,38.776643887353494,18.782068964686243,0
53.93153073203218,25.22014616036055,158.5454199858515,158.4010912825019,44.59080090537037,17.87134775690803,0
47.44547438275029,20.3084652084069,199.13191364631274,163.505527556142,14.891816100699137,35.138911269802534,0
54.30618978246322,59.63301422355516,202.85152050221015,161.2755121609229,48.91310991678783,41.65877105008928,0
28.162251753981387,49.94464280749768,167.5306015973598,159.3073288056783,28.938099102318375,21.490163512272556,0
25.060076007767968,25.023506418791918,195.3781916950162,199.4874263172533,5.307403039341155,44.288850725480145,0
53.14480450861985,53.7683305252578,178.80843382825924,167.42518856010275,17.490576611271347,45.448506732861865,0
46.15137555265658,44.27027066332934,195.7809156367203,212.376544260371,8.40901247601268,13.467663286907289,0
54.11691089630947,62.65503896248944,188.0566597983814,198.05163534068845,10.491009660898083,59.15226431170309,0
19.538173472363088,43.854487092048544,200.2129279539602,166.5671491899493,33.98719051567652,11.119246267261795,0
48.452033622454785,15.100007175404716,196.91033615243833,192.8438385275247,52.63127564758891,19.40721350994811,0
68.1966078103353,50.889429268568534,165.97855715809357,201.79934599400653,41.9557343528416,45.16900980169268,0
63.164978001333154,23.158531621372184,199.92933156587742,193.83331728812306,25.286438178673784,9.733546266064264,0
30.523491877866437,27.942215971636166,193.4471881547759,166.22772229735384,46.45233585826238,45.56682477309849,0
29.57422182506282,36.3197698743222,167.7779900585433,188.07737663289774,12.283520531300603,46.40319104713151,0
24.099229981611668,37.883686044452745,163.61922842269803,158.77665705584107,48.19842122956142,47.830609713720925,0
45.51669517342979,62.4324810185379,199.21856705679767,188.93288895308237,59.52017838228456,11.516178384374301,0
27.93561398548028,54.596624118005614,197.48422530353938,164.91929654032697,12.647262323571614,13.936141203607177,0
25.05427667802168,41.00739717683653,192.3670542016289,194.64992833559336,45.93979459937625,9.735780498433039,0
33.637812925327246,59.33210374976175,194.48950462574575,160.76082621591624,46.30107745596895,50.41243751850661,0
48.09490598262032,45.592233709558734,166.49480793170048,159.96022638351857,37.54862437682276,9.527572850039155,0
65.57401184665962,55.4290654475921,192.83351043563357,159.6319236153838,8.814998647085307,52.79910726834239,0
33.745773424628595,20.94294495024395,167.91095564777882,162.48104647950925,21.611975252854688,11.958513023797805,0
47.23415669153041,28.763735090318956,169.7088648371573,186.6044549889264,53.511911979592284,43.07573055386827,0
59.09485306077885,49.54009810260073,193.24545186403137,199.6558848325367,36.00804700644827,16.087425649075314,0
21.194938071012558,20.44464781802938,163.53649759763917,162.64586015921648,18.225385596295567,48.84956857589281,0
25.77508212061066,47.92002300522358,163.38934654700915,158.3829765138471,48.81037481984463,40.94465605850102,0
22.60162015661689,52.720533345083574,189.26753929163795,162.3603789842915,11.348458704382116,21.693458114549653,0
52.91585042077315,33.25682149668011,164.8655206882178,162.43689914000728,43.54961676034726,46.36681509959924,0
27.10029293094517,53.279642992573294,174.91263971483627,197.51457579508588,40.028431849285994,14.037896241425939,0
20.26444200152052,62.31853567707124,170.49365811376958,188.40986742345217,47.457395722612794,44.058264121029595,0
26.952375779618457,57.011100573664535,169.98927573237773,195.2412721100507,11.117152999531907,49.78364389751886,0
28.291043646855353,30.105948127774003,167.736092273241,157.93295619933056,44.94358226259186,51.67978997184956,0
53.12072492571722,53.31211000873186,168.39192473423347,201.5009728075946,44.81630165968775,53.41328627966866,0
55.073542750197234,20.346515600632063,164.16226929711206,188.7794876093915,40.748452139066096,50.270576970562296,0
13.457966031834854,38.032363320502014,157.5880569557364,155.06125902862502,24.421219354244535,9.039283021609073,0
43.95395100720126,66.01803331665529,191.89687589774707,172.48025068251752,46.561293108119415,48.64821765011716,0
32.68009179902684,22.789585789422837,203.08537308493348,166.45883480568654,46.09826118596446,52.357006924123425,0
20.16518549867242,23.647168220849586,161.16836084391997,158.12767792832815,43.42639003712427,19.84469584304908,0
16.428351646440017,53.079578079361866,187.87582490435332,169.22870692943434,46.357918357726774,52.56889651542296,0
19.44400947131933,52.61336503073056,190.89379064567208,190.73648014823033,21.63879414988591,45.980331434411895,0
55.7386309771326,49.33847693638124,185.8333554476944,166.24529345656654,17.006375958448366,16.67515259720382,0
28.30540083706736,25.507610595610178,201.01829678237868,191.9680267051598,37.48326494041667,47.039365587762106,0
20.202586836163864,59.10371432314091,163.26217190225384,197.16574958958319,36.84187940228215,45.635322262953,0
55.90738779306958,23.04647459426823,154.0261236223857,194.41493278026243,16.6669217402887,39.355654644987595,0
55.63959518273804,55.53384330322596,190.91943872720233,192.77726537865965,15.55727561442496,18.15357267923718,0
58.04931622219294,29.094405927110092,164.92362566872575,159.98949919677125,43.87978375027731,14.542427417202141,0
32.15187589678155,52.37670995294254,195.4016972696696,165.5037008244092,10.322997465511461,13.340244904335385,0
55.810569014614636,33.163569817158404,153.8739203863288,176.43717054913256,16.698023324387798,45.32530869935422,0
31.866847342507338,60.66622344403594,161.13844827010453,168.71263821468847,7.176883033621795,47.02116660026939,0
24.122701074447853,18.70492776705222,188.33574361944855,176.3123869386568,45.16231165691303,40.956457920013015,0
38.50808293441489,31.291109927371355,157.06446171743332,161.69326024965386,14.594155664217089,60.159382716343444,0
53.31306667000766,27.203142190260763,191.30652710751886,192.32486955639595,14.777569648399718,57.00000294323753,0
56.37706347892803,27.474847591902044,155.88144578168527,205.04987106333218,33.861575403376925,14.232543130816097,0
25.8306611596089,54.664733651837636,164.87769224787266,203.7006321708263,33.38299303359551,14.842611152374884,0
15.502138694031498,54.58144822982385,198.83658119294697,172.20733622007356,51.3380632939827,14.783698876018725,0
16.95437165357771,52.14384644818208,160.6871740482904,168.3747799734585,19.97596996215288,53.536292275659434,0
18.507111812371104,64.82306685780229,169.5805503319759,174.83959747664034,15.720450968129619,43.19636597304925,0
57.700521138346346,30.19132913980673,171.12811923959956,170.8753949118595,25.84319493494017,45.879378521112976,0
32.1196469770859,58.045642469342255,198.6967078364572,194.1353062681391,9.987786888743951,23.102305407794276,0
48.78645151692242,27.039378729777862,194.3066543981163,163.22603786263892,47.21449145732826,11.892297541067876,0
24.6152632035699,12.695125635323043,164.07987096879276,172.26942227262455,41.46024346788183,13.443887533910305,0
25.680151354319705,59.98037385683099,174.08189929349695,192.33923660734175,49.95065555395569,45.59935806603828,0
28.075082708239144,64.87051802450146,188.77764132583434,204.52357428035558,8.497404761977712,48.56776324037435,0
24.903611370337956,63.78210453064631,162.63574228411042,165.35996738851196,39.67218261269943,11.04069927178358,0
59.80887845365146,56.368592188104294,159.6335614440482,163.56907031762532,44.38649585745774,15.277250953361433,0
56.03274350688001,43.7587150768041,156.86074850062698,189.1345570796853,49.619654820307495,20.520833779582166,0
53.0099936444407,57.7001369597899,157.1871813669359,168.132019865423,14.757426127867427,21.695791063622764,0
34.38921442052553,51.40551572381321,192.84070853769884,164.15237093585048,43.652848991899475,11.848562837288425,0
54.79852331594245,27.18995315414682,195.14167481465992,183.08833025284684,46.1543411840301,12.068847933410028,0
52.77058070702167,35.58212112720941,193.5260007654909,203.63548769321764,22.810182091831386,20.042527116274563,0
61.347175295192145,49.67058262246899,168.97629429304197,174.79073707228707,9.770054328554751,37.14545316137404,0
17.42564750917513,53.25984356170125,166.5527642575591,186.5664244611139,17.019310067456356,37.17889827610412,0
70.27888876772279,22.426082830168355,168.20036765707496,200.88234613569156,24.827739957182903,4.787798461538808,0
21.198357529247957,56.442016241704934,197.79346698648277,163.45183238394858,38.807922561358694,16.681298297183716,0
54.872466302000305,26.895579201438352,199.12780754062135,166.73581620940055,49.541475142444725,39.70615142954544,0
36.506956827751836,59.11620244193579,167.82183924099263,196.58488658365027,18.319919487637335,13.368524607305579,0
31.049700025590987,55.516671101366946,200.72836550464427,191.0025677895978,42.91804014650308,16.244470214265757,0
57.52323574153909,48.482405135227744,165.06406192538105,208.99851166912356,5.082920163152982,51.10570527725772,0
62.599701699554174,56.70562153649162,188.22805279809265,183.75634297762565,14.267663711860232,39.51579352471529,0
60.349589170335605,21.868964960862677,206.11959708662656,200.96538558302274,8.458127089061318,13.526518480345754,0
21.681177841646008,55.8486972530775,191.32423245170799,159.52326391859413,42.489711334467124,49.34336817200198,0
27.05474046790403,62.57740063595406,187.82534192385666,194.26698916846436,12.587168475470442,45.234228580025714,0
60.940990997497224,25.181012799914978,196.32353950249663,161.08971667744024,18.26865852222429,16.03671836418885,0
54.179748593829686,61.11815585588074,199.36380253433492,188.01907298989704,11.210335816343598,16.074163938905002,0
20.89784449636697,17.229347410818836,157.2062935848992,170.1584367339636,40.13788995343239,44.28820400041281,0
50.74602687030615,53.10880748038906,192.7488922827748,200.04696483208127,15.92961175922153,8.068604531974266,0
54.634399415648716,57.053854771376294,167.40148447748757,170.71418555012986,48.07474080928297,13.964376053507626,0
20.410736892665465,56.326651494433406,168.52135916432948,194.3210182285373,45.5808786849455,46.05243915260278,0
64.99205486733725,29.094888943076455,189.0779445416077,189.85958537206818,35.98135545312359,39.616655978558,0
25.442348905598447,47.09449909463591,182.85619206333382,158.76809646794766,12.769790732285607,58.28424872437478,0
53.90965972611525,58.820545360081326,165.06359979516958,172.2349114189661,6.706963522991768,10.28144135322199,0
27.278171959919085,62.89084996186729,165.748283552215,161.47804978354623,40.331846532012804,18.951328056449285,0
61.73068201469381,32.704725247799566,191.47350104285297,157.24073643369402,47.59821303564709,23.940612398844507,0
49.36438401367626,26.428568012927787,196.76142843822697,188.06814092824496,18.09859694945572,48.5780678416846,0
54.53611086911939,25.246428213874154,187.0094328614939,197.4138072115735,19.782647381325503,20.803023530871453,0
21.955621356535055,23.64572897821628,198.0485882510326,163.28570981338527,36.933456040344,14.535130546914255,0
59.24703302940256,22.926740204561874,196.31942911739375,192.66190390406845,54.819455354997615,17.462050684635532,0
28.876673014682016,25.59783345037375,198.4689569670999,193.73457419248834,17.684222748915257,48.477081616488015,0
67.32514854781019,27.022569183620785,201.19851529537132,196.42109198889355,20.256546330244444,47.23579431553181,0
53.25611727891838,60.54212355372003,193.84377880475898,159.3131362313067,22.748639782807032,14.565974984834838,0
61.89982092578497,55.86885178531412,188.73703982524756,163.24010801315166,16.484427420833903,53.381226762013995,0
23.229872048608517,56.91237771600084,164.4012396018956,194.81514448842094,19.139830172864176,56.739965990453605,0
19.56132086728597,36.37580784477477,169.34679400315167,199.81763253238404,19.500641267424797,2.8041109731837146,0
24.110647204352258,32.16082088609183,202.65011802668957,200.79972191068305,13.846063728685046,39.854163628925505,0
26.109344777994462,34.579141156699066,191.71548750106763,164.9370197382553,49.998388767320534,9.467692434170893,0
59.345248693709216,70.18742428569925,193.92707875593982,194.02236249346282,14.386223928229558,49.9196881113044,0
20.727011944139115,58.34556680155371,195.82105835186528,186.88029452431394,11.722052796866675,41.10182233609815,0
43.48183235981644,63.173902795344986,164.64408712158482,171.05350079006098,11.209536482408032,20.713956860148578,0
25.935245037238634,26.653815784518706,172.18409698317552,158.98704446124523,20.823994352324224,9.382646814639704,0
26.92979493847887,28.943144076124227,170.99730095084178,158.7257251166401,52.25170382060964,7.774242228130754,0
27.62846083295259,60.03968850461736,167.62009477146836,188.79224474618,26.584781173196312,6.921702595804105,0
25.41326610558006,54.79608836100914,171.83396286521193,168.7278723972164,16.27448151999915,15.4565203067602,0
57.20620153940111,16.396437645242024,169.55340698980217,184.69323404939186,44.98882695977926,34.50205901314939,0
31.105955140539862,60.43702026441593,202.25416134687197,206.21202351451535,40.925208599321735,21.42126946153212,0
47.55399120634726,26.82008757523748,185.606020523312,167.16471131328743,14.466932799367763,13.638208940153518,0
48.15804268543827,55.55746827031201,191.4545862661088,185.87108810259986,36.01413519119052,19.50531512720758,0
27.39717518858536,56.17756931374377,187.85323272078728,198.48950365601127,32.864705371978935,11.47488906143541,0
27.803564462376567,29.069813544742257,200.4849751599698,155.11106973234456,50.24628434783439,19.39616727544926,0
13.554966541491707,24.51141886301695,192.46386766879368,188.03469417862897,7.9034509462841385,43.53360856414055,0
16.68479233268659,27.98420065598793,168.06711268413534,191.6316130770818,11.072634799680866,20.400373622735152,0
19.0488427346001,57.777602380872366,160.90868075517753,158.40957256056151,43.29878192372344,15.918784156953166,0
55.107581817214815,54.33111621628733,173.440462470845,160.91457672832132,50.002750010067366,41.73145990800601,0
28.449178378226343,18.649981160893027,163.09531136827403,200.64168407137956,10.270568757487986,15.452395133451827,0
29.391297049668978,20.59623200334201,165.19038627302677,163.6032301921685,40.88808269517654,42.15188077705904,0
53.30620244850568,18.527631197820856,194.1427091041291,170.64630431009044,40.66441057257832,41.837325432800135,0
56.107007502601036,30.001589018799862,196.81142855040463,163.5440143219052,49.38006969517278,46.84110866481289,0
46.34385646075917,58.237521682752984,163.4631450417936,167.4679084232477,36.4937840853923,54.43011841517331,0
47.13149491457247,20.948642724164973,171.72751526549067,165.05400894645777,42.15441375394506,37.9231748301836,0
23.52256124557516,42.045582227492964,160.14788348006093,174.71351906558976,16.65529448924084,9.752848127312571,0
26.793034421750797,56.446107659048884,161.78747766112636,195.47360989149885,56.928134593541856,46.26775723516619,0
22.99838900046555,24.822211625605128,200.96652310295303,169.73936602371677,15.446534424915574,22.265684056511034,0
28.459901377979538,50.31961544549766,188.77187504900047,201.16806337064068,47.67247226556927,40.73109398730196,0
27.449100869902,53.08870966028455,160.038276513323,192.4918140368983,41.600304747829696,15.521427849131792,0
17.94905446278752,26.27732074727993,167.26828281673656,190.04787903490936,39.073664343624735,48.82474644370301,0
53.44296499101129,60.593358072089536,158.3542597995993,163.76477758056305,47.21419404933516,18.299746121217744,0
30.979645484735457,62.69677812248311,163.83055292952866,191.68486183234123,4.255691678161274,18.817648254222817,0
46.06737925006374,17.855078896747703,165.98132851071924,166.59215117915662,32.85521496581196,49.432982826838014,0
19.678500327232783,24.844892816473,190.32449937792975,198.45773770675578,13.039838487394395,46.8714062630482,0
12.319545592126579,48.67412178397569,194.1055313626937,155.8484115719359,23.5771968696636,18.68658147009841,0
22.914700346939902,57.30849291044354,182.38141584329367,157.62356805066364,46.13823898870773,22.130884551249657,0
49.036797997315745,66.33374489073998,178.08230474807075,171.59007283843965,10.261545164690787,21.406390629777377,0
23.58556884148249,69.65993850711197,195.52131362523963,151.26983026159024,37.86009827301075,-0.2961776727479766,0
55.97613690439702,15.553930568103524,163.66150641031732,191.69376922050714,20.407722820116135,41.11555294792707,0
53.520951551964195,35.490179179589504,164.6020033642829,198.58866354354353,14.47579847021828,16.48443101405357,0
30.57265310603714,18.649215785599885,189.73425612818136,172.44247325210702,19.971140914375457,44.58573146615447,0
24.260227246380836,60.828901095032684,164.5147342697743,187.2632024679607,46.16349597058081,18.035941515016265,0
24.940114721620965,17.78742402464067,168.9462234796204,193.43881576472876,45.99525370296,42.980350892533224,0
59.76784558749342,30.689635566359705,197.56866099329733,171.53807799328055,52.06217188935316,16.892589668270062,0
60.62022150431693,28.12459196753005,192.46036153129566,160.9281711488959,46.182739824069294,41.80572947616933,0
55.62582731922302,58.69701112157463,168.80761255214196,169.0232716978882,14.50530365611831,13.273156562367515,0
52.911271648190706,35.862377303012295,165.43985347679185,190.42101119846797,41.467365095391834,10.76671513907864,0
58.036821478042654,13.990741365974676,187.04004546134237,197.99393277409712,20.20528486988539,11.514384233941904,0
17.094652117646135,18.215994182380186,162.42815847803593,158.95268809923064,7.178914851758436,21.73851488902706,0
57.85544624159593,27.59614787817581,167.38005774259497,170.28873813031277,8.899196358879903,7.0054647614792005,0
22.149102868327645,22.918301623278833,201.72294678753647,160.3669544180144,3.53731396393197,42.7014634472723,0
31.312748592639338,31.25593601340258,193.9905734674455,161.08871303488814,46.898379806156754,42.8179805216306,0
46.26048998527575,48.98574476717338,190.64105847271287,162.88955768782296,34.928175821375376,43.6320492029344,0
51.19862657963424,56.54878926994666,192.01745058140224,167.86049563132542,12.669171518051341,61.71420366605976,0
45.27197184865989,29.69215735827281,193.73096393787313,196.5581900591579,7.802189138299097,12.980330606843966,0
31.48406809094628,29.348370243878893,204.8944829433374,163.45609493693374,10.428329820883745,42.79860481280266,0
29.009449476752653,54.64506791533434,153.16276496485418,199.6370392431268,14.156524485869426,22.048808798923762,0
59.980258808793494,32.98033605318564,163.18969944200768,163.3023602629478,13.82207445506866,31.412588614213412,0
51.93468990064637,29.518378533493156,187.04272740833963,200.12132831479886,10.451870328669155,9.75291835796835,0
49.158057218028134,31.708715595909442,199.91978832621717,197.67852010571153,48.96410300971647,14.083751546361565,0
51.51150677565635,56.235791174953434,179.49653549438267,197.9789581573776,46.260435216007416,48.231633732736555,0
58.94407851027263,51.7727985986262,199.71655716978074,194.40043146108377,19.2888139294837,17.481984142850884,0
29.207124249955417,29.397565987230355,163.9259356651638,166.11011697691254,51.12725661302361,4.608868158413538,0
22.987789805318467,51.571766053000516,185.55230314214518,188.9275075732486,7.832331164810762,52.93074578948384,0
54.70671889389125,31.6593258155356,167.0456714965977,198.6291955524277,53.1969407870487,9.00120775899028,0
58.485505912394196,53.86875338793151,185.91365983894218,195.37375655858654,40.439941122196956,45.363803166006576,0
20.159495352123287,54.61717943612681,163.86764952237016,194.6953229880657,52.77126248510382,10.439885519100525,0
17.582459810222243,14.754479416090142,168.83015232830397,161.58999958484574,8.194827962662721,36.68542695985305,0
22.781900180417814,31.579813553137047,165.1839784038919,169.6618182763212,17.626608236363264,9.060147954132402,0
59.562600718299436,35.65859414625564,166.9495809421229,165.6452102191709,21.676444117540914,13.437314653329517,0
55.82102500010008,18.028417007533992,151.459268458652,189.08404983268863,7.674383431188133,44.056904907317694,0
17.783136640143365,50.75537414621086,165.4551752251014,204.70257427560742,13.985314039902951,12.484648453480146,0
61.389217252468306,22.439078782706552,170.49103694257045,156.20648305816982,15.33965889096037,5.855909982693796,0
15.764220037451897,52.57576784286054,199.42208048043435,162.40432012504553,43.24311613032553,40.581820074921545,0
50.28507724177279,64.72514372121167,199.75699451392993,160.5992754175059,42.72460524852285,43.503180643165685,0
51.11189852636401,65.07422981883687,198.6986170863638,162.94729153920045,20.85272413919224,51.163406307830684,0
60.69418984740248,60.34771014113633,197.5222165696042,165.26030879206613,8.776004681096962,23.724365800499257,0
16.00955262682574,17.312675783013955,198.15366157006736,200.24386051141965,39.00345231976283,55.97724798041252,0
31.67025271529262,22.10712350930995,173.43803547303642,194.17084699507475,41.93481406601545,43.78378658307848,0
49.40454249303443,29.978553778703542,195.13238569832987,191.78975173031074,49.05368652188973,43.90069180133845,0
52.2783220557315,22.98906599543449,168.86610511496897,160.84841982380692,47.090658306827436,20.454694726690335,0
61.40519031075276,22.85727069398715,171.88707951971594,172.87959687664195,13.788219892217647,45.23794971589337,0
26.651638837563894,54.69009851966984,199.33947465490482,203.78196161724716,40.553971067296345,16.28668795653288,0
57.3996808060795,51.26328973079135,174.23744307556285,166.1598904861867,43.230930110882376,42.56079590036604,0
53.743086763083966,58.53252459378468,154.13217701128926,191.61671785830075,21.230621518885542,35.51545995763122,0
14.221747902510904,63.92590453562571,203.22839638876908,190.17229585491236,16.29201470516492,48.68848001198208,0
27.707829763186734,31.101863195570242,161.01570502405585,198.77363344465624,38.757814606954994,24.710342426626937,0
32.51597366351508,54.58696739568395,163.0791142818712,184.96007142263556,16.349817645550296,42.50566431540936,0
20.70162389508064,20.8418060011506,196.79386368028722,164.8026522253854,7.503547273825296,11.739901549156116,0
24.52337591442779,23.92192048715665,192.76831391856456,165.9942113449955,42.66202530165828,40.08566808216295,0
23.50624296744388,28.117431817288907,193.2188567323762,192.56277121763256,43.61748184167347,20.44086751411312,0
27.758390398215983,56.09376796075966,167.0289190317808,162.378327203727,58.67500542752842,40.321142756633044,0
29.876502873057955,51.50675884675904,206.39984969522325,167.27278145928688,16.363681388643386,49.49685872847644,0
53.60849040185586,46.20966982023647,161.6829083688214,156.07896397761667,44.45811480958006,19.55572625210848,0
13.020953731461487,38.583133575612834,161.9955147290737,167.92509142583955,55.01863737793826,17.11364493607338,0
53.41732388548907,28.81009330569626,168.16111011087978,158.28709573791903,40.28502569961432,8.769751136040014,0
24.044394597086,51.925349594394696,194.04504703705226,184.3172446084152,14.649619656455648,45.14898011735968,0
53.14595932532444,55.941561100515216,160.4286782391355,160.12376858957182,18.105312770384433,8.05304281324291,0
55.63095806361156,60.20796663487575,167.0172177736853,160.57890070162586,14.054250907301746,44.477707028282204,0
68.38695497624185,26.727045287801374,200.27876855940323,164.0672308062792,55.4735567818159,44.63312911826799,0
27.145431587730013,46.911220422669075,194.14695993006498,189.97809722650393,44.22185813443485,24.531019650461406,0
62.371843676647956,54.40743908399512,171.30474412103598,188.4091679528853,43.5190926708857,22.730106392094832,0
67.23730344797092,28.95456440232854,188.76153410217907,197.1134210908357,37.16380903712702,45.674367491528436,0
20.730700555710904,65.86796772234688,163.21329537842095,181.13916383327907,18.592534554281766,48.548724406878826,0
16.684170879760607,30.93183971610134,205.74112611424076,169.853654534293,18.07613935173441,15.163504286098219,0
65.464821402452,27.16905188004891,197.66779123625233,159.45553112967477,37.59697348369637,16.812621399322826,0
18.23759273435453,58.55935965514193,161.9379841026281,192.60989170576653,38.44534844760259,4.95303854609462,0
59.332307520550685,52.7460751503771,196.256403789202,194.9931159750538,43.707519942896695,22.689583291987994,0
45.306858742134814,50.591997114517866,163.95579520632097,197.02022957311607,11.591554165787716,48.005700957493296,0
27.098348422731874,29.035736556904922,166.31469715722727,198.11759586961443,43.56174200068331,15.860339442169746,0
23.43594083142887,19.675121944039585,155.13358922657264,196.04435389034126,41.249846153473634,48.32161951553539,0
21.784641163112518,28.013367929902515,165.51641533395235,183.35146435474334,37.013837931213544,38.96301074838381,0
28.539774566626882,23.816258219798478,202.4828419205157,191.40349685490935,50.68933483461365,12.87513183588029,0
23.940840892345143,21.841790620994686,197.6552941901346,188.97961301183125,46.91164127413488,10.658609147017188,0
48.91578002663783,25.119090909136222,162.6634304661194,176.3560434188299,17.272969281031422,52.05951439537951,0
32.253273788640534,59.46784000706925,158.2306949429341,168.77392736324566,19.94420354399282,11.305372815151314,0
59.83831877329209,54.41101718397782,206.57078215251386,193.67474759033433,48.148991079989536,8.898046357452836,0
36.29019618901772,45.63959056737899,198.00317396303467,203.27092272980593,16.024147709651956,47.242443515501314,0
62.51306828640107,21.514814892245045,191.82062100075836,168.850362777983,18.97523355103039,16.39720485276446,0
27.447484432551104,22.775210766523827,198.91985259422438,164.26420189455123,43.57764530155207,49.779962793869316,0
30.149743477427783,33.80251737415109,162.37577224443444,159.09704520714348,39.801441218867225,18.68897420962567,0
22.937851011058505,21.283814256228347,199.58151615275852,158.6574507624752,17.69417334894336,46.58599575580933,0
35.072442054521595,67.56735966629408,167.87184395612618,206.10343453179814,47.579265044366664,22.36039934816032,0
15.89051494816397,51.124513679580346,193.69510847456743,162.29620482665368,12.998613893432482,12.098437075281161,0
58.26057494233357,31.988527158788084,193.56906269123022,184.6003901348709,53.627295232581396,12.868055448143297,0
23.122064970880366,22.91146917480731,148.36908667440173,165.7979827335672,42.5723957090948,16.096737878485484,0
30.00418766032048,23.6813523922435,160.30786564416047,165.84238649592723,39.627089613843424,22.49529909857143,0
22.08205062486816,26.819668766062193,173.34864448945936,179.0612012429937,56.588745923602765,23.84312315451422,0
45.868989824439254,49.08782746246775,163.65084747009303,165.81641566237218,10.284031479554564,51.113448607272076,0
36.93669825069389,45.411745690645425,166.51438633200678,182.86622236101965,15.136897555941045,8.192911093136892,0
30.87054884519784,44.19432371134517,201.02847086634384,188.95624732218587,42.33113030937339,8.26995797014236,0
56.724255129990475,59.933837595083205,184.72725049735465,171.50340170622698,18.06206902808232,51.92167228869292,0
61.973089426559525,48.03813119607552,171.30055356049297,168.2641428058617,17.894453881656077,18.917478321576002,0
9.43204627813041,47.691570800626906,200.30555666245388,168.38989288535927,10.959362125444159,47.25644769744877,0
27.572409444954317,64.18709861739781,162.46466891020413,203.47660361852897,19.29666098743382,17.515431061190593,0
16.0657862958856,59.3845913368935,156.71045793912037,183.85314742671278,17.931026354525237,45.28939753262473,0
17.522607509506674,48.531183511754826,173.34697070171023,192.24114808390982,44.631636647981075,7.737997956102966,0
59.801636403398035,24.749605507845654,168.83995621743927,198.3467962179602,16.090958849899156,48.56028991211299,0
24.898132477030018,20.598076817681424,199.8802849500117,186.02432635045412,7.545566278144451,34.56686239781023,0
23.63949137608417,62.53462400714213,196.44878685351176,173.48866217543795,22.71316504055688,12.2745023435569,0
59.38265264142558,28.576683051981266,171.27164675942544,200.75607089263588,15.749459525788716,12.444435048364955,0
28.840338705064703,66.8463311336364,183.71472804398337,157.53275150762494,49.806126275741974,20.95059998438227,0
60.26911720032564,58.00013974777945,204.6997658167526,196.89735421525728,49.25473625796137,39.870562503734845,0
55.70629015924079,20.85509025624185,163.89448067689267,158.06479237556562,43.58726365863572,22.92598404991129,0
61.068550922653756,22.401765320935276,191.6699988385134,198.0992244936389,18.563081569160115,51.752545850509904,0
23.60247342762162,28.27438503869214,199.64138360320086,191.44269781720396,7.799525425785324,17.256773304515733,0
35.84018653870507,29.015459451388484,191.45625612268466,199.59073757419424,14.848289504662361,15.572914606091407,0
29.357206969174317,16.571834816600923,194.16863446040256,195.53171882889478,49.02370885253602,46.342865335788076,0
47.79809491210861,63.80975451732456,174.56903929910044,161.92569431414537,44.297232222944494,42.519220800316546,0
62.97408370454127,23.011163795784164,190.07890896649167,154.8337025200568,13.78959557393459,14.428181792407043,0
55.952650564050764,24.35443746412652,166.58714014222087,184.80056108311732,19.68549456867555,16.737271388158437,0
22.869059594203556,53.37618620940336,191.4351852690835,200.21860530812754,15.921286027757294,46.30826073143069,0
15.468444470929334,65.83020567040087,185.7771714632634,197.17713582935684,21.108478453221053,32.6197228690269,0
54.85056387805524,38.87407279563095,192.04259050074046,197.4652628555026,23.921556874168196,51.42678603955502,0
40.246561793719735,55.1457246683386,162.87930573836508,174.37290881568964,44.816609690666226,9.079876527249233,0
26.784980225900313,51.15449378884426,167.18492359261452,167.97504062408964,45.59361372832011,18.288089207296302,0
25.35801353868625,24.557610592312532,175.516884664956,172.40025942098873,27.09436230024839,15.305139477313196,0
26.431623262654174,47.58564066111833,166.90362067731493,197.0598129666522,16.338684040117197,46.33184537429004,0
53.797456349976585,48.01422510351979,183.1706498495876,196.55304944497854,19.847612485879058,13.644830751049259,0
35.57288642209449,30.05545470895383,165.79569893031643,187.2075779777323,44.33549285837395,23.9692917338933,0
29.208923316939526,53.67036871099263,189.907560195178,206.11566112560996,47.01228113526423,43.91398119761126,0
22.428216121998073,47.630087150957806,166.07049730643556,190.77339296492272,25.827401669261118,40.29917687357282,0
19.483889994990705,28.53500236316257,159.5965534777853,194.58820745150408,34.63850779939388,10.086520042746372,0
55.604057523940256,25.200679460012744,188.92179446559794,161.93509582440737,44.264908316061955,11.824541998110668,0
54.794513451033,36.6315335247159,162.28508835062124,196.23585127074324,28.909425365567504,9.20610046489772,0
21.42722853949417,51.860407201143815,184.5396882167479,168.11160164026745,42.45858494483521,47.97993776220078,0
26.394028881771213,27.053106632433135,171.9946398256814,201.56761612200776,40.68332224185734,12.308049787770319,0
58.037799043218634,57.496802034562016,193.0577012616434,193.3282031692521,5.367633475491196,12.219805386526193,0
18.171444010547223,52.126573827969175,171.8941606677988,200.0122607444271,9.05319459154222,14.721650515223164,0
21.464597877509632,60.59706921887536,162.62214826152473,200.0625971838151,36.35789877185226,10.572138340649124,0
23.052268616568224,25.626742204530505,170.98601619618847,191.94124972163488,35.62086865586907,19.974784584902,0
32.40051359602115,55.57349482438152,165.89363217269067,165.8210330827267,35.738502303548884,35.53374915408532,0
17.40864295440838,28.813334374832177,155.84211728024238,160.70484427182504,45.36923734688991,20.97146516715003,0
49.69791676449401,21.396906821266903,194.17523109447671,193.76290921768555,38.38786073471525,21.71737409975492,0
58.237028413361216,60.83237845561536,163.02791143829484,201.64459976020834,24.4655632178805,42.16375468109194,0
56.63388864127219,20.058315515863423,188.44104888474524,190.2465519838823,41.75552948456263,16.20769025464429,0
33.31031739627254,22.071091332017314,195.15748795984078,158.49731169491747,49.015633698479554,54.371596051540934,0
24.29627288418875,53.68555279916642,198.6104614472415,165.08065076278731,52.91257791808488,49.22328938925654,0
22.51258088637463,22.515577734365962,178.17415972557433,194.73694903645628,13.166565340748832,24.707209339816522,0
54.23115922211831,25.801491990485026,193.26038546307268,168.04959831865733,40.15130486773169,44.36025343983117,0
22.532210486923912,45.114399252009235,207.0308718033976,162.25824465198855,51.34956174235702,36.1180081945068,0
30.18436152524326,24.49879318755914,200.25341613399542,171.3949045080659,20.90993555823696,10.671441324116648,0
24.090385050229294,51.43262148224935,196.65511709927173,167.6235012902206,7.605084516785652,36.74216481213345,0
58.60445394778904,28.414960475298866,160.74427022231305,156.93625909947028,24.01161958986542,45.425800746212154,0
26.826011529809556,46.3787726843814,156.2598659671811,159.8630678776071,13.123526912965911,48.14794258969722,0
22.831090803961562,18.299058044374075,193.152821963425,158.8112852770961,48.14568377867779,15.895527252035096,0
53.39867408069294,22.43929294490266,201.33883038370254,190.22903438193,53.16284597952557,17.516327421403535,0
20.801606318436935,66.2641040027239,155.09443261425957,195.84178616156566,10.012255798043926,49.569762746765036,0
30.03801010391581,20.08690681630459,158.57388603221565,169.12434080692856,35.53756702245441,8.478206169367057,0
58.39678463545523,31.003884914041265,171.08723127435272,193.3896960185902,3.073127189426014,33.53685093451175,0
58.4957535230643,55.652925377379205,190.0705640655897,200.48617891913665,17.168554650171686,39.4150695030066,0
27.790338593896944,44.791199229803624,176.98232937201323,206.45460866465714,18.96594106795702,50.87062717431936,0
55.94733577688289,33.747387965812436,199.9619313094282,169.8781556117373,17.60500318125472,17.215538071021996,0
28.28136481934212,59.325120685804386,156.68667401383496,201.3669740576141,58.838003452127666,14.625939630489082,0
53.67200832983108,65.5798562522649,159.01392319722885,199.08431165425245,23.521684456509828,42.37074724188893,0
64.124612397049,22.467520189874204,192.27851220527927,190.35049319517023,44.06683893806803,40.49361785797749,0
23.251761596667734,59.37535579234017,164.20853758486376,165.70412277095687,47.11041090707806,16.74275326874298,0
27.452791725701317,51.313320883068855,212.01078158260145,157.01609680113347,47.76898049597607,43.10548081603982,0
25.969720091157164,16.365897174749872,201.9694059207089,190.71047187481986,50.73784209898454,14.206768187092859,0
53.72836081842442,60.35034981843391,170.84705724518517,153.8101748075127,45.31391370128655,41.96378381283545,0
18.0906602809599,23.129101553336433,162.57012025709284,162.66367254901778,51.839419214680305,37.80728420682655,0
27.29075552672905,30.64594242919192,161.45624286193294,182.81215691279027,16.9848640489154,10.401959585626448,0
56.02782495725632,65.55274009406325,185.89720462185304,163.09234891274275,37.50321485741871,51.11186630708251,0
32.62757695814459,17.519351762435733,163.42186747032898,155.42114632548888,25.641626284397706,52.969561725523235,0
49.82677503363379,15.596543964083086,161.92946309694932,166.32044610399467,49.41332339026135,18.07977815989093,0
16.248654878261647,17.824438906429176,205.10869130970062,186.9221851267333,27.577580645154264,16.189323233672027,0
58.108982523747585,51.62932870322783,160.27997142847548,193.72816063076618,18.760961752013497,10.008476277267066,0
23.136886455263838,30.366986767176314,202.62036651826872,193.73770472352604,47.782570683021255,37.27819436698733,0
52.60268291854771,26.94553609128384,195.80001072295468,177.47730209465703,22.468453720208224,10.65536886770716,0
29.55631692123164,39.65204994833039,189.48347398829134,191.0682445793003,18.884785682331866,44.42075620961339,0
26.591773482496148,22.816173011031417,164.6493876949088,172.34272295953437,46.8222766317657,54.6391334274791,0
53.53898272709878,23.91675822685836,192.0174728879181,164.80297418769445,17.202590694911926,54.61415432756124,0
51.112346863160745,27.856954693089698,169.12291875090222,170.4091716326369,54.51460651132521,36.310130656903986,0
56.89039400663206,56.323219137140576,183.12747629861252,170.9354282869615,11.186593807635964,10.163699030730351,0
52.714958931555785,57.571323684745636,167.29960053295682,163.96732201494618,40.830017264686695,15.992421569279946,0
20.878349469915598,60.27926257494212,161.74779979181864,162.23895192368855,45.62988668446436,41.62000858819335,0
61.66189290147429,18.224309633176112,189.35306023094418,188.66424866321958,45.65694573695062,49.03900046904497,0
51.004417334925336,32.80773038887723,196.75836001990257,151.08661152390533,22.55982588243914,51.70702073765624,0
49.409440091378414,45.56527087525414,160.22573658144609,162.52406497306836,7.904033355134214,47.97964849746084,0
24.46737702922605,58.24739142451032,162.35856467452675,165.25312644844692,56.41926806849798,39.48979017333008,0
51.460262090723376,32.381291184568354,202.91018645896798,176.54476819842893,9.908771812800033,10.357827128239476,0
28.015494645648516,18.493089869641867,197.59796381038763,160.22841810616802,7.213192936835821,8.04099172606907,0
47.93617369418095,58.979918839298534,163.15091799057782,163.26949970117724,11.628258277585795,46.971160544258154,0
32.336797549289855,52.4322058515359,194.10611889618932,192.5915406625743,14.149989927938428,11.544265323012674,0
53.60191261008249,45.182564349600554,166.84522312832715,189.40372229547577,25.334184967325946,43.2069302104484,0
25.47964780203119,30.165983591111317,165.5548152001306,155.54814854906368,50.44413343335806,14.346015241145338,0
60.55898432990944,65.65755772839123,161.39155451517942,192.19950853316772,13.002112867464731,51.50959620992897,0
30.53513872865188,27.82002042140205,164.35916674921285,159.80311686555814,46.657883514230996,39.14456262784708,0
59.99668209638505,15.738033958309769,167.60257149234033,199.7795437515082,13.496255923882922,40.42308772353204,0
57.47811115894657,59.64681917536224,152.3998533376841,150.4937020402151,46.83406483073814,51.692203619430586,0
47.54195495884589,22.329786144157577,198.5853873276611,202.88357410510272,12.734330829256072,49.249383456371284,0
30.24632201046949,25.68763385369902,162.28294163446688,197.5355960531502,48.031424315984914,5.148030860106709,0
22.2173598689934,58.815673345431236,164.4249731008189,200.1460617543375,10.82818551440317,53.651534247828145,0
17.64488062872465,58.604338300193405,192.79129255209827,207.4533418279056,36.31877608164541,20.315434509091347,0
61.423116288458885,21.168273412282673,191.07032463968594,164.64197225429268,24.788356060343503,16.98964641656656,0
54.648457638849905,21.71153227979186,193.75821477202635,198.62857541479852,30.806070279792568,46.19592483113381,0
25.374245501927458,16.02089804983708,200.4136510529743,173.59709319841437,43.6883458593854,38.93266638980974,0
20.12064941746797,31.186318065172845,205.24064209747496,194.56571396726267,14.169724775504529,24.26322874988511,0
19.2542778053077,21.758608801552143,193.97784424068718,170.68705165178233,3.520428937522464,46.98872340996426,0
13.632813886217903,17.38499362486878,193.7673149789641,192.83669837017032,15.01856735385946,10.963266077666496,0
30.449331306770834,25.9619397347341,172.67198971988208,159.97976482701182,18.277548687866087,44.54234247105895,0
52.66415259764098,62.648551009617265,161.9337216855233,201.9023448756856,16.396662160015957,44.99415860672781,0
19.24320196380625,18.067456978036105,169.2368961728963,194.2152538585753,38.87019189751631,19.07855651386912,0
27.959235747873763,26.670603772086757,193.37231856475256,198.0282292227073,45.73401415294011,16.39766142910704,0
23.79359118096073,27.048373865538583,163.2656260822983,191.0692612389548,11.30723208161897,16.740293238927663,0
57.04046626211542,46.663018360934416,196.900837892933,160.99860288256338,42.30057645933978,23.047397357627553,0
54.07696747127871,56.25652917620992,165.51171397794363,156.35215674814367,39.968221166178346,15.76148752787584,0
23.501050539366716,50.09087874446225,193.7207040453383,197.31092393713672,45.96821876075622,15.810598208635477,0
31.330404139038553,22.53801026065278,193.41278035990135,187.92075000964715,43.61782549796659,38.66987505627029,0
17.29544540113985,55.27446801346389,193.34820657682442,198.91595126985533,43.14512432229938,42.330230782611906,0
27.374239673442286,56.80110105486885,165.46446112362105,156.19539370468172,16.801044076856627,12.273902345862714,0
27.45191649674641,58.732939018097056,200.37432794110882,200.95934926106062,42.34046727256717,42.804842255685095,0
35.54461335567485,17.073235570560204,197.6450378148051,163.95654018379176,47.83673166280718,24.007029453192708,0
28.4557399818571,25.56499802995424,203.48343186528416,193.11251808450848,44.786865176802074,38.117839262072,0
29.56410823286342,17.12911598125312,197.83130465746794,167.1311994618857,50.06148837548084,21.162563401327315,0
33.3016610719279,50.3247516903761,197.56480003051513,197.02335556521018,12.734094423476174,50.073091487990915,0
61.73055038710136,65.09203142649159,158.3773638312612,197.68117926345806,50.59612788268645,35.386024141959055,0
54.726835963407225,28.713111671026706,199.71999266162746,165.61645144661102,19.562919403039594,22.001673837653833,0
14.152333853509905,27.092783563484787,158.62188493278168,187.33378284328322,44.234765755725945,16.735864051037538,0
60.91491783875377,20.58169212412331,161.7827392326746,182.9638583152962,18.79299899238397,41.354099418864934,0
27.83771977084247,20.391320536890166,191.52198703076152,166.49833765161165,37.81807741951821,47.249391332166006,0
57.66915006723319,43.31572810854046,170.41684608435588,186.339268343655,16.659959192554847,8.456684568170102,0
22.1014468327102,29.993161981411124,194.62855826769132,198.01047044824378,14.88909671619712,45.88562460709394,0
55.68048659237181,55.653676125848854,194.84452298376488,156.53473514747438,14.720415164422752,34.81445724444586,0
23.33853788944326,32.04741106513427,160.8259923272686,164.14053583188175,41.90232591367553,47.356718658962855,0
24.358098898322016,56.40238049988815,206.71326727768815,195.92114982876473,44.34077513086711,46.1885746612071,0
24.911774977227214,18.16996475437293,193.1747887128887,203.08845236927212,20.661347061165593,51.574056791311314,0
18.528022469017692,54.61898229588201,191.01887391470692,165.35862910207538,37.30616782677228,53.59806398130687,0
25.008080426418914,54.915619221386,158.22394782541699,188.00736535545246,40.8381988620116,45.45917152072011,0
26.00667459986184,27.758200665878988,160.22286354787437,182.476328967289,54.809162516583655,11.39892300709991,0
30.998747787358223,11.753182708759446,160.90438345938136,192.55481039554553,14.397062910626328,16.14006702251107,0
24.534107005787405,27.581940294013396,196.41057590093132,198.18137837717387,46.098919728017194,4.826919919898395,0
21.980279046842774,60.96565990355083,162.5763334409514,182.90887978332836,51.8016080081755,45.02280675997825,0
47.54440817380154,54.90538450992959,160.34440691872803,201.72373053548708,21.240383706513967,23.813151939298606,0
47.68737159500367,32.68819044394901,196.73875810793066,189.96958481811177,15.412019181480067,45.33456809492,0
56.304707184260664,46.560030719572524,194.55209629528707,196.5860806988424,41.31418751933862,12.021284220973639,0
22.220089360740886,46.59177714190197,190.98444494730435,201.48290381363884,12.103856126031294,38.23518555303124,0
59.64883452839379,46.41808054161253,193.66047869677695,192.81659647020766,-0.31959590714589403,37.72897724792287,0
18.3311207241134,26.22434089303703,156.40845231274187,199.9822066737099,8.810535963213907,12.2250111945619,0
57.775788255626246,24.911967470309822,205.6305148179402,195.98346352626925,33.63374625466227,16.944241860099858,0
49.1064104443885,58.5722902016734,202.69870110755232,193.9494903794286,3.637565658706949,51.34672358882354,0
57.848990720835445,32.952560921824414,156.3813482136564,170.84388716143326,40.962786468727685,6.9661084019660375,0
56.09173122741009,27.192990129824203,163.51458710156513,197.55390174577656,5.006171077247764,16.880376175066182,0
61.73412568802963,51.58217384761293,184.7038427418275,171.838319779784,16.49207817853181,36.646915870605966,0
52.552136265697634,29.65146511881148,205.28558350121818,157.95174221364277,16.918211980711334,15.822731023104863,0
51.90631598599367,45.33416166955885,169.98600766453237,171.81539671608317,19.188991740282027,45.89755431802698,0
15.40372620010961,25.999269546570346,189.71120522045317,166.43768298927102,17.322548217557184,22.772315355903565,0
24.381862588553318,48.29469082642139,192.5791091692664,207.49393829821028,22.50823908560766,55.337763573615184,0
24.522731987001013,54.09420334293902,202.25334523528826,188.93931509683853,50.51731430977989,15.867503681470835,0
63.83080107866773,58.42807688244427,167.077836244303,163.20285815504397,52.70244258463624,12.590221631338226,0
56.76994909574792,20.37946448983161,195.90979891365734,171.41010122890927,35.234044754995175,50.06991587450692,0
25.682610086633204,27.304286134650873,183.2512569470633,196.6657800523656,18.650699655978453,35.98312538239811,0
27.70158443009565,55.46053549977118,159.2944649379822,205.35679707308418,43.99297864080108,35.64235895152563,0
25.42695135367853,53.45423777988297,161.5868049989302,166.87486091414823,45.92529096434956,45.89101227541104,0
23.243104154394942,60.04484316631732,196.2623032707663,172.1945143957314,5.170707929757623,14.463991472051825,0
27.823702385859388,28.851187138004494,161.05344834873432,197.30025662657573,7.531381443973186,20.150537870355482,0
17.015190977691375,56.03937085548416,202.71993647174375,165.6090327990644,5.476499938501694,17.180669044184153,0
56.919241639905685,64.9896032943554,195.54754695801157,171.1421913226241,36.675125620165225,52.020031749254464,0
50.03332271685093,52.60258230021067,165.22061893293042,166.5092462098219,17.00320878048706,41.309526962379195,0
61.43990588016823,45.33057599118862,165.753905084268,185.30902591469945,43.011365423998456,52.03843185167185,0
48.12614558884647,26.35801491391346,190.13090275305296,195.52854445118012,19.459652185010455,13.981059253829063,0
58.67291404194517,52.06160327164916,170.82339858725777,162.13247798389895,16.111785208436494,51.60559479298902,0
56.16821523888994,58.16678894964757,193.16818658293246,168.5917021731789,35.27542147226803,18.132476533244102,0
48.24533632596401,29.802128348768274,208.8692045745786,166.3236459962742,44.648819539335754,10.980365205086013,0
46.626656605044296,66.29590810391305,198.55799778561922,169.3967535417997,42.56729694350454,48.66828003813635,0
62.269406380046775,44.5726800330097,196.52897435530045,177.95007659069722,25.21386510801986,17.074458247946406,0
55.87211577045203,15.570504402969663,166.7159836724914,160.15077966576675,17.105110115412177,21.80621640340191,0
57.26268748175,16.64534234161391,190.72998505446455,163.86492566275075,47.80164470798307,38.51254102598557,0
50.01962949630479,25.514772929545494,191.72965258925478,149.05153210336843,33.249472710529645,39.95007445192517,0
31.453958871275425,43.19542483751847,202.09295715747777,158.05140166818282,11.90649060112641,6.668001034204784,0
49.99042373281062,58.01154698533213,189.3997726819688,197.8715070500925,44.250244768405196,3.8515341556684977,0
30.433825815448625,26.18344295363122,190.05212601775781,185.554930773615,13.209615307693955,13.880778438643715,0
19.20309788157178,54.76537478474125,174.02523280298155,187.35160401275306,52.631092797247554,11.921199952038377,0
14.212719886477089,28.19869748758986,180.4873715521291,211.06340496041952,42.22864994479987,10.69542978838389,0
27.187575684489058,29.435217658501855,195.32225497364405,165.7093651880453,48.11198453289099,21.42668444269029,0
54.07230358128295,52.49859525716446,173.82592316609947,202.06148292176113,4.678645289879141,34.62419968822652,0
62.83283074827777,23.29499541341089,196.77581497052464,192.25027562460988,47.40203114194283,43.63061871992486,0
66.72188372935435,47.21993084978402,162.30607929055913,164.64021443987036,19.302749696950954,44.602433624600195,0
25.928133180560135,52.2117142336403,196.54527070209886,166.9075314541664,6.830242851356523,49.095819115219,0
44.68429686381701,47.44782843904448,162.13916665159948,198.40514925407868,19.72232992287522,49.12785733459954,0
66.22058878473595,26.254511057302047,173.73312283356938,154.6331721253728,44.4780243828916,10.044669921220542,0
51.3338111857835,56.428254653821405,194.0781711699317,203.00439544310004,16.17373153225835,23.59591638584172,0
32.47240900737827,20.685809721314392,158.82285888510827,163.1444542788615,24.58483053526902,23.359567824373258,0
40.434338986416286,45.43351334479317,165.80013677255204,190.3376505884919,15.51969543578986,46.88936898971682,0
50.55726380398,57.25739537334941,197.95717526211394,192.80127763188895,41.76803913841427,47.09072615780461,0
23.1609995066561,25.432514514173892,160.06407042714008,165.36968226467326,42.36950930765892,52.45304171493149,0
19.0695471012542,25.9664964035232,160.7651912323001,165.23652148552884,47.54873555544796,14.523157488767897,0
49.909155782870215,31.619436478949826,164.32223561600753,159.21460148499153,39.10474779593993,46.156856792253194,0
60.384825977063315,55.13767914159261,165.0597420737987,187.3951835424782,9.399421842850256,54.45399552310128,0
29.866128240531182,55.11861010620262,197.34254246252627,205.96695966949406,49.97441998939967,17.66766931672168,0
23.64606179831917,49.78786592388247,158.887910021412,191.39893422438143,55.05514327239468,43.34581661342003,0
58.42843175748067,50.5161192123514,186.75392621853405,157.41461847277685,19.057141610551998,28.43848136924512,0
31.86670371064029,52.28084803699585,156.279584957355,198.4159491265443,26.930573161451132,43.46442791066463,0
53.745990431429334,46.24682216685871,199.70393180947514,189.8131170945813,18.495526667952355,55.247652721527544,0
24.532167910367,16.88007608156758,189.57873017833575,190.25809425900573,11.994542767744008,55.62997885082763,0
54.704764866717,11.338426851326469,163.07327072064936,199.51725098051213,14.73853893716004,19.22936050947121,0
18.82090968935286,27.908387850140734,161.41408308227372,160.51986325756098,42.02067128680123,54.23139949648376,0
22.07319376632679,52.325826976832936,196.10145988499355,174.1420176249784,24.231439370878455,12.928289968173207,0
26.327688214502196,34.55060065176997,161.2451826954916,166.59723659584012,11.369640843182529,9.664061967979746,0
20.372525373514076,56.25929921353433,164.63683642775624,172.44755646916428,41.09879423983301,19.526107077564617,0
20.260279606564644,49.63599447570429,194.23205128646555,203.3310536379303,9.099494732449982,23.185979727619497,0
34.96156795046943,61.132146118343364,166.66412018114818,168.58294749060144,12.044728986415857,51.1101833395566,0
28.159595530606406,56.183304926660995,197.75570537010017,197.50055171330035,13.968392068187296,16.340225768418218,0
36.78417095113095,33.659587392962194,173.3974377373009,160.93952050443076,14.063589197412872,57.94126416103653,0
68.31682167103051,52.60729943374201,198.83723621821176,156.24143929169776,54.66428150823988,37.69671919483595,0
27.929835573869386,29.269727094154437,169.68383156899367,156.89305862882682,40.12692219898115,13.485923221051916,0
19.989450790765616,18.905989086826853,192.85600518845536,190.84718563794948,15.489355998938512,13.92886069252116,0
54.42765695501575,26.670926385579428,163.08894739803367,191.73385993516266,3.685699387587807,49.26959514340641,0
48.238143327053464,49.23702267060467,177.4039487880923,185.39565426155482,18.79936578816455,15.769185771846525,0
32.75258840664175,33.0460412758181,163.6282799204264,196.316522652213,55.82987597840773,47.152688278734686,0
52.67791748930188,21.36377170203634,196.2106431698416,191.45001551975218,8.653731363640517,49.459902626069066,0
47.174800106644014,55.9987639810703,205.11044208362165,156.68244174098368,14.553097691700266,44.40086647887847,0
14.783156177341715,32.08408898808089,194.64383908160997,163.49463470517009,17.467329984377425,30.02287852458518,0
62.04783298700117,50.27732339419698,196.09749624312408,164.79758262017634,12.334972530932518,40.99763873543756,0
24.101790024765023,30.10381626061423,206.6598428064912,170.33190468084828,39.3109759869854,45.90513488132004,0
33.235758355105816,56.812804417388165,161.5314006701206,162.83325854664614,34.04972679814769,33.59690914183392,0
23.314348226444768,28.09541895595936,191.3421822590775,184.1354939591055,45.40839083876064,12.287871003428116,0
26.633767603207456,19.850665210426886,194.2598554557497,165.31049444223217,35.28834560874037,41.944288067328124,0
25.835491050390864,31.25947605937451,168.6269144797766,164.49649742077995,16.383017243004826,39.050593859986094,0
26.42592552087224,22.69243182902323,166.24892090231967,165.13949085778296,16.774094096705124,43.615359096649996,0
25.770511718141446,28.067818016169785,159.59109753401637,199.62789251491873,47.544102707917624,48.94574892239223,0
69.11661011288211,20.883973122347108,164.8937549852233,195.82296078889203,36.872957325075404,45.084923045920576,0
24.381457659807744,18.904644438219105,198.73428358649443,189.94369884155793,56.614397418071725,12.414261595577704,0
27.393370775270746,50.523314966018276,167.67976550678355,166.1771866141315,14.973958610096908,42.052530596986465,0
33.497756281346525,22.598267399830448,199.41087696125234,159.33426825470758,46.681729383675055,21.76881930243319,0
29.261389959887694,20.873004986075436,165.15244402121917,156.7112230977693,50.337575363591256,48.39683632901506,0
47.34041548929762,60.61708860685611,167.1515303854902,193.88069019502717,45.8408041184533,45.330538038713854,0
55.38850906239622,58.14713481190133,189.97240418440845,170.59940166442377,48.48166171668688,20.293479690026146,0
64.71101443566953,20.506604531175064,203.97287646822312,163.54600630128806,43.703631997628314,32.51500274484798,0
27.61705844369425,32.04600341823358,194.11308260528298,199.4070753263383,2.9096577167206163,18.229126361397764,0
52.585657209065864,55.735704670303065,200.61399323510375,154.6902833381675,32.67317391256078,47.23464815001979,0
50.361957407612536,22.140521426157797,169.15544174637103,198.51711441014183,42.612092887629856,40.552385232117636,0
11.904234232344269,30.025620507514624,160.9804365240288,201.50131764291825,41.969877326939596,12.313337827080566,0
57.77262461152037,25.41128865413531,163.0819420389295,174.42350102016664,14.624549326613897,45.27875518234703,0
14.549436269936816,14.309260868988865,162.23518908814594,161.36223412394006,47.30046581215037,43.86250417207257,0
58.08442226636877,51.61192984540504,191.67514839295703,196.4866170577994,39.840889530631216,42.87742596779735,0
51.73964051793325,57.510286644081035,173.15827999939043,202.67207599226828,18.58127535863978,40.296984642916115,0
18.88942733499461,51.78244412788336,161.8956228496895,160.4344377924859,40.17647316096779,11.121654837218333,0
49.13379248561149,51.16731437418113,197.72306536251148,199.2566676808715,17.590025606091928,45.53010016351629,0
23.33610060565164,27.586046016111396,168.5386463984949,186.01052794723017,12.516479534300913,12.196582657697114,0
29.735865054482748,53.00974175289273,156.47097532119508,204.2489630969439,7.52605541650081,0.7876502238398793,0
31.384736374863554,26.97000737379592,161.37985834876525,160.92138417170855,13.497249512685725,41.68400639370129,0
23.380984560998634,32.73280639413264,194.30436615223368,191.33301178536976,18.306784588196752,15.985561448576291,0
23.544335069862644,57.271970503939315,200.22942742173666,159.77907518296337,40.45439352599777,43.72862154744132,0
56.45836352963158,25.073379569057888,170.5967539015236,189.19399762142973,15.46496454567702,16.25116906160847,0
22.986018953721235,32.703398044394625,199.4238486403231,168.57104929055106,43.08273952488986,16.795167989062016,0
26.990828132428174,65.1518903015167,203.24542592658304,203.08132209188477,41.77965831775477,18.463385771666488,0
20.862517020055567,25.519311347810557,190.0421755333302,163.45152577559446,4.317179227627808,17.17956928655144,0
15.230876065791811,64.47940885984464,168.64901562539035,164.09005047802563,38.36149972509161,12.384992281333208,0
49.41349593054607,30.149259176191862,197.3481063635091,204.48941147030644,18.619970051989892,46.232328876180055,0
59.33095264445799,58.807621096644446,202.72752107357815,159.93823088085105,12.770736213742778,13.864192224961345,0
55.78020173485411,20.91037751103434,203.0978555648306,196.63394838484152,47.587510950411996,51.37732710952122,0
18.972435368845222,27.607180733784915,153.60777460832432,191.23622729986195,49.87158865670138,38.70574216230625,0
56.72727469886768,49.3644420497326,159.90380275054792,193.56299353614043,49.2289468864338,43.967620839196,0
20.753169869603738,30.422793367702603,156.39449169981344,192.01837425620278,16.63995638308322,15.237369975673676,0
18.107731845988404,23.030245471462997,157.17283094838416,192.8671203528453,48.77418012808594,25.23327871611759,0
64.27657253071406,23.22238033731652,180.45609424156314,166.6505237877812,46.36076953871306,21.65671936763502,0
21.49200384150209,20.331500980124474,164.13768691213255,190.28975669761408,18.925020552176537,55.30485769701131,0
48.64587169404436,63.48799517763643,193.76069366373957,195.1017404276748,8.334816840247987,41.95174447265177,0
24.235264836715288,33.94415365589623,169.44149327400808,169.63419529900267,46.21667673635306,46.05725246516467,0
58.89950158377743,28.406262121872455,166.07593681907827,199.5361317246786,45.340491206919445,49.92782668757393,0
43.68788443916961,24.776280995009365,154.88710632271852,194.3705597342302,40.500140494243894,55.70478632137936,0
24.739706197964175,15.316321987886294,161.01178876362036,162.52540047613797,17.284504226349284,9.889893857182297,0
53.76886474230335,50.47001013094741,194.7244641437827,157.96156835520102,45.13375319799714,4.992735018309935,0
24.893491276402568,56.23592437935167,199.68679616352696,196.35544372378723,36.94821949704417,5.449729239459577,0
17.513065866832243,45.84842578220396,199.11445913237404,200.20809022548428,43.00428715052767,14.180409717313076,0
30.028136588297876,59.16584561398909,158.21742834668473,158.68951186900836,48.492227211397854,43.049372997525765,0
49.025502780597684,53.85088027072385,207.11360496730046,159.642333264264,53.45927188242532,17.113077377911946,0
20.314099708957876,30.638663188587472,201.05215461227908,190.02122195395978,24.314064265446596,57.55236658844544,0
60.13054261254242,61.424149524699345,195.53708852184022,184.5866763744664,12.44066353360112,48.96415445092162,0
46.25675037050529,51.3759630201601,171.76256287480814,189.4317329140243,14.948019233963606,45.064803562456234,0
17.486712361507863,20.652315347984672,196.96421038660702,184.54733755892065,19.71326841000353,44.32396545395003,0
58.46738562387742,55.79010831919375,193.7666961933766,169.6366672615729,58.3470132023472,11.93827410880063,0
32.25020133077465,24.835145646809366,209.39888210524978,153.97185408869623,43.35447252570026,9.75247104808654,0
48.63426474436416,20.721435510693638,165.28927159338036,163.7487058361489,38.760932994893885,2.383794477363054,0
52.74036484731018,54.43364866173428,163.92952847965168,197.79425232334665,37.38865848851242,6.055862439815822,0
22.70945323470833,51.96919538653959,168.82589300742018,195.22748975883897,16.427083881330194,46.021686946532476,0
32.33564176781531,53.65898733393632,161.74445791705142,173.53231345631232,26.09898096853705,46.55933168940611,0
26.113130501298784,61.00946474159344,161.91852140870046,181.5296393103093,51.16726691476653,19.888749940657327,0
57.60055869001836,20.395117730571936,162.04484777285882,195.34784530070672,10.197518471181553,52.319656143133315,0
68.09740435610358,18.431337490316473,201.3380348035248,162.76963439821384,46.91877417943163,40.86596172853082,0
31.312150551503745,57.70152873021375,200.88274816043864,184.59196043508123,10.377325932802506,44.16892860545387,0
43.16378196424849,24.789050105639948,188.83157274842128,169.5464269576955,10.93891902757172,13.58740576383553,0
24.28600083198356,23.063370373381524,199.02903981295796,187.07178996719168,43.878998093155275,19.055832952143813,0
54.27965414376672,14.684813842076611,195.98247617900938,200.42471783199878,8.85767934810645,44.85217131457172,0
54.57823701631529,17.966844684254784,179.21964642208542,159.51952771747787,16.730297350887934,39.91217463443367,0
